# https://github.com/mikedh/trimesh
v 0.04300114 -0.62998843 -0.35006359
v 0.03790330 -0.61368936 -0.34863088
v 0.05031944 -0.61461139 -0.34009102
v 0.05622724 -0.62816030 -0.33856067
v 0.04616340 -0.60367978 -0.33972648
v 0.03495233 -0.60131538 -0.34531072
v 0.05920274 -0.61445850 -0.32898721
v 0.06527869 -0.62526613 -0.32514107
v 0.06730979 -0.59011227 -0.29909793
v 0.07268450 -0.59132403 -0.28839561
v 0.07225911 -0.60123760 -0.29717183
v 0.06559644 -0.59782600 -0.30501786
v 0.06840817 -0.56925982 -0.28133866
v 0.06196247 -0.55643678 -0.28299239
v 0.06625447 -0.55357897 -0.26933712
v 0.07129099 -0.56651032 -0.26677257
v 0.02341235 -0.55928093 -0.30909187
v 0.02999239 -0.55296153 -0.30493364
v 0.03408518 -0.55902958 -0.30865675
v 0.02688274 -0.56465602 -0.31211552
v 0.01265047 -0.56548458 -0.31938273
v 0.01409859 -0.57195497 -0.31981066
v 0.00847162 -0.57285476 -0.32607457
v 0.00845134 -0.56530964 -0.32668141
v 0.01738537 -0.55536091 -0.30505630
v 0.02446470 -0.54903936 -0.30024153
v 0.01793648 -0.56402296 -0.31317928
v 0.01584901 -0.55932868 -0.31243363
v 0.01174807 -0.54902637 -0.31837231
v 0.01382501 -0.55367947 -0.32012603
v 0.00979114 -0.55139905 -0.32644656
v 0.00842266 -0.54674822 -0.32249123
v 0.01541089 -0.55278724 -0.30945840
v 0.01594191 -0.55388367 -0.31412694
v 0.01296223 -0.54973221 -0.31364843
v 0.01159230 -0.54942173 -0.30927953
v 0.01242833 -0.56046063 -0.31980029
v 0.00891905 -0.55870342 -0.32699242
v 0.00419795 -0.55644906 -0.33404604
v 0.00466687 -0.54741144 -0.33228233
v 0.04317153 -0.54282427 -0.29171488
v 0.03718710 -0.54736584 -0.29935542
v 0.03143195 -0.54369932 -0.29579604
v 0.03713331 -0.53984630 -0.29029286
v 0.01333066 -0.54826510 -0.30432859
v 0.01773823 -0.53311026 -0.29563883
v 0.01831733 -0.53625679 -0.29825836
v 0.01132824 -0.53515172 -0.30228558
v 0.01149904 -0.53221905 -0.29975215
v 0.05078170 -0.53460515 -0.27592996
v 0.04325851 -0.53191239 -0.27860340
v 0.04421522 -0.52722776 -0.27244189
v 0.05132866 -0.52964097 -0.26754370
v 0.04201870 -0.52290106 -0.26793376
v 0.04996711 -0.52496022 -0.25994739
v 0.03855782 -0.51378036 -0.25086358
v 0.04477236 -0.51858950 -0.25434491
v 0.03746482 -0.51817816 -0.26475164
v 0.03056009 -0.51227182 -0.26434281
v 0.01582027 -0.51179814 -0.27478734
v 0.00940542 -0.50937688 -0.27692136
v 0.01455093 -0.49987519 -0.26800320
v 0.02189587 -0.50505078 -0.26607320
v 0.01752125 -0.53038096 -0.28809360
v 0.02214376 -0.53178334 -0.28579649
v 0.02252286 -0.53150302 -0.28888580
v 0.01750951 -0.53126502 -0.29221734
v 0.02655305 -0.53200775 -0.28431651
v 0.02851462 -0.53197539 -0.28373697
v 0.02823076 -0.53236175 -0.28560770
v 0.02646865 -0.53220880 -0.28518900
v 0.02413434 -0.53182971 -0.28529352
v 0.02270506 -0.53025889 -0.28423524
v 0.02539162 -0.53126329 -0.28400543
v 0.01843242 -0.52830696 -0.28639027
v 0.00428675 -0.52247620 -0.29190025
v 0.00840939 -0.52342319 -0.29095492
v 0.00711371 -0.52812439 -0.29247299
v 0.00354671 -0.52766109 -0.29372296
v 0.02626819 -0.53316557 -0.28802502
v 0.02911521 -0.53444266 -0.28883865
v 0.02471023 -0.53529614 -0.29329988
v 0.02327475 -0.53342485 -0.29103056
v 0.03233523 -0.53597438 -0.28980836
v 0.03089277 -0.53355968 -0.28589678
v 0.03458813 -0.53423077 -0.28578556
v 0.02771028 -0.53078568 -0.28228578
v 0.03094945 -0.52994716 -0.28016701
v 0.03173588 -0.53124917 -0.28295469
v 0.02834467 -0.52724212 -0.27812600
v 0.02455937 -0.52890015 -0.28170535
v 0.02027580 -0.52599281 -0.28322729
v 0.01509159 -0.52258372 -0.28554901
v 0.01793727 -0.51965296 -0.28018123
v 0.02366427 -0.52347636 -0.27829063
v 0.02709560 -0.53930306 -0.29470375
v 0.03670393 -0.53146952 -0.28104702
v 0.04063659 -0.53665942 -0.28500065
v 0.03652457 -0.52808189 -0.27694935
v 0.03417214 -0.52462351 -0.27371669
v 0.02936937 -0.52056587 -0.27251062
v 0.02276986 -0.51585060 -0.27335954
v 0.01774429 -0.49858612 -0.25230771
v 0.02762027 -0.50486100 -0.25160140
v 0.03283690 -0.59713995 -0.33910790
v 0.04211885 -0.59753203 -0.33638147
v 0.04310467 -0.59353787 -0.32825801
v 0.04499688 -0.59539461 -0.32938948
v 0.03906566 -0.59501135 -0.33285299
v 0.03851033 -0.59333515 -0.33067992
v 0.05860270 -0.59625858 -0.31080580
v 0.05315504 -0.59531415 -0.31568739
v 0.05357769 -0.59285069 -0.31241742
v 0.06046841 -0.59090185 -0.30641535
v 0.04523819 -0.58287263 -0.31389630
v 0.05002699 -0.58534789 -0.31204259
v 0.04574247 -0.58955133 -0.31799480
v 0.04222083 -0.58756435 -0.31947890
v 0.03810383 -0.58632284 -0.32085022
v 0.03357869 -0.58597255 -0.32209295
v 0.03406139 -0.58184338 -0.31817061
v 0.03961143 -0.58162385 -0.31626400
v 0.03205311 -0.59554279 -0.33442429
v 0.02461832 -0.59580940 -0.33352092
v 0.02613755 -0.59399509 -0.33096626
v 0.03240194 -0.59353882 -0.33206105
v 0.01575739 -0.59281385 -0.32270256
v 0.01701177 -0.59409356 -0.32504877
v 0.01313145 -0.59505326 -0.32650489
v 0.01225829 -0.59179533 -0.32321891
v 0.01477109 -0.58886701 -0.32150689
v 0.01710154 -0.59087175 -0.32210442
v 0.03453754 -0.64747524 -0.36148724
v 0.02882161 -0.63019860 -0.35894915
v 0.05021434 -0.64763910 -0.34969869
v 0.06274489 -0.64342976 -0.33636460
v 0.07162628 -0.63692516 -0.32071391
v 0.05923210 -0.54227781 -0.27279806
v 0.06154160 -0.53834522 -0.26191351
v 0.06852569 -0.55228955 -0.25610068
v 0.06681839 -0.54722202 -0.24517320
v 0.05930801 -0.53245473 -0.25182495
v 0.04499832 -0.51742429 -0.23702335
v 0.05397312 -0.52479935 -0.24294534
v 0.06216341 -0.54229575 -0.23351741
v 0.07287281 -0.56140840 -0.22796220
v 0.07396825 -0.56225872 -0.24062508
v 0.07846011 -0.58207917 -0.22579420
v 0.07198592 -0.56231117 -0.21207716
v 0.07620742 -0.58697677 -0.21632633
v 0.05793914 -0.53146446 -0.19578640
v 0.05893373 -0.52836424 -0.18774486
v 0.06847664 -0.54599476 -0.17878269
v 0.06785134 -0.54978561 -0.18749097
v 0.07416022 -0.56419265 -0.25241572
v 0.07598159 -0.61337054 -0.29815236
v 0.06946288 -0.60788786 -0.30705434
v 0.07759693 -0.60518456 -0.28689173
v 0.07571904 -0.67173386 -0.32052812
v 0.06950396 -0.65849352 -0.33022389
v 0.07774574 -0.64967078 -0.31605312
v 0.08260451 -0.66343760 -0.30861384
v 0.04680822 -0.69454479 -0.34635171
v 0.04177691 -0.67147529 -0.35639906
v 0.05611930 -0.66674751 -0.34640667
v 0.06167542 -0.68485415 -0.33739477
v 0.08548401 -0.67221987 -0.29885015
v 0.08818080 -0.68444777 -0.28442645
v 0.08394685 -0.70151854 -0.29092780
v 0.08056843 -0.68711203 -0.30835822
v 0.07283174 -0.72252750 -0.29680896
v 0.06728658 -0.70572805 -0.31898990
v 0.07251062 -0.58421063 -0.19707179
v 0.07342998 -0.60060930 -0.20762116
v 0.06787205 -0.55319411 -0.20001237
v 0.07176241 -0.57284671 -0.18817466
v 0.05435047 -0.74004591 -0.30124727
v 0.04900465 -0.72043663 -0.32793614
v 0.08099320 -0.69689018 -0.22870259
v 0.08348818 -0.70533532 -0.24841522
v 0.08829664 -0.68587494 -0.25289246
v 0.08539574 -0.68035924 -0.23520236
v 0.07264194 -0.71422303 -0.22315572
v 0.07499024 -0.72495246 -0.24539660
v 0.06669710 -0.65608984 -0.18737936
v 0.05932716 -0.64108467 -0.17872253
v 0.05058331 -0.64957321 -0.17037019
v 0.05879170 -0.66683078 -0.17718226
v 0.05419829 -0.60482371 -0.33232802
v 0.04913773 -0.59850740 -0.33162674
v 0.05361684 -0.59921336 -0.32510164
v 0.05908829 -0.60484928 -0.32307267
v 0.06516515 -0.61213756 -0.31831840
v 0.07138195 -0.62060428 -0.31202808
v 0.08104860 -0.64313638 -0.30189314
v 0.08628162 -0.65667862 -0.29705018
v 0.08979813 -0.67230380 -0.27760914
v 0.08825233 -0.66389018 -0.28898761
v 0.08959956 -0.67113173 -0.25066116
v 0.08809222 -0.66747093 -0.23884852
v 0.07383219 -0.61940229 -0.20019348
v 0.07128263 -0.60385609 -0.18536307
v 0.06597484 -0.61785316 -0.17409682
v 0.06851508 -0.63219988 -0.18701576
v 0.04874633 -0.63538384 -0.15733612
v 0.05890375 -0.62838238 -0.16467661
v 0.07110606 -0.58405089 -0.16530804
v 0.07255072 -0.57808018 -0.15571575
v 0.06659234 -0.59214747 -0.14255051
v 0.06534327 -0.59808600 -0.15287718
v 0.05830726 -0.60100955 -0.12966570
v 0.04661568 -0.60696745 -0.12014762
v 0.04699049 -0.61564851 -0.13236211
v 0.05661148 -0.60913336 -0.14123128
v 0.03274942 -0.50703716 -0.19584616
v 0.03450359 -0.50450349 -0.18997616
v 0.04827605 -0.51251531 -0.18704641
v 0.04604496 -0.51556861 -0.19316852
v 0.07440712 -0.57312369 -0.14550854
v 0.06991345 -0.58792388 -0.13199542
v 0.07169708 -0.64549816 -0.19822723
v 0.07686222 -0.63797253 -0.20830929
v 0.06139319 -0.59628552 -0.11770487
v 0.05735226 -0.61746454 -0.15245557
v 0.06429309 -0.60702777 -0.16225342
v 0.03667928 -0.64167321 -0.15181169
v 0.03995242 -0.65587395 -0.16176437
v 0.02028522 -0.56907713 -0.31514695
v 0.02335602 -0.58504522 -0.32033131
v 0.02398577 -0.58807695 -0.32268259
v 0.01993754 -0.58939266 -0.32254744
v 0.01864398 -0.58673918 -0.32078460
v 0.01064025 -0.60980010 -0.35537484
v 0.00886881 -0.59686291 -0.34498790
v 0.02249314 -0.59917593 -0.34737715
v 0.02425111 -0.61165512 -0.35355553
v 0.05442308 -0.56230199 -0.29775321
v 0.04414724 -0.56357670 -0.30661681
v 0.04189095 -0.55398339 -0.30303362
v 0.04929128 -0.55019271 -0.29443648
v 0.04984821 -0.59443402 -0.31900665
v 0.05144295 -0.59612858 -0.32036343
v 0.04852623 -0.59439200 -0.32204440
v 0.04719642 -0.53909546 -0.28451607
v 0.05460694 -0.54603177 -0.28371567
v 0.07806189 -0.59370899 -0.27645695
v 0.06249423 -0.60299683 -0.31323341
v 0.02405771 -0.70281732 -0.35513350
v 0.02118115 -0.67448831 -0.36602217
v 0.03103115 -0.75233507 -0.30498204
v 0.02717669 -0.73091960 -0.33429459
v 0.06069732 -0.74213725 -0.24195564
v 0.05776872 -0.72853923 -0.21651451
v 0.03576275 -0.73760045 -0.21204002
v 0.03773141 -0.75391221 -0.24125306
v 0.04704928 -0.67476988 -0.16826570
v 0.03505543 -0.61182499 -0.11455290
v 0.03377528 -0.62166888 -0.12642866
v 0.01960974 -0.64791155 -0.36810848
v 0.01428033 -0.62901139 -0.36073896
v 0.07670432 -0.63180375 -0.30506918
v 0.06630912 -0.58074164 -0.29591063
v 0.06070944 -0.58401847 -0.30425373
v 0.05784187 -0.57830590 -0.30482030
v 0.06330691 -0.57254899 -0.29465249
v 0.07089710 -0.57910872 -0.28318301
v 0.07638789 -0.58017099 -0.26852292
v 0.08090822 -0.58286005 -0.25139639
v 0.08015804 -0.58005500 -0.23708828
v 0.08933883 -0.69021976 -0.26839498
v 0.08550402 -0.70872951 -0.27002153
v 0.07624001 -0.72985601 -0.27128351
v 0.06027195 -0.74896944 -0.27237427
v 0.08985267 -0.67865604 -0.26518077
v 0.03659059 -0.76284587 -0.27325919
v 0.01060689 -0.53995615 -0.30491075
v 0.01875059 -0.54241633 -0.30049652
v 0.00825874 -0.54420543 -0.30725870
v 0.00987787 -0.51999390 -0.28728172
v 0.00521929 -0.51879764 -0.28827664
v 0.00635176 -0.51583970 -0.28242633
v 0.01180745 -0.51713401 -0.28146094
v 0.02152565 -0.50160760 -0.23529626
v 0.03305733 -0.50929070 -0.23507294
v 0.03078028 -0.50764930 -0.20273662
v 0.04400773 -0.51710314 -0.20040719
v 0.00731209 -0.54921716 -0.31620455
v 0.00550756 -0.54942358 -0.31667402
v 0.00525691 -0.54977560 -0.31415009
v 0.00760638 -0.54998380 -0.31388596
v 0.02477821 -0.53191507 -0.28678042
v 0.00603834 -0.53097206 -0.30134007
v 0.00260344 -0.53063935 -0.30165562
v 0.00295635 -0.52897716 -0.29783484
v 0.00641432 -0.52935314 -0.29733047
v 0.05660233 -0.53258872 -0.22060859
v 0.05688342 -0.53305739 -0.20668480
v 0.07193446 -0.56018853 -0.16877308
v 0.07139955 -0.56639421 -0.17779377
v 0.07069234 -0.59256351 -0.17492782
v 0.04708764 -0.62689608 -0.14476366
v 0.03535616 -0.63206106 -0.13874771
v 0.00923138 -0.63784266 -0.13574235
v 0.00967231 -0.64681518 -0.14601082
v 0.02356416 -0.64465499 -0.14746158
v 0.02128515 -0.63550806 -0.13694656
v 0.04025484 -0.51376432 -0.21986869
v 0.02692328 -0.50484252 -0.22128129
v 0.03024508 -0.50669265 -0.21130684
v 0.04314368 -0.51686007 -0.20935482
v 0.00150293 -0.54575616 -0.31500891
v -0.00003069 -0.54397571 -0.31573156
v 0.00070082 -0.54390156 -0.31195581
v 0.00261374 -0.54611254 -0.31274149
v 0.00868835 -0.54947305 -0.31098041
v 0.00618795 -0.54845840 -0.31041285
v 0.00677662 -0.54684347 -0.30892494
v 0.00900238 -0.54847199 -0.31664640
v 0.00960040 -0.54923713 -0.31345609
v 0.00367892 -0.54613107 -0.32085028
v 0.00683445 -0.54713452 -0.31949639
v 0.00370411 -0.54273337 -0.32493168
v 0.00318476 -0.54777491 -0.31465772
v 0.00391971 -0.54783595 -0.31251445
v 0.00734499 -0.55000359 -0.31208423
v 0.00550105 -0.54949641 -0.31204501
v 0.00399495 -0.54763985 -0.31917414
v 0.00606149 -0.54834414 -0.31806216
v 0.00370053 -0.56471729 -0.33362082
v -0.00316932 -0.56406379 -0.33606392
v -0.00339969 -0.55511785 -0.33605692
v -0.00362447 -0.54565966 -0.33448866
v -0.00325870 -0.54072595 -0.32690337
v 0.01864710 -0.50083160 -0.21176034
v 0.01985708 -0.50234687 -0.20362887
v -0.00264746 -0.62707907 -0.36115441
v -0.00280846 -0.60912192 -0.35339984
v 0.02561461 -0.53210163 -0.28479147
v 0.02350898 -0.59729505 -0.33802751
v 0.05097177 -0.57378256 -0.30784568
v 0.02801469 -0.57164991 -0.31365094
v 0.03541807 -0.56753039 -0.31093940
v 0.03466792 -0.57574075 -0.31406561
v 0.02823829 -0.57805645 -0.31610698
v 0.01387613 -0.59630919 -0.33567271
v 0.00431105 -0.59072804 -0.33658674
v 0.00865707 -0.59347510 -0.33069798
v 0.00853610 -0.58847761 -0.32656702
v 0.00488034 -0.58258939 -0.33233210
v 0.00960107 -0.57967377 -0.32479939
v 0.01167846 -0.58510309 -0.32225049
v 0.04624640 -0.59381986 -0.32521942
v 0.04872862 -0.59587121 -0.32512480
v 0.01527191 -0.57761216 -0.31960985
v 0.02131991 -0.57505709 -0.31604147
v 0.02221117 -0.58049226 -0.31749475
v 0.01664889 -0.58275831 -0.31927153
v 0.04227799 -0.57361668 -0.31140926
v 0.05639648 -0.59906751 -0.31748495
v 0.05277184 -0.58910292 -0.31127056
v 0.08032911 -0.63452482 -0.22121125
v 0.07668113 -0.62208664 -0.21647589
v 0.08418752 -0.59799266 -0.22531965
v 0.08324558 -0.59356600 -0.22367148
v 0.07645760 -0.59975529 -0.22212280
v 0.08118876 -0.60374391 -0.22398084
v 0.09091584 -0.65149939 -0.25549892
v 0.09020507 -0.65902805 -0.25816891
v 0.08955186 -0.65517592 -0.26441577
v 0.08971351 -0.65061402 -0.25844669
v 0.08856862 -0.64836013 -0.26503843
v 0.08805735 -0.64881611 -0.26919642
v 0.08800370 -0.64182049 -0.26405352
v 0.08845277 -0.64462626 -0.26186097
v 0.08963661 -0.65557033 -0.27867019
v 0.08679152 -0.64710915 -0.28406987
v 0.08622994 -0.64118361 -0.27238888
v 0.08187295 -0.62244368 -0.28724763
v 0.08301869 -0.62273216 -0.26963225
v 0.08438092 -0.63246632 -0.27241081
v 0.08265764 -0.63651586 -0.28645229
v 0.08280453 -0.59375775 -0.23218903
v 0.08152591 -0.59687442 -0.24155179
v 0.07475592 -0.60928059 -0.21772060
v 0.01110416 -0.73991704 -0.21174066
v 0.00996931 -0.75917149 -0.24074224
v 0.07697158 -0.68505228 -0.21224158
v 0.06875242 -0.69936973 -0.20406102
v 0.08271945 -0.67174792 -0.22003332
v 0.08601659 -0.66028523 -0.22686720
v 0.05468678 -0.71197891 -0.19693147
v 0.03593975 -0.72040194 -0.19020620
v 0.08198072 -0.60929668 -0.27455363
v 0.08156590 -0.61322129 -0.26131374
v 0.07274447 -0.67194378 -0.19778992
v 0.06290490 -0.68334091 -0.18953702
v 0.07885338 -0.65993834 -0.20677406
v 0.08209584 -0.65067899 -0.21686342
v 0.05049466 -0.69322288 -0.18175569
v 0.03135042 -0.67882860 -0.16209704
v 0.03359610 -0.69857001 -0.17475809
v 0.08320966 -0.60773402 -0.23360932
v 0.08144586 -0.60345018 -0.23620883
v 0.08266935 -0.59945714 -0.23002741
v 0.08541271 -0.60174835 -0.23052330
v 0.08191566 -0.59759307 -0.26312006
v 0.08214489 -0.60477126 -0.25114319
v 0.00400158 -0.57287532 -0.33341098
v -0.00277562 -0.58129835 -0.33676475
v -0.00291734 -0.57261431 -0.33646938
v -0.00272017 -0.58966696 -0.33898589
v 0.00289422 -0.73452425 -0.33538404
v 0.00078670 -0.70576203 -0.35740483
v 0.00854319 -0.76906884 -0.27356860
v 0.00567585 -0.75895202 -0.30684826
v 0.00375570 -0.50835800 -0.27807751
v 0.00669817 -0.49741644 -0.26844415
v 0.00493777 -0.53809690 -0.30666378
v 0.00173066 -0.53709495 -0.30665904
v 0.00227549 -0.53346217 -0.30433714
v 0.00568969 -0.53417253 -0.30431721
v 0.01792745 -0.59624237 -0.33041671
v 0.02747440 -0.66086322 -0.15595292
v 0.02083887 -0.62569976 -0.12367481
v 0.02109728 -0.61561489 -0.11190769
v 0.04999808 -0.60077316 -0.10684276
v 0.03648716 -0.60539562 -0.10020095
v 0.00100732 -0.54087222 -0.30905613
v 0.00384033 -0.54200244 -0.30875731
v 0.00311471 -0.54794252 -0.31745943
v 0.01172140 -0.52998042 -0.29552427
v 0.00340841 -0.54491556 -0.31030792
v 0.00406593 -0.54693139 -0.31143990
v -0.00120305 -0.54279578 -0.31205615
v -0.00054587 -0.54038483 -0.30887803
v 0.02853603 -0.58314335 -0.31961307
v 0.02872768 -0.58672333 -0.32263282
v 0.00077970 -0.54305530 -0.31983629
v 0.00159335 -0.54567194 -0.31840721
v -0.00259839 -0.54190832 -0.31961617
v 0.06042421 -0.52534825 -0.18003356
v 0.07010315 -0.54128116 -0.17065486
v 0.00036858 -0.53057408 -0.30151764
v 0.00065977 -0.52864462 -0.29782692
v -0.00021302 -0.67533517 -0.36845139
v 0.01174118 -0.67943478 -0.15829565
v 0.01125201 -0.69890916 -0.17171949
v 0.08317109 -0.62334311 -0.25763845
v 0.08478920 -0.62403721 -0.25040126
v 0.08653055 -0.63070416 -0.25449905
v 0.08511598 -0.63023102 -0.26211405
v 0.02142859 -0.50216860 -0.19667323
v 0.07413805 -0.55739045 -0.15881307
v 0.02177848 -0.60938621 -0.09683189
v 0.04962497 -0.59347606 -0.31743503
v 0.04818388 -0.59174144 -0.31711665
v 0.02076272 -0.59444070 -0.32827398
v 0.01192050 -0.72163039 -0.18779267
v 0.01337105 -0.52535760 -0.28888303
v 0.01186164 -0.52897120 -0.29102308
v 0.00760528 -0.62797117 -0.12314852
v 0.01560063 -0.49944174 -0.22168984
v -0.00140536 -0.54279822 -0.31596485
v 0.01081605 -0.66168326 -0.15361793
v 0.08935971 -0.64136219 -0.25351834
v 0.09063707 -0.63782924 -0.25482237
v 0.09017207 -0.63537532 -0.25198776
v 0.08883804 -0.63695276 -0.25140381
v 0.09106964 -0.63696760 -0.26102117
v 0.09234809 -0.63585222 -0.25661600
v 0.09388255 -0.63856512 -0.25828686
v 0.09256783 -0.64059222 -0.26250094
v 0.08701489 -0.63653982 -0.26407275
v 0.08936833 -0.63355136 -0.25837308
v 0.09498044 -0.64127326 -0.25865564
v 0.09498565 -0.64246631 -0.26202381
v 0.09252085 -0.64508307 -0.26262546
v 0.08910543 -0.64795572 -0.26011568
v 0.09771697 -0.64546704 -0.26018953
v 0.09426459 -0.64878893 -0.26048398
v 0.10106299 -0.64884758 -0.25682971
v 0.09635774 -0.65245903 -0.25681090
v 0.10286888 -0.65050006 -0.25038695
v 0.09712993 -0.65295422 -0.24962279
v 0.08204895 -0.60906601 -0.24267510
v 0.08293340 -0.61411679 -0.23754846
v 0.10346256 -0.64910614 -0.24349250
v 0.09696104 -0.65086251 -0.24215256
v 0.10322242 -0.64509380 -0.23681785
v 0.09696344 -0.64660460 -0.23555826
v 0.10145117 -0.63929927 -0.23101588
v 0.09629516 -0.64023232 -0.22877805
v 0.09943808 -0.63243461 -0.22669452
v 0.09459300 -0.63293183 -0.22419176
v 0.09704667 -0.62445807 -0.22389951
v 0.09243233 -0.62360954 -0.21961489
v 0.09735464 -0.64819014 -0.25357410
v 0.09863601 -0.64871824 -0.24855880
v 0.08893390 -0.64945316 -0.25042027
v 0.09587425 -0.64543551 -0.25747964
v 0.08910458 -0.63614082 -0.24333161
v 0.08700851 -0.63959229 -0.24467866
v 0.08711158 -0.63825125 -0.24383180
v 0.08681647 -0.63838995 -0.24090497
v 0.08383612 -0.61857343 -0.24416730
v 0.08529053 -0.62099385 -0.24160740
v 0.08599571 -0.62504965 -0.24636403
v 0.08387710 -0.61813343 -0.23749970
v 0.08278254 -0.62003565 -0.23784378
v 0.08237318 -0.62257874 -0.24133986
v 0.08231737 -0.62652177 -0.24473356
v 0.08346429 -0.62033737 -0.23489518
v 0.08505727 -0.61843294 -0.23398601
v 0.08205334 -0.62177193 -0.23561251
v 0.08159879 -0.62159657 -0.23734748
v 0.08072441 -0.62430334 -0.23859760
v 0.08194690 -0.62860227 -0.23949501
v 0.08235093 -0.61620408 -0.25045484
v 0.08413739 -0.63166016 -0.22921185
v 0.08119009 -0.62278676 -0.22474463
v 0.09411433 -0.61685348 -0.22383727
v 0.09113574 -0.61258650 -0.21841739
v 0.08928037 -0.60059524 -0.22595406
v 0.09084702 -0.60348952 -0.21998565
v 0.08757275 -0.64699912 -0.24434881
v 0.08731995 -0.64404970 -0.23799933
v 0.08000769 -0.61272705 -0.22405550
v 0.08656207 -0.63904274 -0.23309456
v 0.09529632 -0.62648833 -0.22797097
v 0.09236190 -0.62139797 -0.22782968
v 0.09763909 -0.63247609 -0.22965436
v 0.08618832 -0.61459213 -0.23235099
v 0.08766536 -0.60838270 -0.22971883
v 0.09116759 -0.61122561 -0.22596897
v 0.08897607 -0.61765301 -0.22916763
v 0.09407548 -0.62718898 -0.23184523
v 0.09046832 -0.62421191 -0.23107399
v 0.09087628 -0.62949967 -0.23378308
v 0.08738935 -0.62712526 -0.23300865
v 0.08473907 -0.62327701 -0.23326008
v 0.08717272 -0.62096798 -0.23188627
v 0.08315323 -0.62958729 -0.23447864
v 0.08707067 -0.63256252 -0.23633477
v 0.08205357 -0.62467819 -0.23480560
v 0.09336711 -0.63172245 -0.23656191
v 0.09582940 -0.63528687 -0.23900898
v 0.09323566 -0.63544518 -0.24262020
v 0.09014916 -0.63419795 -0.23940083
v 0.09834366 -0.63854599 -0.23291899
v 0.09815188 -0.63620806 -0.23590694
v 0.09647611 -0.63151932 -0.23347852
v 0.09848589 -0.64083195 -0.23945975
v 0.09886726 -0.64354968 -0.23768531
v 0.09666231 -0.63910472 -0.24119373
v 0.09492302 -0.63843489 -0.24347942
v 0.09773275 -0.64559877 -0.24837938
v 0.09823228 -0.64405000 -0.24400227
v 0.09921987 -0.64721835 -0.24326213
v 0.09704750 -0.64151454 -0.24467809
v 0.09619487 -0.64286995 -0.24782400
v 0.09445240 -0.64138687 -0.24705787
v 0.09552725 -0.64077830 -0.24492712
v 0.09337515 -0.64197820 -0.25681868
v 0.09193020 -0.63989842 -0.25662839
v 0.09465429 -0.64396316 -0.25520810
v 0.09244899 -0.64480555 -0.25589272
v 0.09307978 -0.64281261 -0.25325537
v 0.09079521 -0.64404726 -0.25529620
v 0.09183925 -0.64123023 -0.25198171
v 0.08996210 -0.63911951 -0.25018856
v 0.03722389 -0.49594569 -0.18254945
v 0.03608402 -0.50083804 -0.18566468
v 0.02238851 -0.49751914 -0.18648452
v 0.02272102 -0.49338043 -0.18371826
v 0.09329208 -0.64122254 -0.24951854
v 0.09466650 -0.64344841 -0.25062668
v 0.09628509 -0.64594758 -0.25214458
v 0.09131380 -0.63758427 -0.24597254
v 0.09281404 -0.63734311 -0.24504980
v 0.09350166 -0.63915741 -0.24590282
v 0.09192924 -0.63918030 -0.24788703
v 0.08646958 -0.62859750 -0.24880746
v 0.08474889 -0.62997234 -0.24490523
v 0.08534279 -0.63126343 -0.24026792
v 0.07470675 -0.50177824 -0.16323385
v 0.09175720 -0.51722354 -0.15339608
v 0.08518206 -0.52455831 -0.15388513
v 0.06968519 -0.51015651 -0.16272172
v 0.08532223 -0.47087038 -0.17156631
v 0.08770534 -0.44783163 -0.18045606
v 0.10926983 -0.45554775 -0.17267135
v 0.11168828 -0.48710638 -0.15777674
v 0.10755511 -0.42955405 -0.18250334
v 0.08761001 -0.42472982 -0.18733303
v 0.10317808 -0.36388969 -0.19710626
v 0.10427412 -0.38373113 -0.19256452
v 0.08612931 -0.38216084 -0.19840634
v 0.08571932 -0.36253822 -0.20351471
v 0.13646136 -0.29079497 -0.20352025
v 0.12310561 -0.29201531 -0.20885476
v 0.11615263 -0.27909803 -0.20717722
v 0.13214098 -0.27680677 -0.19950944
v 0.17387262 -0.39539444 -0.16556734
v 0.18392509 -0.38499671 -0.15766664
v 0.18452331 -0.40521270 -0.15869968
v 0.17458509 -0.41784728 -0.16361992
v 0.12898628 -0.54655671 -0.11865067
v 0.11833929 -0.55033588 -0.11805162
v 0.11135762 -0.52771866 -0.13739234
v 0.12325414 -0.52124918 -0.13779950
v 0.18102883 -0.31079942 -0.14522400
v 0.17141536 -0.31457919 -0.15918615
v 0.16935055 -0.30305123 -0.16471273
v 0.17770889 -0.29906350 -0.15270062
v 0.15792817 -0.22092718 -0.13304828
v 0.14497611 -0.21560669 -0.15998729
v 0.14563432 -0.19236815 -0.15414348
v 0.15948966 -0.19915614 -0.12597631
v 0.18927622 -0.26457369 -0.03733020
v 0.18371627 -0.24605519 -0.03083821
v 0.17838661 -0.25546640 0.00419753
v 0.18344690 -0.27290684 -0.00058364
v 0.13284893 -0.36510795 -0.18305506
v 0.13581461 -0.38535649 -0.18080677
v 0.12078340 -0.38486266 -0.18642157
v 0.11874881 -0.36487854 -0.18978146
v 0.23151781 -0.29297495 -0.07192458
v 0.22528988 -0.31377304 -0.08453327
v 0.20733029 -0.30870098 -0.07949959
v 0.21431676 -0.28909099 -0.06594195
v 0.19488017 -0.15740830 -0.01424631
v 0.20006384 -0.14013210 -0.00948488
v 0.19714285 -0.15491229 0.02732024
v 0.19009016 -0.17203963 0.02052244
v 0.22026138 -0.43100917 -0.13353033
v 0.23558943 -0.44722390 -0.12193596
v 0.22976090 -0.46496946 -0.12673058
v 0.21617195 -0.44693190 -0.13998462
v 0.17964570 -0.35504669 -0.15527648
v 0.18238951 -0.36893678 -0.15628894
v 0.17177270 -0.37710375 -0.16589476
v 0.16912624 -0.36079085 -0.16490987
v 0.19199114 -0.30903542 -0.00497155
v 0.19666342 -0.32758230 -0.00810258
v 0.20057237 -0.31909364 -0.03614036
v 0.19843467 -0.30078781 -0.03651652
v 0.19420196 -0.28224820 -0.03690449
v 0.18733062 -0.29045695 -0.00291644
v 0.15812820 -0.36335301 -0.17123216
v 0.16099328 -0.38311505 -0.17172739
v 0.14938268 -0.38504648 -0.17601591
v 0.14591379 -0.36465138 -0.17697044
v 0.10715980 -0.26815236 -0.20295380
v 0.12586582 -0.26609778 -0.19233808
v 0.19464695 -0.12499946 -0.04478545
v 0.19288194 -0.14232928 -0.04891886
v 0.18401904 -0.12827075 -0.08032332
v 0.18323106 -0.11149028 -0.07590281
v 0.12675314 -0.23454532 -0.18553945
v 0.14302965 -0.23667586 -0.16508457
v 0.13964316 -0.25478250 -0.17162125
v 0.12348666 -0.25364017 -0.18731193
v 0.16696611 -0.10030025 -0.10529630
v 0.16808541 -0.11550152 -0.10954066
v 0.15019241 -0.10191083 -0.13868593
v 0.14997545 -0.08281857 -0.13519067
v 0.10571653 -0.40564644 -0.18818037
v 0.08684009 -0.40276998 -0.19289935
v 0.15654470 -0.29373723 -0.18588403
v 0.14811742 -0.29187381 -0.19580160
v 0.14561011 -0.27769423 -0.19098486
v 0.15645063 -0.28083432 -0.18114352
v 0.20195402 -0.36064976 -0.12176362
v 0.20064826 -0.37264538 -0.12245522
v 0.19369808 -0.39033222 -0.14590409
v 0.19369836 -0.37270480 -0.14301555
v 0.20069799 -0.13644332 0.03226108
v 0.20204842 -0.12188497 -0.00535304
v 0.16576123 -0.08017150 -0.09985657
v 0.14986083 -0.06353098 -0.12998763
v 0.19572873 -0.40011036 -0.02738015
v 0.19642372 -0.39443862 -0.04627642
v 0.19884914 -0.38742411 -0.04548342
v 0.19892253 -0.39338899 -0.02634887
v 0.07740817 -0.29197901 -0.21645772
v 0.08910985 -0.27572638 -0.21157686
v 0.10284260 -0.28508520 -0.21318914
v 0.09394664 -0.29794174 -0.21622595
v 0.15458162 -0.26873887 -0.16953969
v 0.14137919 -0.26606584 -0.18113413
v 0.15338144 -0.25745022 -0.15529978
v 0.05899496 -0.28619331 -0.21423122
v 0.07295398 -0.26269716 -0.21027458
v 0.06680837 -0.39955366 -0.19726610
v 0.06665325 -0.37971914 -0.20296670
v 0.06675830 -0.41987777 -0.19180647
v 0.06585989 -0.44095510 -0.18587035
v 0.04546577 -0.43618774 -0.18920414
v 0.04658287 -0.41573060 -0.19548978
v 0.06336657 -0.46133345 -0.17936765
v 0.04326616 -0.45559675 -0.18392120
v 0.05525482 -0.48977816 -0.17127778
v 0.05222507 -0.49832273 -0.17107908
v 0.19248641 -0.35924906 -0.14178051
v 0.19029243 -0.34706688 -0.14027204
v 0.18191050 -0.09368989 -0.07046833
v 0.13774903 -0.50967503 0.01404179
v 0.15806699 -0.50781608 0.00394973
v 0.15361023 -0.49288392 0.01848493
v 0.13328025 -0.49348593 0.02747680
v 0.13838132 -0.52026105 -0.14030880
v 0.14031044 -0.54562330 -0.11960872
v 0.19984588 -0.43158925 0.01920069
v 0.19872597 -0.42259473 0.02028635
v 0.19374155 -0.41719025 0.02820751
v 0.19410670 -0.42799085 0.02739412
v 0.19652705 -0.41354561 0.00041809
v 0.19828843 -0.41930282 0.00737747
v 0.19644479 -0.41591138 0.01115809
v 0.19370365 -0.40887904 0.00587041
v 0.18573326 -0.16791147 0.05910579
v 0.17760453 -0.18533349 0.05189227
v 0.14312066 -0.31405741 0.07070139
v 0.15230221 -0.33323371 0.06057629
v 0.16686036 -0.31652492 0.04668152
v 0.16010115 -0.29779041 0.05389621
v 0.02287378 -0.50090390 0.02340216
v 0.04417977 -0.50346333 0.02874901
v 0.04228811 -0.48826468 0.03724987
v 0.02193946 -0.48606050 0.03148847
v 0.09475533 -0.52413321 0.01837583
v 0.06988518 -0.52044284 0.02069981
v 0.07081771 -0.53331465 0.00967854
v 0.09624742 -0.53754205 0.00511237
v 0.11531966 -0.51036072 0.02397702
v 0.11190543 -0.49378622 0.03689477
v 0.18440329 -0.32072830 0.02030483
v 0.19067366 -0.33924675 0.01408344
v 0.19669481 -0.36372745 0.00604278
v 0.19851135 -0.37294048 0.00208464
v 0.20108250 -0.36331564 -0.01679428
v 0.20069930 -0.35378790 -0.01377517
v 0.10810570 -0.55605471 -0.11859469
v 0.11837099 -0.56705940 -0.09434834
v 0.10641138 -0.57238615 -0.09588742
v 0.06680292 -0.57332993 -0.03908633
v 0.07930686 -0.57499516 -0.04578750
v 0.08352162 -0.57070869 -0.03765699
v 0.06643608 -0.56861639 -0.03104739
v 0.04178787 -0.40893024 0.07789619
v 0.04151827 -0.38058186 0.08687149
v 0.01911085 -0.38421553 0.07840271
v 0.01971815 -0.40962350 0.06967755
v 0.19707994 -0.38946235 0.01197488
v 0.19530554 -0.39855599 0.02114877
v 0.19766943 -0.40598625 0.01609680
v 0.19804725 -0.39693040 0.00887254
v 0.19155696 -0.39163953 0.02586858
v 0.19469221 -0.38210893 0.01590521
v 0.19195341 -0.37372816 0.02026059
v 0.18647893 -0.38421196 0.03122738
v 0.16261370 -0.35053593 0.05092579
v 0.17299482 -0.36545461 0.04288002
v 0.18319771 -0.35217315 0.03082922
v 0.17478770 -0.33490157 0.03869965
v 0.01235937 -0.29762733 0.09021081
v 0.01364605 -0.32641822 0.08910987
v 0.03459500 -0.32294750 0.09546356
v 0.03223363 -0.29450232 0.09659982
v 0.18953678 -0.38384509 -0.08150758
v 0.18265723 -0.37608755 -0.07167280
v 0.18068862 -0.37197089 -0.09660891
v 0.18618247 -0.37901068 -0.10473189
v 0.21310554 -0.42635101 0.01567174
v 0.21872552 -0.43068558 0.01359435
v 0.22406921 -0.42314482 0.01481792
v 0.21857876 -0.41995656 0.01702476
v 0.17699081 -0.36697429 -0.03661755
v 0.17431708 -0.35331720 -0.02446457
v 0.17262262 -0.34816027 -0.04905587
v 0.17587110 -0.36378628 -0.06102130
v 0.15359953 -0.55543804 -0.08874601
v 0.14120217 -0.55844945 -0.08993253
v 0.15292297 -0.54455954 -0.12050465
v 0.18417281 -0.38870418 -0.01048310
v 0.18727919 -0.39634651 0.00313464
v 0.18754911 -0.38750499 0.01273452
v 0.18149184 -0.37943012 0.00087130
v 0.25005642 -0.30077398 -0.06992590
v 0.24387778 -0.32254910 -0.08089459
v 0.18229529 -0.34442627 0.00567431
v 0.17744328 -0.35933870 -0.00355397
v 0.18339628 -0.36665392 0.01184429
v 0.19147171 -0.35086280 0.01915760
v 0.15316175 -0.28015178 0.05944100
v 0.13435543 -0.29512614 0.07749847
v 0.14195801 -0.18358552 0.10001525
v 0.13428187 -0.20341250 0.09236425
v 0.15787244 -0.19592443 0.07572228
v 0.16623700 -0.17731974 0.08336847
v 0.18989027 -0.14826503 0.06507413
v 0.14625050 -0.16184196 0.10683988
v 0.17040247 -0.15684053 0.08986412
v 0.08422826 -0.57881403 -0.10948583
v 0.09520910 -0.57568753 -0.10148613
v 0.08362173 -0.58247530 -0.08235776
v 0.07429540 -0.58654726 -0.09315308
v 0.18742557 -0.01987192 0.08427519
v 0.19802146 -0.01016122 0.05205647
v 0.19775866 0.02177662 0.05927110
v 0.18477388 0.01206592 0.09138608
v 0.04692896 -0.58692831 -0.05761481
v 0.04254438 -0.59456027 -0.07122182
v 0.05953458 -0.59107840 -0.08079591
v 0.06676732 -0.58578044 -0.06822497
v 0.18777423 -0.05012339 0.07988581
v 0.19658379 -0.03751168 0.04791351
v 0.08832464 -0.56338024 -0.12810060
v 0.09824697 -0.55976379 -0.12228821
v 0.08631543 -0.54643464 -0.14390311
v 0.09521034 -0.54144478 -0.13939202
v 0.07793506 -0.53096044 -0.15714414
v 0.20111620 0.00569284 0.02189138
v 0.20354766 0.03634915 0.02909090
v 0.06646187 -0.59152597 -0.10514553
v 0.05365328 -0.59638828 -0.09349007
v 0.03918711 -0.60038167 -0.08499062
v 0.02293476 -0.60361660 -0.08198971
v 0.00510398 -0.60442752 -0.08178748
v 0.00586164 -0.61031085 -0.09580065
v 0.19972363 -0.11654866 0.03624000
v 0.18905324 -0.12796235 0.06952542
v 0.10348462 0.10478169 0.16719097
v 0.10637088 0.12460989 0.15856704
v 0.07278200 0.12543032 0.15932506
v 0.07381076 0.10750857 0.17104824
v 0.00599956 0.09973258 0.15551555
v 0.04135116 0.10629314 0.16577029
v 0.03932156 0.12369275 0.15114725
v 0.00526848 0.11871821 0.13863197
v 0.01177804 -0.03462815 0.17796960
v 0.01453770 -0.05799013 0.16852964
v 0.04654502 -0.05875081 0.17113402
v 0.04380250 -0.03565067 0.18080303
v 0.17024650 -0.13590038 0.09425014
v 0.14763868 -0.14045084 0.11203136
v 0.19969958 -0.10258171 -0.00076195
v 0.19643588 0.17222872 0.03893681
v 0.19202164 0.20441726 0.04925814
v 0.18372834 0.18983346 0.08949882
v 0.18997817 0.15810698 0.08153099
v 0.13446306 0.17281446 0.14459440
v 0.09932758 0.17054650 0.15621145
v 0.10384333 0.14725167 0.15648974
v 0.14038339 0.14649406 0.14440386
v 0.13211296 -0.04829291 -0.15788427
v 0.12961933 -0.02950516 -0.14760710
v 0.14853238 -0.04476044 -0.12150617
v 0.05602247 -0.02566648 -0.19982746
v 0.05338303 -0.00645506 -0.18810113
v 0.08046001 -0.01009214 -0.18162662
v 0.08539784 -0.02879328 -0.19317898
v 0.05439467 0.09958982 -0.12392145
v 0.06068093 0.07176465 -0.13093957
v 0.04146525 0.07344165 -0.13747479
v 0.03862539 0.09850371 -0.12857816
v 0.19779463 0.02299705 -0.00913423
v 0.19502085 -0.00513998 -0.01251815
v 0.18123113 0.01045310 -0.04177612
v 0.18333779 0.03872955 -0.03807081
v 0.03448850 0.13873518 0.13623814
v 0.00576362 0.13431248 0.11892505
v 0.18743187 0.18529722 -0.00370488
v 0.18590209 0.21829963 0.00652560
v 0.16344553 0.22863603 -0.02800403
v 0.16508669 0.19697288 -0.03735236
v 0.13286978 0.20236579 -0.05868763
v 0.13112451 0.23269051 -0.04813356
v 0.02580864 0.19224980 -0.07100180
v 0.02537719 0.19082373 -0.06163103
v 0.05078034 0.17966735 -0.08708440
v 0.04805824 0.17550245 -0.09870925
v 0.00470888 0.05912447 0.17900926
v 0.03840510 0.06158105 0.18622521
v 0.03969503 0.08486068 0.17786944
v 0.00452510 0.07923299 0.16987075
v 0.12219499 -0.14198935 0.12460065
v 0.11989676 -0.16439915 0.11762470
v 0.09419139 -0.16582179 0.12307939
v 0.09040570 -0.18935296 0.11371148
v 0.11619746 -0.18768120 0.10998474
v 0.08778968 -0.32729936 0.09286228
v 0.09857582 -0.34992045 0.08756939
v 0.12210417 -0.33026743 0.08193950
v 0.11263593 -0.31100917 0.08808830
v 0.06780219 -0.50572693 0.03122192
v 0.06535208 -0.49001414 0.04048823
v 0.06089968 0.16596052 0.15207507
v 0.06234397 0.19218773 0.15469924
v 0.02712544 0.19274858 0.13527827
v 0.01933071 0.16189930 0.12441115
v 0.12989335 0.20062092 0.14834878
v 0.16321515 0.17847553 0.12237909
v 0.15697463 0.20714152 0.12697455
v 0.18695450 0.23759750 0.05635060
v 0.17703253 0.22120118 0.09565340
v 0.15907142 0.26173723 -0.01795206
v 0.12724714 0.26458681 -0.03633675
v 0.03201949 0.22962067 -0.03660116
v 0.02981659 0.25061160 -0.01974568
v 0.05794571 0.25692934 -0.03411994
v 0.06034065 0.23388824 -0.04906176
v 0.09771346 0.10372514 -0.10145895
v 0.10538510 0.12618771 -0.09262414
v 0.13495827 0.09969875 -0.07984554
v 0.13418530 0.07374525 -0.08307701
v 0.08656254 -0.04938304 -0.20185247
v 0.06202964 -0.04493353 -0.20842323
v 0.13230301 -0.06792390 -0.16444735
v 0.11026589 -0.05706394 -0.18762517
v 0.11045296 -0.03714469 -0.18009172
v 0.08247947 -0.14597648 -0.22133654
v 0.08275576 -0.11817640 -0.21858878
v 0.10951703 -0.12504411 -0.20112903
v 0.10976461 -0.15192091 -0.20380464
v 0.10851824 -0.18012577 -0.20485316
v 0.08120915 -0.17521584 -0.22165021
v 0.07610979 -0.23409730 -0.21453598
v 0.10436608 -0.23403469 -0.20244932
v 0.10161860 -0.25482857 -0.20152117
v 0.04677425 -0.39575386 -0.20109242
v 0.04651590 -0.37685847 -0.20532872
v 0.19926846 0.05260053 -0.00328299
v -0.00519430 0.17512360 0.08931345
v 0.00104226 0.20078510 0.10446826
v -0.00702990 0.21386564 0.06995720
v -0.00617788 0.19213393 0.05475079
v 0.19839433 -0.02105588 0.01728883
v 0.19431657 -0.10729134 -0.04008940
v 0.19096085 -0.08874047 -0.03398509
v 0.18442759 -0.25984830 -0.08392268
v 0.18029885 -0.23772854 -0.06955114
v 0.11155570 -0.29233891 -0.21239854
v 0.10848722 -0.30216455 -0.21290740
v 0.17076561 0.14763457 0.11838990
v 0.15382221 0.29312795 -0.00821613
v 0.12236422 0.29505175 -0.02429254
v 0.11611523 0.32379436 -0.01244279
v 0.14723162 0.32177836 0.00219416
v 0.01064598 0.26457804 0.02137867
v 0.01212134 0.29028076 0.03865292
v 0.02783034 0.29962045 0.01406232
v 0.02905380 0.27372372 -0.00255852
v 0.01455676 0.31795394 0.05306803
v 0.01436913 0.34510124 0.06660333
v 0.02617390 0.35534483 0.04346895
v 0.02823147 0.32751620 0.02893223
v 0.18118963 0.25178289 0.01527153
v 0.17605631 0.30126965 0.06647703
v 0.18140550 0.26996529 0.06102891
v 0.17577910 0.28384477 0.02317608
v 0.16946088 0.31410235 0.03088761
v 0.09818627 0.19426998 0.15892220
v 0.01132240 0.22249892 -0.01515030
v 0.00996754 0.24175483 0.00269524
v 0.00530880 0.27146137 0.09648368
v -0.00138055 0.24147668 0.08438854
v 0.00976855 0.23099685 0.11618908
v 0.01681453 0.26209956 0.12603495
v 0.12818955 0.26004344 0.15514955
v 0.12918577 0.22953066 0.15201747
v 0.15397413 0.23945570 0.13055606
v 0.15265435 0.27021998 0.13385096
v 0.17197619 0.25424027 0.09822342
v 0.16778205 0.28536838 0.10178608
v 0.16510761 0.35788459 0.07640614
v 0.16993313 0.32919270 0.07138887
v 0.16239853 0.34161305 0.03828305
v 0.15632553 0.36942124 0.04531414
v 0.15974048 0.34246790 0.11007351
v 0.16328911 0.31435382 0.10568245
v 0.14836113 0.32882744 0.13924575
v 0.15041082 0.30001056 0.13663691
v 0.12670587 0.31836301 0.15687126
v 0.12765947 0.28934944 0.15649508
v 0.10235477 0.31224066 0.16785131
v 0.10081148 0.28363425 0.16784933
v 0.07180046 0.28235561 0.16692591
v 0.07602159 0.31056190 0.16770461
v 0.05056400 0.31318247 0.15748198
v 0.04491750 0.28489786 0.15395163
v 0.01552820 0.32693571 0.11848220
v 0.01093751 0.30016524 0.10793528
v 0.02291568 0.29119885 0.13424599
v 0.02847974 0.31889862 0.14116769
v 0.03368810 0.43028957 0.15351129
v 0.02623463 0.40207052 0.14762075
v 0.04624796 0.39720434 0.15870593
v 0.05258299 0.42545438 0.16328444
v 0.06811845 0.42182922 0.17616671
v 0.06596412 0.39395434 0.16716342
v 0.08578612 0.39264339 0.17449223
v 0.08771581 0.42035347 0.18415631
v 0.12403514 0.40289676 0.16337340
v 0.12507497 0.43231589 0.17015240
v 0.10744657 0.42391884 0.18243498
v 0.10573924 0.39548677 0.17396294
v 0.14495398 0.41272265 0.15032035
v 0.14375268 0.44133902 0.15617332
v 0.15372911 0.42575961 0.12662823
v 0.14857574 0.45359939 0.13043939
v 0.15004654 0.43885720 0.09486997
v 0.14736845 0.46570474 0.09942243
v 0.01965759 0.42931604 0.08524774
v 0.01134271 0.41951299 0.10604170
v 0.01540490 0.44417554 0.11875212
v 0.02145158 0.45313716 0.09868306
v 0.06413311 0.44355553 0.05819193
v 0.06153783 0.46727210 0.07277684
v 0.08584781 0.47295278 0.05798766
v 0.09144791 0.44964170 0.04598961
v 0.16137007 0.38651711 0.08169170
v 0.15677986 0.37082946 0.11520624
v 0.14624313 0.35711575 0.14199175
v 0.12525067 0.34686023 0.15741660
v 0.01906521 0.35174119 0.12856758
v 0.03477776 0.34410083 0.14789101
v 0.02458785 0.38123894 0.05796536
v 0.01336651 0.37090695 0.07945207
v 0.12598580 0.42917562 0.03455642
v 0.14605539 0.42398149 0.05758380
v 0.15179898 0.39782768 0.05055327
v 0.12965222 0.40276670 0.02859529
v 0.15592577 0.39820540 0.12057859
v 0.14500535 0.38465470 0.14592989
v 0.12398878 0.37487137 0.15902513
v 0.08290805 0.36545306 0.17049722
v 0.10416943 0.36815393 0.16987447
v 0.06203926 0.36685705 0.16308507
v 0.02253628 0.37612319 0.13853464
v 0.04042063 0.36992347 0.15353781
v 0.02224958 0.40554774 0.07195158
v 0.01186678 0.39549524 0.09243761
v 0.11524256 0.47565341 0.05794177
v 0.13979827 0.47348267 0.07407056
v 0.14304258 0.44899797 0.06589188
v 0.12126178 0.45368564 0.04484934
v 0.10961971 0.49530399 0.07158411
v 0.08514374 0.49318457 0.07213902
v 0.08948907 0.45158684 0.19132799
v 0.07011306 0.45062840 0.18642014
v 0.10858044 0.45530665 0.18907776
v 0.14607927 0.48281807 0.13255985
v 0.14209312 0.47072786 0.16170338
v 0.14146158 0.49320596 0.10356620
v 0.13068314 0.49432337 0.08269531
v 0.02142106 0.50013638 0.13625847
v 0.02761276 0.50741082 0.11688352
v 0.02539022 0.47810155 0.10892929
v 0.02103641 0.47064888 0.12784192
v 0.03433025 0.48906308 0.17330764
v 0.03874449 0.45802742 0.15903428
v 0.05322103 0.45429057 0.17252733
v 0.04881097 0.48373634 0.19059703
v 0.08957849 0.48332363 0.20508434
v 0.06861020 0.48194903 0.20123270
v 0.11067110 0.48594207 0.20285840
v 0.14071113 0.50264436 0.16645521
v 0.13044295 0.49213266 0.19068159
v 0.12810366 0.46112657 0.18042138
v 0.14811872 0.51367986 0.13396066
v 0.13052358 0.55375534 0.11224082
v 0.14858547 0.54618347 0.13895735
v 0.13212939 0.52266181 0.10423976
v 0.09029485 0.65452123 0.12918441
v 0.08482577 0.68979615 0.13934609
v 0.10862109 0.68740743 0.14808822
v 0.11758520 0.65290135 0.13815218
v 0.01740313 0.53205168 0.14714071
v 0.02602245 0.53799838 0.12463495
v 0.04399650 0.51681089 0.20578763
v 0.02768141 0.52201796 0.18770391
v 0.14535998 0.56775361 0.18342264
v 0.13216026 0.55826598 0.21021393
v 0.13309023 0.52505678 0.20036206
v 0.14557587 0.53522718 0.17377317
v 0.01285695 0.64013112 0.14981803
v 0.01441539 0.60552430 0.14079465
v 0.00558945 0.60005140 0.16466457
v 0.00492076 0.63533252 0.17200734
v 0.03657327 0.55121279 0.21681848
v 0.03241630 0.58633244 0.22548503
v 0.01630792 0.59067810 0.20761092
v 0.02066422 0.55625427 0.19850969
v 0.13360702 0.63841480 0.19679402
v 0.12317414 0.63199860 0.22232550
v 0.12941828 0.59393519 0.21733126
v 0.14135921 0.60200971 0.19069535
v 0.12859957 0.58550549 0.11971900
v 0.12509322 0.61852300 0.12952477
v 0.14211786 0.61103696 0.15729168
v 0.14713304 0.57802808 0.14828390
v 0.09927401 0.58674794 0.10993814
v 0.09582057 0.61968333 0.11933911
v 0.01473364 0.71168768 0.18585315
v 0.02046389 0.71755040 0.16875312
v 0.01611345 0.67821026 0.15922482
v 0.00967261 0.67261153 0.17890960
v 0.03237663 0.62377369 0.22953877
v 0.03431462 0.66353029 0.23039863
v 0.01994567 0.66587102 0.21490467
v 0.01554820 0.62699986 0.21285611
v 0.11395893 0.71668285 0.20676878
v 0.10419514 0.71180803 0.22707382
v 0.11466254 0.67151093 0.22517282
v 0.12433691 0.67660397 0.20242171
v 0.09967566 0.72507739 0.15873438
v 0.11448734 0.72148538 0.18051535
v 0.12536652 0.68306017 0.17206132
v 0.07846829 0.72712928 0.15003759
v 0.07325930 0.76447666 0.15875107
v 0.09112988 0.76254350 0.16629326
v 0.01689392 0.74991477 0.19175802
v 0.02356015 0.75469011 0.17647836
v 0.02134955 0.74457902 0.21952486
v 0.02200726 0.70589256 0.21723559
v 0.03431081 0.70312369 0.23146522
v 0.03206408 0.74137294 0.23314610
v 0.07203939 0.70679969 0.24380651
v 0.06680246 0.74463892 0.24339655
v 0.04839395 0.74145740 0.24210757
v 0.05187170 0.70350015 0.24120322
v 0.09330799 0.74874318 0.22676891
v 0.08081640 0.74629927 0.23791572
v 0.08964287 0.70840573 0.23923334
v 0.10420888 0.75262296 0.20892163
v 0.10455912 0.75830901 0.18537407
v -0.00628657 0.16541761 0.05379681
v -0.00571815 0.16393924 0.07088459
v -0.00324411 0.18146139 0.03762873
v -0.00181588 0.17989114 0.02069025
v 0.05312599 0.31035632 -0.00356617
v 0.05590425 0.28307319 -0.01947690
v 0.04810763 0.36468542 0.02597195
v 0.05108316 0.33790463 0.01133069
v 0.04542455 0.39045447 0.04097882
v 0.03767231 0.43856329 0.06928918
v 0.04229556 0.41512656 0.05607804
v 0.03825087 0.46228147 0.08367534
v 0.04172320 0.48692083 0.09448703
v 0.04438218 0.51530498 0.10047896
v 0.04128758 0.57607192 0.11454849
v 0.04478754 0.54472637 0.10735205
v 0.02029689 0.57138002 0.13281164
v 0.03344273 0.64592278 0.13166308
v 0.03629052 0.61012775 0.12195463
v 0.03544561 0.72335255 0.15521386
v 0.03396308 0.68439609 0.14352870
v 0.03792420 0.75968218 0.16524231
v 0.09996929 0.18493596 -0.07846454
v 0.10367139 0.16434845 -0.08649236
v 0.07243524 0.18022636 -0.08754346
v 0.06712379 0.19555894 -0.07768372
v 0.00652462 0.18604583 -0.02575677
v 0.00508743 0.18412784 -0.01817919
v 0.01264997 0.18912020 -0.03837849
v 0.01330990 0.19095007 -0.04633849
v 0.15646878 0.41326022 0.08823285
v 0.10354321 0.34032112 0.16802225
v 0.05687872 0.33942938 0.16005071
v 0.07984522 0.33847356 0.16849010
v 0.06587648 0.42267174 0.04117211
v 0.09567915 0.42726541 0.03172668
v 0.10018443 0.40281105 0.02113973
v 0.07107420 0.39821595 0.02747971
v 0.10079148 0.55792254 0.10179852
v 0.07126827 0.55212241 0.10054365
v 0.06918525 0.58234072 0.10892820
v 0.10395513 0.53253084 0.09313728
v 0.11249698 0.51780301 0.21610904
v 0.08929447 0.51475245 0.22083908
v 0.06032689 0.54803848 0.22959432
v 0.06582229 0.51452976 0.21672204
v 0.08589246 0.54827857 0.23316738
v 0.07927633 0.34770536 0.00096147
v 0.07511435 0.37315834 0.01398161
v 0.10508014 0.37696767 0.01088204
v 0.10977048 0.35111260 -0.00076333
v 0.12482975 -0.22102672 0.08472863
v 0.14709347 -0.21235177 0.06869289
v 0.17756425 -0.28199911 -0.14486684
v 0.16637877 -0.27389050 -0.15738185
v 0.16681403 -0.26294857 -0.13736416
v 0.18004289 -0.27238005 -0.11950850
v 0.18952024 -0.28520584 -0.10855804
v 0.18506655 -0.29295188 -0.13464092
v 0.19501446 -0.29959637 -0.10150959
v 0.18961585 -0.30570245 -0.12690632
v 0.20373435 -0.35803515 -0.09788588
v 0.20130418 -0.36837834 -0.09723575
v 0.04665550 -0.23142454 -0.22199546
v 0.04858004 -0.20231864 -0.22783817
v 0.07934460 -0.20598844 -0.21988927
v 0.10641117 -0.01796508 -0.16905284
v 0.10742982 0.06149957 -0.10938507
v 0.08263113 0.06871206 -0.12222797
v 0.07217977 0.10298577 -0.11500959
v 0.02766448 0.17994782 -0.10016069
v 0.01316994 0.18888047 -0.08494827
v 0.00690925 0.19178498 -0.05296050
v 0.00295867 0.18584582 -0.02739432
v 0.05393812 -0.28807068 0.09871885
v 0.05666022 -0.31511539 0.09701531
v 0.02357082 -0.51469046 0.01489642
v 0.04571204 -0.51735985 0.01982531
v 0.04685163 -0.54155356 0.00090424
v 0.02448993 -0.53895676 -0.00225691
v 0.02462127 -0.54932082 -0.01114805
v 0.04624368 -0.55167735 -0.00905516
v 0.02401042 -0.59663069 -0.06690594
v 0.02541383 -0.58791137 -0.05320330
v -0.00007635 0.17708224 0.00230348
v -0.00234421 0.17373687 0.01623172
v 0.00266749 0.18179446 -0.00788185
v 0.03490922 0.21305752 -0.05119826
v 0.03831743 0.20149076 -0.06397954
v 0.01769564 0.19988564 -0.04024638
v 0.01448949 0.20867965 -0.02972427
v 0.19617563 0.12501177 0.06967537
v 0.19865493 0.14132968 0.02573683
v 0.06708527 0.14491189 0.15378819
v 0.21074615 -0.31317580 0.03152860
v 0.20092574 -0.33265150 0.02545073
v 0.21510799 -0.33773297 0.03268488
v 0.22549786 -0.31782287 0.03759863
v 0.06636249 -0.40770400 0.08022948
v 0.07217385 -0.37477052 0.08773200
v 0.10308687 -0.53527349 -0.13782054
v 0.18261237 -0.53259254 -0.12593253
v 0.16678259 -0.54019547 -0.12274240
v 0.16528291 -0.51695597 -0.14568000
v 0.17786551 -0.50988573 -0.14745018
v 0.17740907 -0.51572216 -0.02130458
v 0.16153832 -0.52083993 -0.01209325
v 0.16540645 -0.53445435 -0.03312871
v 0.18091452 -0.52825469 -0.04257049
v 0.04090993 -0.01132089 0.18771552
v 0.00892674 -0.01068893 0.18340114
v 0.03533610 -0.21571746 0.09756042
v 0.03200751 -0.24134210 0.09638819
v 0.05498552 -0.23831770 0.10071677
v 0.05974534 -0.21434203 0.10386795
v 0.09923206 -0.38748443 0.07835537
v 0.11582744 -0.36554408 0.07737736
v 0.05284016 -0.30680424 -0.21382846
v 0.07155792 -0.30961519 -0.21617550
v 0.06860278 -0.32575440 -0.21361877
v 0.04967678 -0.32405329 -0.21145210
v 0.23517357 -0.37555867 0.02430927
v 0.22071777 -0.36457342 0.02975827
v 0.20791329 -0.38134694 0.02513353
v 0.21736787 -0.39004123 0.02448059
v 0.14199495 0.12099111 0.14537209
v 0.17734547 0.11141011 0.11350055
v 0.16060762 -0.23238546 0.04073978
v 0.16075091 -0.21590552 0.04244012
v 0.14016512 -0.22780311 0.06509431
v 0.14124553 -0.24498886 0.06491739
v 0.17363212 -0.28407782 0.03000227
v 0.16737542 -0.26718122 0.03459124
v 0.17884699 -0.30214310 0.02561315
v 0.19523524 -0.40633512 -0.01025986
v 0.19801351 -0.40139371 -0.00977193
v 0.19796310 -0.40845346 0.00112639
v 0.06346237 0.21177647 -0.06325737
v 0.07829570 0.15624899 -0.09724744
v 0.07219510 0.14471036 -0.10368952
v 0.00184224 0.17971784 -0.00921611
v 0.00112908 0.18083629 -0.01337016
v 0.07284496 -0.53715330 -0.16316423
v 0.07818090 -0.55235171 -0.15028194
v 0.17835963 -0.37193400 -0.01594976
v 0.18374856 -0.38243103 -0.02821315
v 0.20140520 -0.37241673 -0.02004890
v 0.20096947 -0.38142228 -0.02233739
v 0.20205289 -0.37429726 -0.04425110
v 0.20276366 -0.36487019 -0.04371697
v 0.19937898 -0.38077497 -0.00152124
v 0.19976562 -0.38885748 -0.00397180
v 0.16306396 -0.40359497 -0.17061454
v 0.16390969 -0.42731941 -0.16641989
v 0.15264823 -0.43141520 -0.16951977
v 0.15156664 -0.40773636 -0.17428844
v 0.13839611 -0.40839350 -0.17795594
v 0.14053352 -0.43273127 -0.17248163
v 0.12542817 -0.43242753 -0.17691471
v 0.12307779 -0.40756214 -0.18298000
v 0.09871180 -0.50552106 -0.15369973
v 0.08026027 -0.48905772 -0.16625951
v 0.05936489 -0.47774619 -0.17514792
v 0.04050604 -0.47102070 -0.18136513
v 0.02661460 -0.57837594 -0.04093682
v 0.05269936 -0.57756591 -0.04345537
v 0.04729355 -0.56886315 -0.03045046
v 0.02557236 -0.56841326 -0.02997176
v 0.00391798 -0.56770736 -0.03147805
v 0.00458091 -0.57767868 -0.04168379
v 0.06590073 -0.51707536 -0.16652907
v 0.05118800 -0.50493419 -0.17511487
v 0.03756020 -0.48978662 -0.18071672
v 0.26636955 -0.30789411 -0.06119612
v 0.26067924 -0.33054364 -0.07080482
v 0.07503587 -0.58328104 -0.12036316
v 0.07931694 -0.56868422 -0.13599294
v 0.27930108 -0.31553876 -0.04788026
v 0.27423951 -0.33864760 -0.05602116
v 0.14868100 -0.48822904 -0.15591691
v 0.16102277 -0.48745590 -0.15661217
v 0.15214281 -0.51996785 -0.14306194
v 0.06299764 -0.52224720 -0.17275921
v 0.05002073 -0.50934005 -0.18082306
v 0.20079407 0.09585103 0.05346255
v 0.19923459 0.11179465 0.01358976
v 0.18842839 -0.17394653 -0.01765052
v 0.18900657 -0.15970743 -0.05228972
v 0.02152146 -0.13901907 -0.23668806
v 0.02194723 -0.11240008 -0.23566833
v 0.05277093 -0.11363563 -0.22923991
v 0.05252592 -0.14172930 -0.23134109
v 0.01546171 -0.22804725 -0.22564563
v 0.01724428 -0.19871816 -0.23135172
v 0.02221785 -0.50061285 -0.19065848
v 0.08345992 -0.06948283 -0.20847331
v 0.08205041 -0.09220064 -0.21377158
v 0.05235305 -0.08761185 -0.22404897
v 0.05314870 -0.06399965 -0.21803494
v 0.04227818 -0.04265365 -0.20834301
v 0.04048181 -0.03339747 -0.20281893
v 0.04858135 0.12514332 -0.12066127
v 0.03636833 0.12366879 -0.12488450
v 0.21264988 -0.36897993 -0.11861674
v 0.23044164 -0.38280702 -0.11107604
v 0.22612818 -0.40040183 -0.11938415
v 0.21004103 -0.38534558 -0.12641270
v 0.13179864 -0.08826014 -0.16829017
v 0.10923845 -0.07774675 -0.19250669
v 0.20099734 -0.34919870 -0.12090874
v 0.20446204 -0.34679824 -0.09638050
v 0.04377203 -0.25776142 -0.21510203
v 0.08934728 -0.31276482 -0.21497533
v 0.08703364 -0.32816839 -0.21159318
v 0.10580648 -0.31639349 -0.21019672
v 0.10389268 -0.33044910 -0.20658489
v -0.00068945 0.17566919 0.00109309
v -0.00036717 0.17326480 0.00406536
v 0.25224760 -0.43657815 -0.01486943
v 0.24712600 -0.43335760 -0.00525247
v 0.24114230 -0.44427651 -0.00480524
v 0.24697040 -0.44798148 -0.01500316
v 0.00009040 0.20902601 0.01808461
v 0.00358711 0.19728598 0.00291668
v 0.00081270 0.14604187 0.09460428
v -0.00801082 0.15354279 0.07373737
v -0.01014276 0.14418200 0.08033477
v -0.01274279 0.13569227 0.09182930
v 0.09148044 0.26373816 -0.04048144
v 0.09525257 0.23429790 -0.05424544
v 0.08778502 0.29382032 -0.02693105
v 0.08298881 0.32197326 -0.01285020
v 0.06398110 0.49200201 0.08342473
v 0.07307296 0.52181381 0.08928140
v 0.06511779 0.61568820 0.11807907
v 0.06153155 0.65094441 0.12838356
v 0.05846159 0.68865609 0.13945931
v 0.05504138 0.76357776 0.15952502
v 0.05609749 0.72714555 0.15100843
v 0.28554282 -0.32159388 -0.03136721
v 0.28440389 -0.32489967 -0.01290867
v 0.27737448 -0.34921759 -0.01781508
v 0.28012320 -0.34637642 -0.03770909
v 0.17704378 -0.33749437 -0.01420134
v 0.18336587 -0.32060158 -0.00519362
v 0.18107839 -0.31392312 -0.02736296
v 0.17453623 -0.33100754 -0.03846456
v 0.19124879 -0.30259824 0.00462262
v 0.19007683 -0.32703054 0.01309850
v 0.19926749 -0.30825758 0.02067829
v 0.24167034 -0.32265329 0.03782845
v 0.23151560 -0.34336483 0.03373966
v 0.24710715 -0.34898239 0.02768460
v 0.25723743 -0.32643813 0.03185253
v 0.27932826 -0.32720220 0.00522753
v 0.26998746 -0.32778293 0.02099929
v 0.26187816 -0.35079849 0.01611988
v 0.27185032 -0.35009944 0.00046302
v 0.20055035 -0.28876209 -0.05377731
v 0.19306681 -0.30759346 -0.06735492
v 0.18388291 -0.30915785 -0.04949294
v 0.19190976 -0.29132080 -0.03640430
v 0.24708885 -0.39537954 -0.09920138
v 0.24262746 -0.41354614 -0.10813527
v 0.19523139 -0.38201928 -0.11728342
v 0.19130112 -0.38601464 -0.11123054
v 0.19086529 -0.38510263 -0.13339007
v 0.19410254 -0.38989961 -0.13760968
v 0.23780297 -0.34413004 -0.09180571
v 0.25661337 -0.35322607 -0.08096303
v 0.25185174 -0.37509203 -0.09054901
v 0.23368180 -0.36422276 -0.10238310
v 0.18605720 -0.32514048 -0.08089589
v 0.18038900 -0.34141290 -0.09493074
v 0.17394081 -0.34335172 -0.07456945
v 0.17704229 -0.32638252 -0.06212424
v 0.19480130 -0.37372655 0.02058227
v 0.20483875 -0.35720170 0.02711949
v 0.19442655 -0.37183166 -0.12898964
v 0.19397852 -0.35823077 -0.11827771
v 0.19879977 -0.33894086 -0.11944927
v 0.20328531 -0.35503829 -0.04217004
v 0.20303604 -0.34516680 -0.03981690
v 0.16571622 -0.28434628 -0.17100364
v 0.16328201 -0.29505336 -0.17631277
v 0.20157044 -0.31412768 -0.06744096
v 0.19923334 -0.29747343 -0.07022967
v 0.16816254 -0.29574960 -0.16861711
v 0.17285241 -0.29015982 -0.16139956
v 0.12861097 -0.21177915 -0.18364772
v 0.03811688 -0.48190475 -0.18027467
v 0.19582479 -0.34474444 -0.10640973
v 0.21493210 -0.35256457 -0.10854162
v 0.20615178 -0.40160352 0.02097476
v 0.19708692 -0.39477623 0.01893615
v 0.19207096 -0.40405881 0.01208426
v 0.19840769 -0.41071999 0.01625327
v 0.14007404 -0.40821129 0.05806272
v 0.15011624 -0.39348078 0.05526270
v 0.13387328 -0.38071513 0.06526718
v 0.12156898 -0.39838445 0.06833464
v 0.26020831 -0.43501365 -0.03437021
v 0.25523692 -0.44907463 -0.03784149
v 0.25880596 -0.44458556 -0.05355171
v 0.26428056 -0.42846042 -0.04810952
v 0.25972620 -0.43742472 -0.07133666
v 0.25496092 -0.42600012 -0.09095483
v 0.25958142 -0.40683103 -0.08272319
v 0.26530212 -0.41892093 -0.06440145
v 0.19623184 0.05251884 0.07173400
v 0.18123704 0.04028881 0.10271633
v 0.16348009 -0.06023121 -0.09251742
v 0.17815620 -0.07467759 -0.06337737
v 0.13656230 0.04482797 -0.08882014
v 0.02225664 0.19168523 -0.05511469
v 0.04652670 0.18511114 -0.08199732
v -0.00177581 0.22858804 0.03453578
v 0.20341882 0.06614563 0.03968355
v 0.00408736 0.28091204 0.06654416
v 0.00063061 0.25355297 0.05134760
v 0.03948084 0.25590289 0.14962675
v 0.03398238 0.22395441 0.14347874
v 0.06561195 0.22287273 0.15966412
v 0.06824110 0.25362962 0.16395603
v 0.09851574 0.22430661 0.16304581
v 0.09925660 0.25463104 0.16590869
v 0.13438383 0.37568128 0.02141072
v 0.05600184 0.58433998 0.23726177
v 0.07909244 0.62437391 0.24362391
v 0.05435139 0.62326723 0.24051103
v 0.08217716 0.58463484 0.24064526
v 0.11074764 0.55138600 0.22678360
v 0.10765413 0.58766806 0.23383740
v 0.13443023 0.64612138 0.16416542
v 0.05400419 0.66324520 0.24109617
v 0.07645676 0.66559702 0.24403322
v 0.10319617 0.62681824 0.23766133
v 0.09754484 0.66761225 0.23901883
v 0.00580094 0.19174400 -0.01038222
v -0.01465252 0.12669641 0.10846496
v 0.18629541 0.12422964 -0.02209369
v 0.18761183 0.15430450 -0.01321312
v 0.10663152 0.14506450 -0.08957727
v 0.13561903 0.12426504 -0.07689460
v 0.16814770 -0.13315403 -0.11326718
v 0.15023652 -0.12148136 -0.14208286
v 0.16144945 -0.17681432 -0.12040290
v 0.16523035 -0.15438342 -0.11642669
v 0.17807440 -0.16591612 -0.08743966
v 0.17382985 -0.18679997 -0.09105341
v 0.18026648 -0.20851001 -0.02273725
v 0.18305974 -0.19083315 -0.02030339
v 0.17627501 -0.20327818 0.01388080
v 0.17484424 -0.21997002 0.01142539
v 0.16765624 -0.20076203 0.04589691
v 0.18198659 -0.18780047 0.01673425
v 0.07546157 -0.25581300 0.09689002
v 0.07620166 -0.27910256 0.09649763
v 0.09795731 -0.26894844 0.09119156
v 0.09763360 -0.24799860 0.09137188
v 0.06041812 0.13321570 -0.11259854
v 0.00973732 0.18787888 -0.02937534
v 0.09804630 0.20756027 -0.06681830
v 0.13426787 0.17499912 -0.06741638
v 0.16484129 0.16615984 -0.04599065
v 0.18378706 -0.37886137 -0.04835388
v 0.18551886 -0.41197824 0.03587667
v 0.18397306 -0.42378044 0.03602464
v 0.26555890 -0.38681579 -0.07456012
v 0.27075210 -0.39951050 -0.05593392
v 0.17912279 -0.35523731 -0.10831669
v 0.22280212 -0.41608852 -0.12694858
v 0.20560570 -0.41385967 -0.13919091
v 0.20791522 -0.40107322 -0.13274762
v 0.16119555 0.05412689 -0.06333790
v 0.16061021 0.08180755 -0.06075146
v 0.18441144 0.06618643 -0.03549809
v -0.00766735 0.16025490 0.05542127
v -0.00694045 0.15346214 0.06279172
v 0.07689294 0.16701245 -0.09407197
v 0.01093518 0.33531225 0.09197478
v 0.00845621 0.30873555 0.07988739
v 0.01158777 0.36037618 0.10405442
v 0.01232367 0.38517827 0.11689764
v 0.01425269 0.40978479 0.12885188
v 0.02040097 0.43577033 0.13886216
v 0.02642165 0.46329451 0.14553127
v 0.02462780 0.49395514 0.15583685
v 0.01063801 0.56598788 0.15607186
v 0.01878613 0.52699345 0.16784993
v 0.01214682 0.56084633 0.17830637
v 0.00727860 0.59532279 0.18688592
v 0.01184084 0.66899514 0.19746377
v 0.00625490 0.63089681 0.19315346
v 0.01583847 0.70792162 0.20170772
v 0.01706694 0.74649203 0.20582706
v -0.00236351 0.17164046 0.01752641
v -0.00449009 0.16638792 0.03515996
v 0.13354249 -0.48783708 -0.15500499
v 0.20346084 -0.36002880 -0.07100651
v 0.20193951 -0.36929834 -0.07045143
v 0.18147922 -0.36646235 -0.11850500
v -0.01688923 0.11144647 0.12485716
v -0.02036240 0.09518510 0.14112769
v 0.26338121 -0.37199932 -0.00168280
v 0.27083293 -0.37340838 -0.01915861
v 0.17561057 -0.35936916 -0.08661291
v 0.19763280 -0.38013250 -0.09318510
v 0.19368573 -0.38910949 -0.08771154
v 0.31275401 -0.12745076 -0.02395269
v 0.31139663 -0.10622859 -0.02286163
v 0.32286891 -0.10828251 -0.01449306
v 0.32403627 -0.13010681 -0.01435192
v 0.29804280 -0.12515545 -0.02827711
v 0.29724953 -0.10445297 -0.02626118
v 0.24570329 -0.11959004 0.02365424
v 0.25214726 -0.09937543 0.02700624
v 0.25356838 -0.10002172 0.01021561
v 0.24844283 -0.12069637 0.00666176
v 0.28228891 -0.08259624 -0.02206707
v 0.28243202 -0.10302335 -0.02414450
v 0.26881090 -0.10199815 -0.01673028
v 0.27035451 -0.08157414 -0.01399980
v 0.26446086 -0.12299734 0.05339016
v 0.25565428 -0.14251870 0.05210772
v 0.27154085 -0.14633119 0.05898357
v 0.28038287 -0.12675345 0.05827725
v 0.22916068 -0.20336092 0.00167662
v 0.22683316 -0.21904600 -0.00444921
v 0.22010536 -0.21678168 0.01130961
v 0.22467497 -0.20099086 0.01817055
v 0.31467107 -0.17247796 -0.02603994
v 0.31359813 -0.14973074 -0.02495423
v 0.32443842 -0.15285319 -0.01386144
v 0.32423708 -0.17607233 -0.01308091
v 0.26467702 -0.16616032 -0.02716560
v 0.26521736 -0.18888426 -0.02999273
v 0.24956258 -0.18773270 -0.01927159
v 0.25021458 -0.16506845 -0.01560266
v 0.32313493 -0.19857317 -0.01155752
v 0.31638402 -0.19530350 -0.02669972
v 0.26752120 -0.12287784 -0.02031687
v 0.26573792 -0.14402664 -0.02378669
v 0.25280267 -0.14345211 -0.01198150
v 0.25602198 -0.12212014 -0.00831620
v 0.28022850 -0.08382207 0.05105005
v 0.27271798 -0.10339284 0.05305732
v 0.28807664 -0.10693371 0.05606974
v 0.29453605 -0.08696908 0.05264032
v 0.26355311 -0.08103430 -0.00165806
v 0.25967699 -0.10128874 -0.00461526
v 0.25949094 -0.08014935 0.01308099
v 0.33149642 -0.09007001 0.01013834
v 0.33100620 -0.11233795 0.01426375
v 0.33014101 -0.11050797 -0.00167408
v 0.32940516 -0.08879274 -0.00390337
v 0.23562543 -0.16205761 0.01420129
v 0.24016078 -0.14063519 0.01905722
v 0.24402599 -0.14206851 0.00234704
v 0.24038596 -0.16362602 -0.00172868
v 0.29943576 -0.16957214 -0.03335020
v 0.29850084 -0.14696687 -0.03066979
v 0.32947868 -0.13458997 0.01808970
v 0.32677159 -0.15718451 0.02180799
v 0.32862917 -0.15563101 0.00286208
v 0.32983106 -0.13292795 0.00058094
v 0.31167820 -0.17841953 0.04140374
v 0.31788266 -0.15718305 0.03824839
v 0.30388033 -0.15490904 0.05005525
v 0.29592457 -0.17570236 0.05247215
v 0.23012069 -0.18150276 0.02587191
v 0.23199518 -0.18318903 0.00839346
v 0.24674556 -0.16236126 0.04902713
v 0.23773791 -0.18225747 0.04410209
v 0.25238654 -0.18629980 0.05541188
v 0.26208904 -0.16603658 0.05817056
v 0.28541428 -0.22790369 -0.03755034
v 0.28485465 -0.21206528 -0.03815136
v 0.30278498 -0.21436733 -0.03584495
v 0.30205575 -0.23129740 -0.03436741
v 0.31642374 -0.21731865 -0.02522196
v 0.31434757 -0.23528802 -0.02290185
v 0.30694291 -0.26473856 -0.00458089
v 0.31136942 -0.25333381 -0.00439123
v 0.30224881 -0.25692904 0.01166463
v 0.29899392 -0.26831234 0.01119199
v 0.29522306 -0.21911711 0.04898788
v 0.30362445 -0.19932267 0.04508742
v 0.28670409 -0.19607672 0.05461563
v 0.27691126 -0.21623278 0.05635356
v 0.24838938 -0.22800896 0.05808692
v 0.25893325 -0.21133757 0.05858404
v 0.24198577 -0.20521492 0.05243824
v 0.23212656 -0.22068647 0.04859583
v 0.21639825 -0.27590036 0.03737345
v 0.22253254 -0.26340127 0.04435599
v 0.20992215 -0.25729132 0.03141757
v 0.20508246 -0.26999950 0.02441531
v 0.20806126 -0.24980605 -0.00670045
v 0.21830337 -0.24874020 -0.02205458
v 0.21383241 -0.25864327 -0.02957075
v 0.20405325 -0.26091969 -0.01389794
v 0.27870512 -0.26904714 -0.04521683
v 0.28122139 -0.25840497 -0.04290627
v 0.29593536 -0.26481366 -0.03464208
v 0.29224437 -0.27642488 -0.03520051
v 0.28708223 -0.23580280 0.05086177
v 0.26621950 -0.23566881 0.05822447
v 0.21210836 -0.23927337 -0.00087289
v 0.21581472 -0.22918904 0.00489158
v 0.22423691 -0.23015162 -0.01088857
v 0.22138049 -0.23944533 -0.01644485
v 0.24952900 -0.24407724 -0.03381317
v 0.25127617 -0.23467049 -0.02839321
v 0.26689181 -0.23654747 -0.03563024
v 0.26526231 -0.24580753 -0.03953175
v 0.28250036 -0.24960041 -0.04104500
v 0.28428480 -0.23966175 -0.03885192
v 0.30040178 -0.24400577 -0.03427718
v 0.29832187 -0.25481099 -0.03456542
v 0.28327057 -0.24725235 0.05076386
v 0.27832332 -0.25679076 0.05111441
v 0.28748652 -0.25955570 0.04018450
v 0.29310131 -0.25008965 0.04005124
v 0.22380312 -0.23390800 0.04294977
v 0.23858052 -0.24047136 0.05326400
v 0.25294432 -0.22382987 -0.02415572
v 0.23706488 -0.23225534 -0.02166318
v 0.23866460 -0.22140539 -0.01591047
v 0.31111366 -0.24901551 -0.02210132
v 0.22953530 -0.28067017 0.04486499
v 0.22144574 -0.29416698 0.03874951
v 0.23514692 -0.29903710 0.04394983
v 0.24335288 -0.28498745 0.04848806
v 0.20940031 -0.28890151 0.02920764
v 0.20015217 -0.28378981 0.01523620
v 0.20799747 -0.27116048 -0.04036181
v 0.19868831 -0.27351040 -0.02377709
v 0.22159526 -0.27125460 -0.05221467
v 0.22773103 -0.25848341 -0.04090320
v 0.24368568 -0.26092184 -0.04714358
v 0.23749605 -0.27425539 -0.05877969
v 0.27244985 -0.28694010 -0.05145020
v 0.28518963 -0.29415345 -0.04007984
v 0.29882389 -0.28252703 -0.02083438
v 0.29206756 -0.29936230 -0.02443914
v 0.20474310 -0.25223464 0.01243445
v 0.20948724 -0.24147037 0.01850235
v 0.32243758 -0.13512313 0.03461480
v 0.32548940 -0.11309117 0.02986046
v 0.31457576 -0.11252326 0.04232918
v 0.31029868 -0.13376582 0.04665066
v 0.30237699 -0.11022967 0.05184095
v 0.30721980 -0.08956414 0.04735630
v 0.28171256 -0.14484113 -0.03062027
v 0.28222248 -0.12346238 -0.02745944
v 0.29623458 -0.08411002 -0.02491209
v 0.26859769 -0.22547695 -0.03259761
v 0.26765203 -0.21018094 -0.03154477
v 0.29024011 -0.26958954 0.02536427
v 0.28723842 -0.27976459 0.02565853
v 0.29540160 -0.27837646 0.01081359
v 0.30050364 -0.23889554 0.03680697
v 0.30553111 -0.24313900 0.01564600
v 0.31536773 -0.22217134 0.01049839
v 0.30927941 -0.22220352 0.03231432
v 0.27144101 -0.26677179 0.05105548
v 0.26524100 -0.27686870 0.04924301
v 0.27767453 -0.27916741 0.03952505
v 0.28256178 -0.26904726 0.04004416
v 0.26085740 -0.26411700 -0.04844366
v 0.26326483 -0.25420862 -0.04344743
v 0.28571469 -0.30541438 0.00921787
v 0.29122695 -0.30223453 -0.00703265
v 0.29748213 -0.28653407 -0.00501161
v 0.29115030 -0.28969693 0.01012570
v 0.30250791 -0.27542937 -0.00458863
v 0.27701113 -0.30717254 0.02414155
v 0.28297290 -0.29147220 0.02533236
v 0.25539890 -0.28006911 -0.05823435
v 0.25845468 -0.28921837 0.04630340
v 0.25065351 -0.30381459 0.04270961
v 0.26523513 -0.30644500 0.03544094
v 0.27209064 -0.29120213 0.03788960
v 0.29611298 -0.13076806 0.05528622
v 0.28830793 -0.15111762 0.05723392
v 0.22097147 -0.21658137 0.03138461
v 0.22817875 -0.20102715 0.03825800
v 0.21539840 -0.22995946 0.02468710
v 0.25122935 -0.12028092 0.04106899
v 0.25927171 -0.10045373 0.04287500
v 0.23663583 -0.16103807 0.03254271
v 0.24355505 -0.14052582 0.03760809
v 0.32264104 -0.17948949 0.02510062
v 0.24411380 -0.25747669 0.05346106
v 0.25256199 -0.24768984 0.05764134
v 0.23039889 -0.25177199 0.04868867
v 0.19556502 -0.27811062 -0.00433486
v 0.20062250 -0.26442111 0.00543075
v 0.27105045 -0.24667871 0.05577962
v 0.18848830 -0.29647160 -0.01590780
v 0.31518418 -0.23953423 -0.00483390
v 0.30366915 -0.27074361 -0.02113447
v 0.30766585 -0.26015794 -0.02162242
v 0.32159120 -0.08719474 -0.01535761
v 0.28151929 -0.16724840 -0.03439326
v 0.25169674 -0.20872897 -0.02208927
v 0.23841695 -0.20606187 -0.01135277
v 0.23697564 -0.26834941 0.04991705
v 0.25065449 -0.27280933 0.05228717
v 0.25759920 -0.26266265 0.05513229
v 0.23209246 -0.24916601 -0.03285606
v 0.24703547 -0.25171268 -0.03917506
v 0.26713577 -0.08122349 0.04304145
v 0.23473707 -0.24088019 -0.02689666
v 0.31975222 -0.22027469 -0.00841176
v 0.02418368 -0.52721786 0.00665390
v 0.00374879 -0.51349002 0.01055088
v 0.00343686 -0.52613139 0.00228379
v 0.19383064 -0.28005487 -0.07500038
v 0.15625037 -0.24126169 -0.14213611
v 0.17007011 -0.24787992 -0.11580226
v 0.20417249 -0.34961104 -0.07029834
v 0.20318545 -0.33907193 -0.06823473
v 0.19513507 -0.39123911 -0.06478636
v 0.19843522 -0.38285071 -0.06782975
v 0.19818780 -0.31341076 -0.09638806
v 0.08910505 -0.65935987 -0.25041786
v 0.08796301 -0.65642297 -0.24219288
v 0.09040531 -0.66886449 -0.26165327
v 0.03897846 -0.05282217 -0.21452047
v 0.02334103 -0.03479010 -0.20121489
v 0.02481412 -0.02257383 -0.19852853
v 0.08919255 -0.63754034 -0.24767272
v 0.08739585 -0.63701105 -0.23936723
v 0.09102453 -0.63647634 -0.24449149
v 0.08908652 -0.63733739 -0.25061202
v 0.08877473 -0.63686335 -0.24960302
v 0.09064427 -0.66295975 -0.27134013
v 0.08549602 -0.65182173 -0.23481920
v 0.08338005 -0.64462209 -0.22789268
v 0.08888990 -0.65070140 -0.26393560
v 0.04456153 -0.13967600 0.12743172
v 0.04665101 -0.11862731 0.13697357
v 0.01533604 -0.11795104 0.13126060
v 0.01472284 -0.13712132 0.11786038
v -0.01852877 -0.10102847 0.13771077
v -0.01804651 -0.11852610 0.12447093
v 0.01572926 -0.09856123 0.14511801
v 0.14918227 -0.05730775 0.13151492
v 0.14747010 -0.08101907 0.12457001
v 0.16826388 -0.07917863 0.10254425
v 0.17163679 -0.05536354 0.10783219
v 0.18165910 -0.09092015 0.07312484
v 0.18357305 -0.07273078 0.07551342
v 0.16568865 -0.09870404 0.09890133
v 0.18986791 -0.07947686 0.04151398
v 0.19242257 -0.06058264 0.04450062
v 0.18946905 -0.06589907 0.00987130
v 0.19390260 -0.04569644 0.01405352
v 0.18914627 -0.02977359 -0.01496153
v 0.17794505 -0.01455626 -0.04447480
v 0.16069075 0.02691597 -0.06689170
v 0.16079101 0.00145447 -0.07125278
v 0.13923542 0.01673612 -0.09474640
v 0.11328989 0.02978563 -0.11594978
v 0.08847722 0.03878725 -0.13070641
v 0.06588373 0.04442057 -0.14075540
v 0.04433380 0.04768640 -0.14727242
v 0.02463867 0.04967448 -0.15006129
v 0.02484833 0.07468012 -0.14025684
v 0.12842597 -0.45980990 -0.16710371
v 0.11037449 -0.57362384 -0.07038915
v 0.12994497 -0.56209743 -0.09312612
v 0.12214862 -0.56810355 -0.06640753
v 0.14186968 -0.52441156 -0.00042556
v 0.11857570 -0.52538502 0.01116911
v 0.12243032 -0.53991032 -0.00416685
v 0.14664184 -0.53954530 -0.02035915
v 0.09902924 -0.57297683 -0.05061729
v 0.09159297 -0.57586467 -0.05494210
v 0.10756246 -0.56832433 -0.04382695
v 0.08826420 -0.56509691 -0.02826213
v 0.06782760 -0.56211668 -0.02228520
v 0.18420768 -0.54222518 -0.09624553
v 0.20047125 -0.53057200 -0.10074066
v 0.19658408 -0.52935636 -0.07258397
v 0.18234813 -0.53857625 -0.06647638
v 0.17403713 -0.50351447 -0.00409013
v 0.18821903 -0.49928546 -0.01150062
v 0.18552160 -0.48777974 0.00295886
v 0.17062096 -0.49065340 0.01050547
v 0.23679365 -0.48018211 -0.10553294
v 0.24506418 -0.46159637 -0.10245767
v 0.24637017 -0.47116566 -0.08063470
v 0.23666592 -0.48770511 -0.08215283
v 0.19122979 -0.51087326 -0.02920870
v 0.09053449 -0.41208190 0.07437533
v 0.11257742 -0.41692483 0.06861673
v 0.13181962 -0.42327511 0.05904493
v 0.18296784 -0.43589377 0.03399650
v 0.17081507 -0.41872466 0.04359649
v 0.16885154 -0.43253309 0.04152672
v 0.19409035 -0.43928671 0.02505675
v 0.20076789 -0.44067186 0.01758912
v 0.20287029 -0.42637581 -0.14505386
v 0.19534373 -0.40518099 -0.14827031
v 0.19572435 -0.39650232 -0.14296523
v 0.20633543 -0.43621659 0.01029321
v 0.20275253 -0.43130934 0.01154989
v 0.20153396 -0.43106818 0.01178939
v 0.20345049 -0.43627125 0.01076685
v 0.16739437 -0.55040622 -0.09192006
v 0.24330957 -0.47553027 -0.05974554
v 0.24057232 -0.47505081 -0.04198399
v 0.23024410 -0.48666173 -0.04262488
v 0.23319128 -0.48886782 -0.06120778
v 0.23660874 -0.47266692 -0.02738626
v 0.23244281 -0.46874934 -0.01608304
v 0.22290187 -0.47577184 -0.01441265
v 0.22651199 -0.48168755 -0.02656283
v 0.20998633 -0.44174570 0.00857533
v 0.20543757 -0.44291621 0.00885597
v 0.23939738 -0.43036616 -0.11570917
v 0.21026163 -0.50272083 -0.12993172
v 0.19774078 -0.51962310 -0.12853858
v 0.18943171 -0.49691159 -0.14846408
v 0.19960919 -0.48134345 -0.14727063
v 0.19166805 -0.38775367 -0.05885020
v 0.19189118 -0.39050603 -0.03864557
v 0.19105864 -0.39564580 -0.01880752
v 0.19841138 -0.41691834 0.00881479
v 0.19158438 -0.40167242 -0.00334542
v 0.18558246 -0.37722993 -0.12670293
v 0.19530021 -0.38476151 -0.13657239
v 0.18093430 -0.46907556 -0.15545531
v 0.18966651 -0.45596081 -0.15323316
v 0.25067317 -0.44380230 -0.09749289
v 0.25362620 -0.45444518 -0.07662247
v 0.20891045 -0.42162323 0.01609785
v 0.20463793 -0.42630929 0.01354611
v 0.20908067 -0.43139392 0.01285380
v 0.19802161 -0.41495389 0.01976902
v 0.19893099 -0.42507547 0.01155518
v 0.21472645 -0.51463574 -0.10427870
v 0.24842355 -0.46284342 -0.03968951
v 0.25181252 -0.46130127 -0.05739550
v 0.21525487 -0.48896444 -0.02403028
v 0.20248829 -0.49501097 -0.01886883
v 0.20477779 -0.50417995 -0.03558921
v 0.21800742 -0.49572420 -0.04026835
v 0.23399287 -0.45390296 -0.00460362
v 0.23960312 -0.45965058 -0.01461407
v 0.19973229 -0.48498935 -0.00463912
v 0.21191041 -0.48071444 -0.01039940
v 0.21421637 -0.43687606 0.01103513
v 0.17225479 -0.48036516 -0.15662567
v 0.15606718 -0.45809931 -0.16166732
v 0.16696744 -0.45250928 -0.15988140
v 0.17594582 -0.44171745 -0.15845351
v 0.18495838 -0.42968023 -0.15674488
v 0.19207412 -0.41571379 -0.15307134
v 0.14395763 -0.45849490 -0.16398953
v 0.26482153 -0.25382048 0.05646402
v 0.20386693 -0.41648948 0.01719455
v 0.21503930 -0.41487050 0.01871985
v 0.21170542 -0.40851516 0.02029458
v 0.25243229 -0.37335408 0.01335195
v 0.00176027 -0.51825887 -0.28889537
v 0.00229556 -0.51519537 -0.28333217
v -0.00020778 -0.53700191 -0.30646989
v 0.00004890 -0.53362608 -0.30417165
v 0.29346594 -0.25952196 0.02579099
v 0.29733512 -0.25118756 0.02749918
v 0.31704503 -0.20136139 0.02846067
v 0.32245162 -0.20057589 0.00746678
v 0.32626295 -0.17835450 0.00501004
v 0.30166167 -0.19250852 -0.03589467
v 0.28321639 -0.19035247 -0.03719522
v 0.23846607 -0.18536589 -0.00633305
v 0.26943415 -0.19151288 0.05853756
v 0.30615413 -0.04528028 -0.02530981
v 0.30325976 -0.02456748 -0.02560608
v 0.31564099 -0.02621031 -0.02325447
v 0.31855258 -0.04680592 -0.02082049
v 0.30059960 -0.00465292 -0.02629201
v 0.29126197 -0.02291447 -0.02284491
v 0.28980803 -0.00337029 -0.02126422
v 0.28198355 -0.02226394 -0.01629047
v 0.28234884 -0.00316948 -0.01360619
v 0.27886048 -0.00358444 -0.00386619
v 0.27660736 -0.02232337 -0.00625482
v 0.27605560 -0.02188140 0.00572671
v 0.27988425 -0.00327647 0.00838048
v 0.27156475 -0.04125643 0.01679407
v 0.27412421 -0.04130244 0.03003833
v 0.28144065 -0.02191556 0.02979985
v 0.27768990 -0.02162081 0.01823084
v 0.30743012 -0.00674260 0.03863898
v 0.30024648 -0.02494138 0.04248868
v 0.31169465 -0.02710271 0.04025129
v 0.31748980 -0.00902176 0.03677318
v 0.32468125 -0.04916316 0.02651652
v 0.32873616 -0.02947509 0.02146022
v 0.32117701 -0.02864021 0.03231305
v 0.31633255 -0.04861307 0.03732206
v 0.33264473 -0.01193660 0.01714474
v 0.33241209 -0.02935964 0.00886077
v 0.33445147 -0.01195693 0.00408483
v 0.29511184 -0.06408751 -0.02458165
v 0.30859345 -0.06566834 -0.02429761
v 0.31022149 -0.08570504 -0.02307555
v 0.27391529 -0.04171276 -0.00868918
v 0.28155908 -0.04245567 -0.01821656
v 0.28185233 -0.06274700 -0.02019928
v 0.27210483 -0.06180495 -0.01141959
v 0.25975919 -0.08009082 0.02870365
v 0.26692843 -0.06070924 0.02978857
v 0.26550612 -0.06091058 0.01496306
v 0.27152711 -0.04155290 0.00341721
v 0.26735121 -0.06136435 0.00087524
v 0.28161481 -0.04246724 0.04067496
v 0.28927433 -0.02319658 0.03839569
v 0.32753941 -0.04765236 -0.01157757
v 0.32620668 -0.02769178 -0.01564182
v 0.33094704 -0.02851045 -0.00391923
v 0.33111441 -0.04822993 0.00054567
v 0.27460903 -0.06193268 0.04191485
v 0.32846677 -0.06786740 -0.00748819
v 0.33145723 -0.06868410 0.00544212
v 0.33054736 -0.04895657 0.01395424
v 0.32904047 -0.06950366 0.01943741
v 0.32477701 -0.00915557 -0.01888829
v 0.31314865 -0.00691932 -0.02539943
v 0.32040024 -0.06697077 -0.01783056
v 0.29349217 -0.04458529 0.04589147
v 0.28693101 -0.06420165 0.04837305
v 0.30049565 -0.06681454 0.04861840
v 0.30610353 -0.04692501 0.04468259
v 0.31787479 -0.09101683 0.03733264
v 0.32121292 -0.06982285 0.03212285
v 0.31186602 -0.06891543 0.04236687
v 0.32611069 -0.01083541 0.02872531
v 0.32716095 -0.09099364 0.02483033
v 0.31470272 0.08450156 0.00046052
v 0.31117859 0.09204817 -0.00542818
v 0.30650046 0.08525068 0.00010234
v 0.30919495 0.07599229 0.00376663
v 0.28679046 0.07702550 0.01093114
v 0.28627780 0.09120619 0.00543601
v 0.27631116 0.08736971 0.00056225
v 0.27518871 0.07293072 0.00557259
v 0.30858997 0.09809190 -0.01196968
v 0.30334583 0.09302425 -0.00491637
v 0.30684522 0.09922618 -0.01745578
v 0.31351116 0.10356092 -0.01822601
v 0.31498140 0.10202974 -0.02702045
v 0.32116905 0.10729355 -0.03058391
v 0.32930210 0.10314429 -0.03631225
v 0.32009268 0.09179097 -0.03489786
v 0.34294116 0.07492423 -0.02558732
v 0.35010311 0.09133488 -0.02618798
v 0.35863152 0.08633637 -0.01790805
v 0.34992573 0.06976235 -0.01651352
v 0.36509082 0.07513684 0.00283906
v 0.35608175 0.06016850 0.00173593
v 0.35358268 0.06500125 -0.00738024
v 0.36222187 0.08162922 -0.00755587
v 0.32226500 0.07470691 0.01049805
v 0.31877694 0.07805902 0.00600455
v 0.31317136 0.06864667 0.00807895
v 0.31626174 0.06523561 0.01334313
v 0.30236009 0.10244793 -0.02237184
v 0.30264786 0.10448903 -0.01800243
v 0.30901453 0.09646499 -0.02531415
v 0.30616155 0.09079313 -0.02895540
v 0.30675724 0.04138929 0.03422571
v 0.30142596 0.04179835 0.02711799
v 0.29599679 0.03072476 0.02435917
v 0.30187380 0.02885461 0.03222958
v 0.27779496 0.04554349 0.00807120
v 0.27694622 0.03831840 -0.00850869
v 0.27995175 0.02705818 -0.00737150
v 0.28163037 0.03419894 0.00822448
v 0.27562845 0.05893433 0.00778529
v 0.27184054 0.06852585 -0.00660732
v 0.27322403 0.05277371 -0.00738230
v 0.27453187 0.08353195 -0.00925231
v 0.31086567 0.02453303 0.03834691
v 0.31576911 0.03294283 0.04201489
v 0.32269004 0.13442658 -0.00936499
v 0.32160217 0.13489237 -0.00985777
v 0.32458138 0.13206550 -0.00436008
v 0.32672492 0.13169062 -0.00459995
v 0.33459651 0.02296174 0.03266767
v 0.32946712 0.01711190 0.03374417
v 0.33616683 0.01582778 0.02445507
v 0.33963370 0.02225637 0.02207856
v 0.34100327 0.03059554 0.03186621
v 0.34468600 0.03062171 0.01982889
v 0.32261106 0.14710444 -0.00591102
v 0.32652199 0.14765714 -0.00952395
v 0.32283100 0.14426778 -0.01190379
v 0.32018349 0.14346148 -0.00918313
v 0.31929371 0.09288287 -0.00309209
v 0.31498194 0.09959674 -0.00949691
v 0.32396173 0.11145705 -0.01250171
v 0.31998497 0.11254513 -0.01762490
v 0.31811127 0.10677803 -0.01420430
v 0.32359743 0.10248488 -0.00653413
v 0.33500567 0.09003818 0.00907891
v 0.33149198 0.09622192 0.00325981
v 0.32650748 0.08690822 0.00501444
v 0.33022121 0.08090901 0.01104990
v 0.33439726 0.07574785 0.02311167
v 0.33690834 0.07455671 0.02937192
v 0.34252515 0.08095545 0.02769734
v 0.34036908 0.08361393 0.02082785
v 0.34781840 0.10233432 0.01098180
v 0.34997201 0.09958351 0.01668546
v 0.35504475 0.10344815 0.01251664
v 0.35238624 0.10692334 0.00655557
v 0.32587326 0.01127887 0.03474789
v 0.33323231 0.00899690 0.02588258
v 0.36713478 0.06436962 0.02351478
v 0.37601712 0.07496834 0.02473775
v 0.36951172 0.07062256 0.03596604
v 0.36268589 0.06015790 0.03363711
v 0.34118477 0.02355617 0.00988628
v 0.33836469 0.01664758 0.01171331
v 0.32738644 0.14870004 -0.00132444
v 0.33159080 0.14943114 -0.00493520
v 0.27938160 0.08089283 -0.02018550
v 0.27874124 0.06244326 -0.02059698
v 0.28203392 0.04580170 -0.02063536
v 0.28547159 0.03422630 -0.02072803
v 0.28796428 0.02470946 -0.02031563
v 0.32898694 0.10515749 -0.00393016
v 0.32188007 0.08559573 0.00296410
v 0.32431898 0.07202375 0.01451415
v 0.33686042 0.06240767 0.04277720
v 0.33288622 0.06675768 0.03674737
v 0.32671517 0.06164652 0.03709725
v 0.33265024 0.05557799 0.04456196
v 0.35549784 0.06096578 0.04182494
v 0.36165684 0.06890559 0.04227689
v 0.35284290 0.07033515 0.04286677
v 0.34802786 0.06488550 0.04370517
v 0.29847106 0.10154718 -0.02577333
v 0.29893696 0.08748025 -0.03052267
v 0.32605121 0.02665973 0.03996709
v 0.32051617 0.02054334 0.03857857
v 0.31685817 0.01400417 0.03750301
v 0.30871782 0.05325174 0.02095670
v 0.30698636 0.05527830 0.01660972
v 0.29406479 0.04520452 0.01835299
v 0.29814151 0.04228163 0.02229491
v 0.30106363 0.06940210 0.00958011
v 0.29971233 0.08064461 0.00674975
v 0.28749239 0.06334341 0.01381484
v 0.29032707 0.03169793 0.01736057
v 0.28694209 0.02211595 0.01319570
v 0.29322094 0.02122521 0.02174689
v 0.29977158 0.01961088 0.03050854
v 0.30819783 0.01698929 0.03592617
v 0.28420937 0.01157850 0.01047174
v 0.28950199 0.01135415 0.02019400
v 0.29613650 0.01044983 0.02945510
v 0.30453959 0.00871271 0.03508951
v 0.33497849 0.00001061 0.01473360
v 0.33630767 0.00882572 0.01293297
v 0.33021432 0.00118947 0.02759922
v 0.28276846 0.01317316 -0.01093027
v 0.28143591 0.01213777 -0.00038646
v 0.28188744 0.02323401 0.00312609
v 0.29006752 0.01283652 -0.02024801
v 0.28447694 0.09974784 -0.00175616
v 0.29349774 0.10088915 -0.00263247
v 0.29109058 0.10766292 -0.00678090
v 0.28296986 0.10705048 -0.00746688
v 0.31790408 0.10815316 -0.02269648
v 0.32018790 0.11388952 -0.02398978
v 0.32496318 0.11509895 -0.02963565
v 0.32226434 0.04082596 0.04421734
v 0.31436235 0.04842526 0.03745836
v 0.32847658 0.11117220 -0.00862547
v 0.32857218 0.14364946 -0.01511138
v 0.33106014 0.13338709 -0.02485603
v 0.32374966 0.12988049 -0.02446618
v 0.32285783 0.14074951 -0.01639950
v 0.33592281 0.11610496 -0.00739343
v 0.33530644 0.12118316 -0.00361120
v 0.32801393 0.11914617 -0.00636077
v 0.32858038 0.11482865 -0.00979027
v 0.35224345 0.09570789 0.02297521
v 0.35771623 0.09774172 0.01921274
v 0.35277236 0.10863072 -0.02217797
v 0.34019276 0.09593153 -0.03523248
v 0.34510189 0.11139345 -0.03243684
v 0.33815908 0.08616745 0.01489662
v 0.34519872 0.09175408 0.01896194
v 0.34262753 0.09453624 0.01365465
v 0.33208010 0.10730296 -0.00245653
v 0.33458695 0.10322332 0.00198955
v 0.33787668 0.10974932 -0.00108198
v 0.33328429 0.11165178 -0.00540415
v 0.34649462 0.05184829 0.04361210
v 0.35499793 0.04964983 0.03245548
v 0.32049057 0.13959041 -0.01221177
v 0.32027295 0.13882776 -0.01063028
v 0.32209042 0.00378746 0.03575398
v 0.31315270 0.00652522 0.03747782
v 0.33246222 0.07755333 0.01663977
v 0.33253843 0.08175594 -0.03313067
v 0.32573393 0.06953877 0.01964353
v 0.37059745 0.09481126 0.01775138
v 0.36845163 0.10013649 0.02056039
v 0.36569002 0.09606835 0.02547595
v 0.36688551 0.09391111 0.02625176
v 0.33463705 0.12919211 0.00134629
v 0.33488470 0.13434136 0.00337521
v 0.32979760 0.13189688 -0.00024178
v 0.32774922 0.12726045 -0.00100189
v 0.32382098 0.11456442 -0.01369974
v 0.32225451 0.11922222 -0.01048618
v 0.31875220 0.12163162 -0.01576000
v 0.32020852 0.11651564 -0.01810479
v 0.32083705 0.11856258 -0.02385068
v 0.31990281 0.12544894 -0.02112534
v 0.33997527 0.13484591 0.00083572
v 0.34241360 0.12550575 -0.00583318
v 0.34375098 0.12997448 -0.01298397
v 0.33947322 0.14189506 -0.00379103
v 0.34906021 0.04664618 0.00067695
v 0.35830554 0.05604869 0.01162221
v 0.35087833 0.04322082 0.00998369
v 0.37233058 0.09001225 0.00382977
v 0.37367672 0.08396387 0.01583889
v 0.36709785 0.06995255 0.01327603
v 0.35833445 0.05246407 0.02099333
v 0.34824815 0.11702096 -0.01214634
v 0.35251004 0.11776394 -0.01368977
v 0.34758356 0.12043345 -0.01778995
v 0.32716915 0.06746668 0.02747605
v 0.31882480 0.13568681 -0.01485318
v 0.31265154 0.02896744 -0.02768333
v 0.31278789 0.03839636 -0.02893847
v 0.32819739 0.03485048 -0.02134810
v 0.32524684 0.02530748 -0.02179785
v 0.32141438 0.12785053 -0.00486639
v 0.31836349 0.13088793 -0.01054966
v 0.35424095 0.09320652 0.02931036
v 0.35951516 0.09271801 0.03119441
v 0.36263821 0.09313551 0.02669067
v 0.35953966 0.09577650 0.02482500
v 0.35104516 0.04072779 0.01944605
v 0.37520477 0.08481729 0.03071873
v 0.36972752 0.08029246 0.04278065
v 0.34499636 0.03217691 0.00917471
v 0.33961508 0.02603889 -0.00163519
v 0.34318098 0.03505456 -0.00062848
v 0.36500505 0.09944034 -0.00406612
v 0.34670594 0.05097938 -0.00747722
v 0.34096166 0.03855473 -0.00876546
v 0.33618566 0.02896374 -0.01118385
v 0.33360386 0.02121812 -0.01221069
v 0.33729586 0.01875865 -0.00146368
v 0.33456430 0.14446187 -0.01083901
v 0.33589450 0.14558776 0.00164590
v 0.33475173 0.00056100 0.00082887
v 0.33539110 0.01039451 -0.00098419
v 0.33130258 0.00213283 -0.01080079
v 0.33175215 0.01266527 -0.01212872
v 0.32951188 0.04748476 -0.02388803
v 0.33656928 0.04304934 -0.01645994
v 0.33637139 0.06085300 -0.02396084
v 0.34306589 0.05535907 -0.01557991
v 0.36404297 0.10342580 -0.01710507
v 0.32643500 0.13694064 0.01191536
v 0.32840410 0.13279860 0.01026288
v 0.33316758 0.13412021 0.00572810
v 0.33296284 0.13810438 0.00742492
v 0.33701378 0.13895927 0.00417659
v 0.33111921 0.14511687 0.00541041
v 0.32498419 0.06789917 -0.03224453
v 0.34206530 0.11496919 -0.00593382
v 0.31263360 0.05427855 -0.03237122
v 0.30399409 0.07199669 -0.03593453
v 0.31443003 0.07946277 -0.03605947
v 0.29166609 0.05700761 -0.03082344
v 0.29514626 0.04139072 -0.02924752
v 0.29918972 0.02294385 -0.02672918
v 0.29773390 0.03120416 -0.02759958
v 0.29980212 0.01152271 -0.02611455
v 0.28932345 0.07502580 -0.03016618
v 0.32525238 0.13007620 -0.00115743
v 0.32084361 0.13245451 -0.00634786
v 0.31184956 0.02059114 -0.02686691
v 0.31175348 0.00898892 -0.02574272
v 0.29718816 0.09206253 0.00249455
v 0.31838113 0.06151205 0.02222254
v 0.31903347 0.05979210 0.02867826
v 0.32078502 0.05568987 0.03750442
v 0.32801953 0.04866576 0.04517320
v 0.32310605 0.00528574 -0.02020427
v 0.28393543 -0.00312412 0.01960104
v 0.28974786 -0.00369215 0.02931136
v 0.33118010 -0.01080728 -0.00817926
v 0.31759563 0.13713482 -0.00744655
v 0.35680807 0.10644671 0.00897590
v 0.35616246 0.10725105 0.00615777
v 0.27777311 0.09649879 -0.00566151
v 0.27824286 0.10460746 -0.01177652
v 0.28486916 0.10326409 -0.02434387
v 0.28231704 0.09281272 -0.02205565
v 0.27685300 0.09378713 -0.01385298
v 0.27942568 0.10340786 -0.01775187
v 0.31010440 0.05252296 0.02515798
v 0.31214729 0.05158842 0.03055132
v 0.34792021 0.03941828 0.03159663
v 0.34026769 0.04213029 0.04259283
v 0.32521209 0.12130964 -0.02803987
v 0.33290842 0.12316871 -0.03005629
v 0.33342397 0.11533791 -0.03304353
v 0.33890644 0.13250536 -0.02118933
v 0.34339717 0.11923170 -0.00942331
v 0.34412724 0.11726141 -0.01043892
v 0.30388770 0.06040436 0.01249732
v 0.29015744 0.05237448 0.01584377
v 0.29911390 0.10536563 -0.01090149
v 0.30059665 0.09906447 -0.00818979
v 0.33892033 0.09819043 0.00759432
v 0.36117333 0.11176610 -0.00158183
v 0.35900527 0.11390108 -0.01108192
v 0.34284732 0.10534787 0.00514692
v 0.31587180 0.14114340 -0.00519684
v 0.31670478 0.14446329 -0.00078651
v 0.34172496 0.12198746 -0.02695852
v 0.34693298 0.08835411 0.02570811
v 0.35978016 0.10997963 0.00404534
v 0.36420193 0.10784990 0.00466244
v 0.36258855 0.07510823 0.04411786
v 0.32342687 0.01665092 -0.02148527
v 0.33072606 0.13141784 0.00116906
v 0.32825497 0.12998395 0.00502631
v 0.32401577 0.14192139 0.00987527
v 0.32070324 0.14459673 0.00402180
v 0.33319488 0.03391111 0.04133217
v 0.31767198 0.06321383 0.01756430
v 0.29787120 -0.00499189 0.03574215
v 0.29009238 0.08966672 -0.02715876
v 0.29240760 0.10189122 -0.02722755
v 0.34760526 0.11046475 0.00038324
v 0.37187499 0.09112227 0.02655350
v 0.36158678 0.11064145 0.00939891
v 0.36678612 0.10697347 0.01412447
v 0.36991554 0.10087287 0.00935498
v 0.35676125 0.10955250 0.00947833
v 0.31473264 0.14064670 0.00879667
v 0.31772026 0.13820612 0.01427004
v 0.31239918 0.14124584 0.00324592
v 0.31320307 0.13863873 -0.00191205
v 0.31554320 0.13491085 -0.00422498
v 0.32054052 0.13426960 0.01541800
v 0.32340023 0.13109738 0.01326329
v 0.32528338 0.12835039 0.00753114
v 0.31704703 0.12983763 0.01660745
v 0.31291398 0.13305676 0.01626090
v 0.30598757 0.13042381 0.00393281
v 0.30542365 0.12956363 0.00728429
v 0.30723944 0.13311860 0.00781779
v 0.30845949 0.13621601 0.00518065
v 0.30395243 0.12528020 0.00423263
v 0.30317476 0.12509209 0.00757641
v 0.30618700 0.12889451 0.01173385
v 0.30847654 0.13350949 0.01129510
v 0.30382678 0.12405375 0.01182486
v 0.30615833 0.12247783 0.01475309
v 0.30869868 0.12714204 0.01473911
v 0.31015471 0.13132787 0.01436550
v 0.31039217 0.13737950 0.01130662
v 0.30242518 0.12079799 0.00605092
v 0.30275914 0.11759615 0.01037699
v 0.30203769 0.12023106 0.01154659
v 0.30182281 0.12195158 0.00814599
v 0.31121269 0.13549334 0.00022507
v 0.30838946 0.12975961 0.00104843
v 0.30621013 0.12407693 0.00215291
v 0.30486611 0.11942574 0.00458116
v 0.31131729 0.12732774 -0.00013244
v 0.30888900 0.12199056 0.00187487
v 0.30778721 0.11853480 0.00446549
v 0.31442592 0.12438378 0.00103744
v 0.31118450 0.11999682 0.00330179
v 0.31446871 0.13292602 -0.00213462
v 0.31791350 0.12953982 -0.00116950
v 0.30972287 0.11816949 0.00501782
v 0.30517575 0.11639622 0.00921537
v 0.31127807 0.12620696 0.01674557
v 0.30868682 0.12100220 0.01603170
v 0.31388870 0.12436876 0.01664299
v 0.31065211 0.11969098 0.01584749
v 0.30420390 0.11954889 0.01437746
v 0.30556878 0.11765489 0.01454385
v 0.31920877 0.13088974 -0.00315639
v 0.32353935 0.12889236 0.00182841
v 0.32148746 0.12743741 0.00345588
v 0.31759045 0.12202623 0.00514232
v 0.32216766 0.12658045 0.00924924
v 0.31988248 0.12751964 0.01442442
v 0.31630549 0.12185967 0.01418183
v 0.31789652 0.12185940 0.01065299
v 0.31239864 0.11860958 0.01377705
v 0.31358364 0.11816964 0.01074450
v 0.31301191 0.11842659 0.00671290
v 0.30989727 0.11637917 0.01186417
v 0.30780753 0.11664736 0.01357666
v 0.30811760 0.11651292 0.00831692
v 0.31037995 0.11702314 0.00755014
v 0.31118414 0.11671034 0.01020441
v 0.33275828 0.12183785 0.00782493
v 0.33662280 0.12358567 0.00572065
v 0.33802524 0.11988482 0.01029814
v 0.33464512 0.11781849 0.01226083
v 0.33033940 0.13500834 0.01298556
v 0.33781931 0.13799781 0.01031331
v 0.33597520 0.13387723 0.00593457
v 0.32971242 0.13060769 0.00835172
v 0.33374342 0.13492751 0.02048019
v 0.34182379 0.13729557 0.01739854
v 0.34517732 0.13587713 0.00312004
v 0.35000110 0.12445232 -0.00899839
v 0.34489709 0.12218392 -0.00948009
v 0.34121379 0.13173696 -0.00033548
v 0.35153726 0.10876539 0.01004905
v 0.34810546 0.10836354 0.00538719
v 0.33579054 0.12833877 0.00426257
v 0.33099428 0.12609410 0.00662582
v 0.34763548 0.11699134 0.01621536
v 0.34227094 0.11878458 0.02017907
v 0.34060785 0.11801785 0.01506579
v 0.34415194 0.11564535 0.01197514
v 0.34416038 0.11098611 -0.00029692
v 0.34024137 0.11383617 -0.00629225
v 0.34156114 0.11836791 -0.00921255
v 0.35048881 0.12220305 0.01854334
v 0.35645148 0.11413369 0.00998474
v 0.35821092 0.11956573 0.00464499
v 0.35130021 0.12950456 0.01631257
v 0.33973750 0.12661693 -0.00087168
v 0.34055099 0.11740655 0.00641242
v 0.33890948 0.12173301 0.00126014
v 0.35037300 0.13471723 0.00912843
v 0.34276214 0.13038442 0.02284280
v 0.32709721 0.11599040 0.02696731
v 0.32989588 0.11219974 0.02472729
v 0.33681443 0.11634795 0.02304556
v 0.33508113 0.12071326 0.02570419
v 0.34243265 0.12379286 0.02276221
v 0.33427456 0.12706460 0.02537102
v 0.33009669 0.11307824 0.01407557
v 0.32754561 0.11694610 0.00934622
v 0.32460919 0.12073870 0.00834027
v 0.35580647 0.12390527 -0.00413760
v 0.32208493 0.12446383 0.01035297
v 0.32076994 0.12789141 0.01500947
v 0.33689657 0.11571878 0.01760097
v 0.33160427 0.11108592 0.01961798
v 0.32486144 0.12144399 0.02668433
v 0.32299975 0.12724730 0.02167566
v 0.31523570 0.12023330 0.02220425
v 0.31728116 0.11567906 0.02681169
v 0.31410012 0.12176451 0.01628641
v 0.31753758 0.12038681 0.01177982
v 0.32129702 0.11793980 0.01009453
v 0.32015279 0.11165518 0.02736926
v 0.32395336 0.10949761 0.02554641
v 0.32670060 0.10891482 0.02100828
v 0.31701472 0.10594308 0.02458328
v 0.31269962 0.10831827 0.02451110
v 0.31145725 0.10447431 0.00670907
v 0.30951211 0.10316694 0.00914169
v 0.30976310 0.10775429 0.01221326
v 0.31125507 0.10999942 0.01007194
v 0.30978772 0.11092603 0.01509989
v 0.31093532 0.11492062 0.01436723
v 0.30913672 0.10512674 0.01575891
v 0.30983579 0.10948688 0.01857227
v 0.30871063 0.10018331 0.01230982
v 0.31034896 0.09805113 0.01518616
v 0.31098202 0.10330296 0.01837838
v 0.31130525 0.10703599 0.02062139
v 0.31119335 0.09908116 0.00565219
v 0.30919364 0.09952444 0.00717694
v 0.30991802 0.11368030 0.02140165
v 0.31558445 0.11632150 0.01132417
v 0.31466514 0.11085218 0.00828401
v 0.31447953 0.10446423 0.00562376
v 0.31403384 0.09892720 0.00525460
v 0.31883913 0.10997808 0.00772694
v 0.31774113 0.10380191 0.00569862
v 0.31675676 0.09907901 0.00619239
v 0.32258284 0.10754901 0.00933528
v 0.32023659 0.10177916 0.00758613
v 0.31978050 0.11527944 0.01037166
v 0.32332274 0.11288610 0.01212728
v 0.31854656 0.09894860 0.00742743
v 0.31348708 0.09491712 0.00764522
v 0.31072250 0.09495378 0.00787229
v 0.30821997 0.09615016 0.00912407
v 0.31319085 0.10229117 0.01971951
v 0.31279549 0.09709638 0.01528678
v 0.31555641 0.10049140 0.02004311
v 0.31459460 0.09599167 0.01547653
v 0.30968222 0.09492880 0.01231215
v 0.31135947 0.09380805 0.01182658
v 0.32407823 0.11461967 0.01166675
v 0.32635406 0.11116382 0.01564625
v 0.32544246 0.10949978 0.01606731
v 0.32386598 0.10374290 0.01362485
v 0.32502130 0.10658240 0.02073104
v 0.32104525 0.10530579 0.02359361
v 0.31882688 0.10003096 0.01983005
v 0.32243502 0.10100996 0.01774702
v 0.31681678 0.09614849 0.01543740
v 0.31959242 0.09705865 0.01427392
v 0.32093564 0.09910744 0.01106283
v 0.31586394 0.09442955 0.01183278
v 0.31373018 0.09354609 0.01159656
v 0.31622097 0.09576368 0.00836563
v 0.31843778 0.09694821 0.00945104
v 0.31792480 0.09562886 0.01189697
v 0.33901569 0.10498868 0.02400615
v 0.34125879 0.10651018 0.02501085
v 0.34335867 0.10183820 0.02835744
v 0.34179446 0.09966706 0.02719512
v 0.33415231 0.11369783 0.03065937
v 0.33960471 0.11907512 0.02988284
v 0.33879462 0.11641699 0.02669076
v 0.33404055 0.11191210 0.02692013
v 0.33577093 0.11168076 0.03583666
v 0.34248957 0.11773007 0.03569288
v 0.34642199 0.11844963 0.02418743
v 0.35594115 0.11359069 0.01546124
v 0.35223112 0.11060342 0.01408989
v 0.34409985 0.11562198 0.02189520
v 0.33964893 0.11172852 0.02457604
v 0.33573660 0.10923120 0.02457824
v 0.35214469 0.09931356 0.03441953
v 0.34639439 0.10017326 0.03638263
v 0.34523878 0.09964019 0.03256141
v 0.34976646 0.09852654 0.03091240
v 0.35343203 0.09562510 0.02072916
v 0.35168728 0.09999764 0.01624906
v 0.35156801 0.10516256 0.01437071
v 0.35361752 0.10400674 0.03641989
v 0.36170706 0.09845549 0.02972925
v 0.36285368 0.10555989 0.02690170
v 0.35306862 0.11167958 0.03514645
v 0.34413931 0.10962279 0.02099561
v 0.34655389 0.09980033 0.02590789
v 0.34495470 0.10431090 0.02195606
v 0.35105386 0.11699495 0.02911538
v 0.34475043 0.11080225 0.03941735
v 0.33399287 0.09386604 0.03801998
v 0.33760074 0.09174658 0.03577734
v 0.34399369 0.09703574 0.03672915
v 0.34110674 0.10054335 0.03990215
v 0.34654751 0.10417894 0.03920912
v 0.33843389 0.10643654 0.03966739
v 0.33878592 0.09527574 0.02602856
v 0.33595905 0.09937140 0.02250900
v 0.33132920 0.10247114 0.02319976
v 0.36059192 0.11178631 0.02046958
v 0.35844472 0.09377348 0.02955470
v 0.32817492 0.10438320 0.02541709
v 0.32626501 0.10489529 0.02916561
v 0.34379724 0.09699616 0.03181950
v 0.33978507 0.09268409 0.03133005
v 0.33008394 0.09838569 0.03807841
v 0.32771096 0.10343292 0.03414990
v 0.32131591 0.09560430 0.03209408
v 0.32400808 0.09163254 0.03626225
v 0.32063738 0.09772676 0.02712769
v 0.32371971 0.09865418 0.02402440
v 0.32757816 0.09812796 0.02289260
v 0.32948956 0.08907205 0.03574634
v 0.33293763 0.08905107 0.03395141
v 0.33536991 0.09066227 0.03087667
v 0.32863989 0.08512944 0.03323248
v 0.32346821 0.08604631 0.03197256
v 0.32220432 0.08378622 0.01593337
v 0.32139814 0.08225587 0.01775960
v 0.32096997 0.08610803 0.02077100
v 0.32104251 0.08803043 0.01919887
v 0.31978291 0.08859694 0.02363447
v 0.31941280 0.09184060 0.02397254
v 0.32083902 0.08338159 0.02381263
v 0.32008061 0.08698967 0.02672056
v 0.32154143 0.07958043 0.02062020
v 0.32449347 0.07786977 0.02350250
v 0.32397604 0.08177322 0.02683446
v 0.32236496 0.08488011 0.02895555
v 0.32268646 0.07940173 0.01445482
v 0.32163385 0.07918027 0.01575867
v 0.31958774 0.09010977 0.02922115
v 0.32186225 0.09468058 0.02181003
v 0.32288271 0.08986491 0.01791528
v 0.32406121 0.08506757 0.01482562
v 0.32532439 0.08049530 0.01372818
v 0.32624251 0.09029490 0.01783005
v 0.32730234 0.08537829 0.01491127
v 0.32787660 0.08145827 0.01436112
v 0.33022827 0.08986628 0.01859680
v 0.32999349 0.08487394 0.01614514
v 0.32584915 0.09491572 0.02128286
v 0.32999268 0.09394515 0.02198899
v 0.32957286 0.08204362 0.01573608
v 0.32701609 0.07627887 0.01616249
v 0.32387102 0.07538593 0.01657746
v 0.32188940 0.07642847 0.01803568
v 0.32618105 0.08092609 0.02842412
v 0.32682052 0.07703108 0.02446083
v 0.32959959 0.08084148 0.02896300
v 0.32938987 0.07701576 0.02498374
v 0.32392481 0.07545170 0.02108798
v 0.32567689 0.07460237 0.02106884
v 0.33195361 0.09609979 0.02326386
v 0.33496222 0.09340993 0.02637743
v 0.33333561 0.09222293 0.02508086
v 0.33373791 0.08773175 0.02160254
v 0.33439633 0.08921629 0.02909026
v 0.33237338 0.08645102 0.03150750
v 0.33453166 0.08139199 0.02697745
v 0.33522156 0.08446127 0.02507845
v 0.33211187 0.07827288 0.02401540
v 0.33355522 0.08050948 0.02214119
v 0.33278444 0.08300647 0.01871863
v 0.33077022 0.07695544 0.02052960
v 0.32837710 0.07523012 0.02094975
v 0.32949191 0.07836071 0.01679597
v 0.33116814 0.08013415 0.01753620
v 0.33225873 0.07866812 0.01996568
v 0.35590836 0.09385237 0.02554018
v 0.34958425 0.09190093 0.03669656
v 0.35098746 0.09238461 0.03679049
v 0.35183182 0.08896911 0.04007526
v 0.35097453 0.08847055 0.03982422
v 0.34654155 0.10112041 0.04115257
v 0.35185823 0.10402608 0.04086796
v 0.35130098 0.10198852 0.03747882
v 0.34637490 0.09982078 0.03745503
v 0.34764573 0.09903751 0.04617337
v 0.35301670 0.10164787 0.04644621
v 0.35832056 0.10190156 0.03807319
v 0.36624315 0.09499627 0.03166686
v 0.36192346 0.09424764 0.02952957
v 0.35638174 0.10014206 0.03479191
v 0.36318460 0.07807177 0.04707823
v 0.35857558 0.07964861 0.04822444
v 0.35594106 0.07976973 0.04483734
v 0.35780391 0.07905710 0.04503414
v 0.35117778 0.09790184 0.03590249
v 0.34769771 0.09605335 0.03607852
v 0.35520801 0.08453816 0.04842963
v 0.35331634 0.08555356 0.04770089
v 0.35266760 0.08650081 0.04363636
v 0.35380277 0.08463615 0.04375547
v 0.35452071 0.08206445 0.04125141
v 0.35423240 0.08271885 0.04071008
v 0.35684451 0.08749551 0.03724623
v 0.35409689 0.08767688 0.03709348
v 0.35917115 0.09006166 0.03386206
v 0.35771713 0.08812371 0.05074378
v 0.36223921 0.08229101 0.04896283
v 0.36684218 0.08704793 0.04628072
v 0.35911277 0.09423476 0.04914535
v 0.35390958 0.09610569 0.03511425
v 0.35360250 0.08725518 0.03952529
v 0.35224345 0.09117788 0.03687238
v 0.36069241 0.09983906 0.04353685
v 0.35308704 0.09522393 0.04982442
v 0.34453449 0.08453658 0.04961077
v 0.34708443 0.08276412 0.04728490
v 0.35128340 0.08470550 0.04778391
v 0.34965405 0.08767468 0.05074689
v 0.35306355 0.08873937 0.05041729
v 0.34809354 0.09291413 0.04976014
v 0.34803155 0.08557749 0.03925047
v 0.34603849 0.08901790 0.03604982
v 0.34330383 0.09247513 0.03531245
v 0.36935532 0.09188896 0.03716676
v 0.34064332 0.09517418 0.03660530
v 0.33929941 0.09610111 0.04001388
v 0.35144642 0.08577710 0.04364333
v 0.34849498 0.08331734 0.04315219
v 0.34177205 0.08869542 0.04896862
v 0.34041646 0.09384641 0.04487625
v 0.33425435 0.08946985 0.04367355
v 0.33645013 0.08480634 0.04712803
v 0.33467242 0.09221065 0.03909558
v 0.33740827 0.09200677 0.03626049
v 0.34048143 0.09021433 0.03564638
v 0.34101346 0.08127882 0.04768458
v 0.34373435 0.08076282 0.04619018
v 0.34512761 0.08208126 0.04274172
v 0.33800814 0.07879555 0.04588911
v 0.33372310 0.08144018 0.04445520
v 0.33179745 0.08131993 0.03075877
v 0.33043805 0.08095053 0.03229216
v 0.33136174 0.08350362 0.03449837
v 0.33248755 0.08521253 0.03332398
v 0.33154449 0.08610055 0.03736064
v 0.33268008 0.08877935 0.03743866
v 0.33038762 0.08186691 0.03763613
v 0.33133093 0.08472779 0.04032615
v 0.32937858 0.07865837 0.03492925
v 0.33110824 0.07540725 0.03776375
v 0.33169958 0.07837620 0.04063282
v 0.33199367 0.08147967 0.04218975
v 0.33088514 0.07746778 0.02957556
v 0.32970020 0.07826744 0.03089300
v 0.33225414 0.08687879 0.04218820
v 0.33568034 0.08953805 0.03538517
v 0.33454672 0.08563036 0.03237704
v 0.33375895 0.08064368 0.02929041
v 0.33319724 0.07614034 0.02898941
v 0.33718309 0.08474138 0.03248778
v 0.33618197 0.08000530 0.03002909
v 0.33543667 0.07600425 0.02982888
v 0.33982414 0.08337232 0.03394136
v 0.33815932 0.07909346 0.03161261
v 0.33879849 0.08861306 0.03510782
v 0.34151837 0.08675107 0.03639904
v 0.33703837 0.07642551 0.03078345
v 0.33296368 0.07340690 0.03136531
v 0.33056727 0.07402998 0.03165451
v 0.32889029 0.07582638 0.03288469
v 0.33354178 0.07681282 0.04211662
v 0.33277127 0.07366832 0.03866145
v 0.33642212 0.07600462 0.04289422
v 0.33500150 0.07295994 0.03842017
v 0.33019635 0.07405137 0.03548727
v 0.33146629 0.07252166 0.03503338
v 0.34354129 0.08766872 0.03659499
v 0.34505221 0.08423609 0.03856558
v 0.34344801 0.08325025 0.03880024
v 0.34170654 0.08062012 0.03665766
v 0.34331056 0.08053622 0.04252956
v 0.34147695 0.07876717 0.04510871
v 0.33945724 0.07584779 0.04207841
v 0.34168056 0.07753338 0.03991554
v 0.33736137 0.07339483 0.03766713
v 0.33916748 0.07482329 0.03623954
v 0.33942056 0.07706758 0.03381893
v 0.33582643 0.07287176 0.03418580
v 0.33370104 0.07221581 0.03460136
v 0.33525312 0.07374223 0.03162042
v 0.33719626 0.07484804 0.03225682
v 0.33732960 0.07382730 0.03399310
v 0.36602128 0.07982039 0.04690002
v 0.30124155 0.11362785 -0.02675499
v 0.30432150 0.11428607 -0.02246844
v 0.29839936 0.11609286 -0.01155024
v 0.29073590 0.11675423 -0.00916773
v 0.28341410 0.11620265 -0.01122379
v 0.28047463 0.11548191 -0.01624195
v 0.28155306 0.11486399 -0.02193990
v 0.30321345 0.11526239 -0.01693187
v 0.29495940 0.11354971 -0.02878566
v 0.28701076 0.11414242 -0.02726766
v 0.28728506 0.12482703 -0.02933782
v 0.29512221 0.12377483 -0.03196859
v 0.28253528 0.12497663 -0.02319744
v 0.28227073 0.12453634 -0.01762265
v 0.28520575 0.12361062 -0.01260581
v 0.30204877 0.12289864 -0.03017199
v 0.30511445 0.12262481 -0.02521309
v 0.30371633 0.12237012 -0.01854294
v 0.30112180 0.13201159 -0.03361368
v 0.29477355 0.13641024 -0.03588733
v 0.28490418 0.14789122 -0.02520737
v 0.28451857 0.14772028 -0.03000894
v 0.28432825 0.14334971 -0.02865526
v 0.28369403 0.14276242 -0.02377778
v 0.28472522 0.14039958 -0.02846324
v 0.28344825 0.13676238 -0.02465543
v 0.28699943 0.14351070 -0.03458574
v 0.28762943 0.14041036 -0.03297624
v 0.29234913 0.14356381 -0.03803908
v 0.29119995 0.14045781 -0.03645664
v 0.28676191 0.14791435 -0.03591963
v 0.28526720 0.15135330 -0.03119224
v 0.28770787 0.15170467 -0.03531062
v 0.28646061 0.15228730 -0.02824846
v 0.28765732 0.13606721 -0.03156158
v 0.28387254 0.13289887 -0.01793503
v 0.28508946 0.14117527 -0.01928666
v 0.28711390 0.14766723 -0.02157002
v 0.28982744 0.15234071 -0.02511254
v 0.28935108 0.13954526 -0.01600349
v 0.29153892 0.14679366 -0.01940721
v 0.29353473 0.15075105 -0.02336156
v 0.29484263 0.13867050 -0.01565688
v 0.29573289 0.14573342 -0.01974749
v 0.28718606 0.13053590 -0.01330855
v 0.29308897 0.12874979 -0.01180827
v 0.29611674 0.14910275 -0.02285152
v 0.29342523 0.15350306 -0.03019383
v 0.28991172 0.15417427 -0.03316843
v 0.29668674 0.14244223 -0.03770649
v 0.29164982 0.14739168 -0.03891882
v 0.29599407 0.14742100 -0.03802758
v 0.30108595 0.14038670 -0.03525927
v 0.29964003 0.14692491 -0.03525993
v 0.29103556 0.15085363 -0.03803905
v 0.29398635 0.15164924 -0.03686088
v 0.29153144 0.12282813 -0.01044221
v 0.29855552 0.12251651 -0.01278290
v 0.29991508 0.12832636 -0.01501023
v 0.30058703 0.13758212 -0.01890069
v 0.30464223 0.12903368 -0.02184322
v 0.30496243 0.13009751 -0.02893468
v 0.30407396 0.13913620 -0.03083521
v 0.30424538 0.13810247 -0.02468383
v 0.30180839 0.14617842 -0.03144973
v 0.30187604 0.14543539 -0.02719059
v 0.29960981 0.14539212 -0.02273652
v 0.29900098 0.15000474 -0.03045183
v 0.29706758 0.15130013 -0.03377959
v 0.29608616 0.15164620 -0.02746319
v 0.29796782 0.14919603 -0.02544158
v 0.29982856 0.14860684 -0.02785337
v 0.35458696 0.07525718 0.04328294
v 0.35083020 0.07897145 0.03962852
v 0.34793976 0.07394540 0.03920880
v 0.34273502 0.06899726 0.04123265
v 0.34285957 0.05958802 0.04470626
v 0.33944994 0.07240045 0.03561788
v 0.34527823 0.07768381 0.03376504
v 0.34883443 0.08543789 0.03346841
v 0.33208814 0.06985962 0.03121639
v 0.03825195 -0.59308314 -0.32921144
v 0.04207485 -0.59333754 -0.32667884
v 0.04403248 -0.59092385 -0.32054260
v 0.04103385 -0.58967710 -0.32155779
v 0.03739450 -0.58876562 -0.32264763
v 0.03322395 -0.58857548 -0.32341442
v 0.02701349 -0.59348977 -0.32936141
v 0.03282626 -0.59305090 -0.33003369
v 0.01758358 -0.59283733 -0.32273450
v 0.01940635 -0.59335697 -0.32404754
v 0.01836643 -0.59181035 -0.32244721
v 0.02462899 -0.59004807 -0.32338864
v 0.02083733 -0.59138727 -0.32273221
v 0.04676434 -0.59401393 -0.32221732
v 0.04785190 -0.59399712 -0.32051617
v 0.04475207 -0.59362632 -0.32444015
v 0.02884880 -0.58903861 -0.32370239
v 0.04755293 -0.59347284 -0.31968674
v 0.04616764 -0.59240705 -0.31973097
v 0.02247832 -0.59385145 -0.32698950
v 0.03762341 -0.59020978 -0.32445410
v 0.03337132 -0.58986658 -0.32514921
v 0.02801431 -0.59191847 -0.32764766
v 0.03330008 -0.59145844 -0.32783875
v 0.02484988 -0.59092927 -0.32478055
v 0.02223744 -0.59155393 -0.32414129
v 0.04118630 -0.59097356 -0.32306248
v 0.02878144 -0.59031165 -0.32539928
v 0.03812024 -0.59158456 -0.32664666
v 0.02179997 -0.59261185 -0.32459220
v 0.02393965 -0.59226829 -0.32613909
v 0.04689552 -0.59335375 -0.32071221
v 0.04672527 -0.59315801 -0.32032347
v 0.02689684 -0.43311095 -0.19201149
v 0.02763582 -0.41190308 -0.19914168
v 0.04166272 -0.59212887 -0.32477257
v 0.04544615 -0.59254217 -0.32098082
v 0.04364559 -0.59167123 -0.32183126
v 0.04400634 -0.59266573 -0.32307205
v 0.04583508 -0.59311593 -0.32165357
v 0.21910055 -0.33432853 -0.09661552
v 0.20102754 -0.32803756 -0.09279692
v 0.27074540 -0.36391532 -0.06512589
v 0.27529591 -0.37807268 -0.04245062
v 0.10879579 -0.09985578 -0.19689731
v 0.11898969 -0.23865947 0.08118002
v 0.11983378 -0.25732052 0.08167030
v 0.03120285 -0.26792777 0.09619355
v 0.05295950 -0.26253289 0.09880234
v 0.18021405 -0.19759387 -0.05814895
v 0.18416041 -0.17836475 -0.05511158
v 0.14688610 -0.16811877 -0.14900850
v 0.14889690 -0.14420083 -0.14493088
v 0.18248390 -0.14599681 -0.08415920
v 0.08493164 -0.21177512 0.10582897
v 0.07862037 -0.23339412 0.09943554
v 0.10208353 -0.22778165 0.09401231
v 0.10978748 -0.20847857 0.10207695
v 0.01093837 -0.24323866 0.08765961
v 0.01149089 -0.27052450 0.08892660
v 0.18085131 -0.22743165 -0.02601876
v 0.17587645 -0.23792651 0.00861360
v 0.14611483 -0.26306689 0.06362410
v 0.12530185 -0.27654397 0.08104807
v 0.07995165 -0.30295366 0.09510668
v 0.10319941 -0.29004222 0.09062082
v 0.12988767 -0.18592474 -0.18120390
v 0.10702945 -0.20865476 -0.20434006
v 0.17858461 -0.21737778 -0.06236899
v 0.05070002 -0.17128184 -0.23066895
v 0.03668241 -0.35116541 0.09260228
v 0.06097774 -0.34326935 0.09418593
v 0.16340156 -0.25007272 0.03864006
v 0.04681656 -0.35845488 -0.20726769
v 0.04757376 -0.34074354 -0.20898649
v 0.06711737 -0.34306228 -0.21060812
v 0.06662127 -0.36093956 -0.20721805
v 0.08581803 -0.34453857 -0.20829049
v 0.10287836 -0.34600610 -0.20223854
v 0.11778891 -0.34707421 -0.19464386
v 0.15454373 -0.34621036 -0.17201389
v 0.14310084 -0.34712720 -0.17914455
v 0.17660224 -0.34181297 -0.15466014
v 0.16555403 -0.34462500 -0.16448785
v 0.18759063 -0.33504987 -0.13948183
v 0.19558927 -0.32878691 -0.11896390
v 0.19977604 -0.32487780 -0.09451410
v 0.20259763 -0.33618134 -0.09442660
v 0.19284196 -0.31730211 -0.12097764
v 0.18423867 -0.32276338 -0.14063573
v 0.17390408 -0.32736301 -0.15535410
v 0.03373634 -0.30353773 -0.21049681
v 0.03764752 -0.28220683 -0.21248563
v 0.02541302 -0.45280033 -0.18731552
v 0.27911308 -0.17125610 0.05827540
v 0.29315880 -0.04372603 -0.02398489
v 0.04597934 -0.56027055 -0.01869659
v 0.02455030 -0.55887926 -0.02030846
v 0.00325876 -0.54874408 -0.01465010
v 0.00346611 -0.55823505 -0.02260270
v 0.13392445 -0.56316042 -0.06011456
v 0.11517508 -0.56185627 -0.03382041
v 0.09261682 -0.55777764 -0.01828652
v 0.06897897 -0.55363828 -0.01096378
v 0.16963904 -0.22849751 -0.10305839
v 0.04608948 -0.53016436 0.01103830
v 0.06986231 -0.54384440 -0.00008878
v 0.09522664 -0.54840839 -0.00658038
v 0.12212873 -0.55305994 -0.02158343
v 0.14873777 -0.55454528 -0.04931346
v 0.16745955 -0.54677296 -0.05946118
v 0.19278218 -0.52089745 -0.04837521
v 0.20707689 -0.51203179 -0.05493339
v 0.21109396 -0.51673847 -0.07751666
v 0.22421969 -0.50353724 -0.08106668
v 0.22021893 -0.50089771 -0.05852004
v 0.26773867 -0.41351718 -0.03966290
v 0.26868996 -0.40069509 -0.02875593
v 0.26421374 -0.39439058 -0.01484134
v 0.25669134 -0.39164799 -0.00053385
v 0.24667914 -0.39098501 0.01128554
v 0.23468038 -0.39336246 0.01867684
v 0.22233965 -0.40025938 0.02104317
v 0.20017189 -0.42197919 0.01310031
v 0.19942679 -0.42711276 0.01019741
v 0.19395667 -0.40723276 0.02638734
v 0.18816134 -0.40156418 0.03248207
v 0.14756350 -0.36452746 0.05997245
v 0.16136861 -0.37953430 0.05050790
v 0.13456583 -0.34800798 0.07125023
v 0.09848647 -0.10104871 0.14210132
v 0.09811333 -0.12143740 0.13575651
v 0.12282083 -0.12217927 0.12765867
v 0.12251782 -0.10203201 0.13280016
v 0.01396333 -0.16194758 0.10569926
v 0.04205379 -0.16476721 0.11662477
v 0.19381012 -0.09684688 0.03875389
v 0.18481068 -0.10868186 0.07160823
v 0.16732661 -0.11644745 0.09651367
v 0.14621031 -0.12114424 0.11459175
v 0.19345140 -0.08374351 0.00419016
v 0.12201836 -0.01211798 -0.13274153
v 0.14224732 -0.02601597 -0.10891007
v 0.04922559 0.00839692 -0.17130406
v 0.07387397 0.00495794 -0.16428913
v 0.18503381 -0.07003891 -0.02648756
v 0.09842188 -0.00127515 -0.15199126
v 0.15870167 -0.04110003 -0.08288154
v 0.17311525 -0.05586576 -0.05480200
v 0.09688799 -0.14281064 0.13149373
v 0.07140985 -0.14222336 0.13284194
v 0.06895479 -0.16686317 0.12358434
v 0.04062278 -0.43333560 0.06670582
v 0.06275880 -0.43293506 0.06996912
v 0.08526267 -0.43387628 0.06877528
v 0.10776118 -0.45744014 0.05775859
v 0.12899344 -0.45882118 0.04889804
v 0.12873226 -0.44085872 0.05566156
v 0.10763238 -0.43744826 0.06467319
v 0.16764161 -0.46170324 0.03051414
v 0.18207195 -0.46214986 0.02320547
v 0.18235016 -0.44916737 0.02936762
v 0.16763711 -0.44663298 0.03713902
v 0.19362478 -0.45047301 0.02126412
v 0.20236933 -0.45069587 0.01311779
v 0.20819016 -0.44997472 0.00637269
v 0.21498470 -0.44760782 0.00613158
v 0.22658159 -0.46191943 -0.00559992
v 0.21846570 -0.46719205 -0.00413932
v 0.16809765 -0.47669792 0.02202151
v 0.14998244 -0.47644126 0.03067197
v 0.04063772 -0.47201902 0.04630454
v 0.02101303 -0.47019196 0.03998839
v 0.20221369 -0.32692707 -0.06718262
v 0.20182453 -0.33282048 -0.03709321
v 0.19918977 -0.34170538 -0.01055076
v 0.19426151 -0.35218018 0.01018557
v 0.18821941 -0.36370629 0.02529668
v 0.18052661 -0.37551349 0.03690128
v 0.17152180 -0.38786185 0.04442734
v 0.17996582 -0.39516717 0.03851919
v 0.16335350 -0.40082639 0.04824812
v 0.17507963 -0.40678555 0.04237970
v 0.15562317 -0.41358697 0.05042744
v 0.15013900 -0.42804688 0.04994187
v 0.14869781 -0.44388878 0.04570293
v 0.14904588 -0.46023118 0.03899804
v 0.10965928 -0.47643322 0.04817503
v 0.13058744 -0.47662681 0.03919536
v 0.08952937 -0.49304837 0.04168973
v 0.09259044 -0.50940371 0.03045515
v 0.08440424 -0.45510900 0.06096612
v 0.08676701 -0.47471261 0.05192097
v 0.09478638 -0.57868689 -0.07076108
v 0.07414086 -0.58012444 -0.05615107
v 0.22944261 -0.41487420 0.01544053
v 0.23270434 -0.40558112 0.01659321
v 0.22338969 -0.40897298 0.01932802
v 0.22344564 -0.41477787 0.01759502
v 0.24229418 -0.40484023 0.01047228
v 0.24545725 -0.41871762 0.00313433
v 0.25115016 -0.40691602 0.00095826
v 0.23775987 -0.41640759 0.00999677
v 0.25785542 -0.40997863 -0.00977889
v 0.25214684 -0.42256641 -0.00629475
v 0.26216221 -0.41512859 -0.02036765
v 0.25657487 -0.42611843 -0.01557576
v 0.25887716 -0.42915773 -0.02267154
v 0.26289079 -0.42325503 -0.02902623
v 0.24431543 -0.46249467 -0.02631646
v 0.25112021 -0.45026672 -0.02551540
v 0.25598034 -0.43812758 -0.02382411
v 0.21991989 -0.44254935 0.00840118
v 0.22603612 -0.43503404 0.00987176
v 0.23179759 -0.42614716 0.01074601
v 0.23993622 -0.42964011 0.00408099
v 0.23370744 -0.43967909 0.00413761
v 0.22708030 -0.44822139 0.00321103
v 0.03924682 -0.45446372 0.05573883
v 0.06130817 -0.45471048 0.05918365
v 0.19458914 -0.46196473 0.01543516
v 0.20424291 -0.46041340 0.00820290
v 0.21282998 -0.45770144 0.00280997
v 0.22063012 -0.45416903 0.00162564
v 0.20758735 -0.47077620 0.00074423
v 0.19625856 -0.47353452 0.00729837
v 0.18316044 -0.47537649 0.01448621
v 0.06288022 -0.47327304 0.04955978
v 0.01974862 -0.45275033 0.04946101
v 0.19774739 -0.44111812 -0.15018404
v 0.20904039 -0.46435153 -0.14467907
v 0.22104941 -0.48473155 -0.12943538
v 0.22664450 -0.49866021 -0.10605054
v 0.00456580 -0.58761287 -0.05340039
v 0.21624862 -0.24598932 0.03731091
v -0.00113263 -0.38595915 0.07224827
v 0.00011676 -0.41104329 0.06415553
v -0.00579694 -0.29959357 0.08328827
v -0.00451841 -0.32884705 0.08285727
v 0.03925631 -0.19014317 0.10338031
v 0.01348277 -0.19005516 0.09440121
v 0.01218629 -0.21725130 0.08867611
v -0.01648317 -0.13597602 0.11077619
v -0.01401008 -0.16130534 0.09763521
v -0.01009852 -0.21845499 0.08012833
v -0.00891625 -0.24448532 0.07962650
v 0.01571458 -0.35544479 0.08517568
v 0.01949346 -0.43252808 0.05977473
v 0.00169921 -0.45293117 0.04540061
v 0.00243606 -0.46929932 0.03662961
v 0.00285265 -0.48495752 0.02788435
v 0.13267849 -0.31846666 -0.19680332
v 0.13101013 -0.33233219 -0.19131769
v 0.11851014 -0.33169591 -0.19961323
v 0.12040561 -0.31791347 -0.20411262
v 0.15261033 -0.31905556 -0.17925817
v 0.15261318 -0.33178711 -0.17484707
v 0.14235243 -0.33226728 -0.18308686
v 0.14314267 -0.31892782 -0.18818550
v 0.16299748 -0.33020651 -0.16620192
v 0.16176869 -0.31779647 -0.16991131
v 0.13497390 -0.30519611 -0.20116867
v 0.14575174 -0.30602366 -0.19326518
v 0.12252320 -0.30455321 -0.20742680
v 0.16190477 -0.30565864 -0.17453560
v 0.15435691 -0.30620778 -0.18428907
v 0.01164259 -0.49805874 -0.23518832
v 0.00879098 -0.49588847 -0.25199121
v 0.00140627 -0.52205765 -0.29220262
v 0.00102966 -0.52711195 -0.29384971
v 0.00925377 -0.49918950 -0.21176139
v 0.01045681 -0.49991298 -0.20379493
v -0.00115551 -0.50870490 -0.27845374
v -0.00068653 -0.49697399 -0.26843408
v -0.00204394 -0.54257393 -0.31200653
v -0.00179932 -0.54029727 -0.30862644
v -0.00136681 -0.53058851 -0.30151561
v -0.00120891 -0.52861524 -0.29782775
v 0.01139534 -0.49999416 -0.19665945
v 0.00662303 -0.49781370 -0.22099671
v 0.01113611 -0.49649560 -0.18685710
v 0.01057578 -0.49298275 -0.18408012
v 0.02277434 -0.48741388 -0.18264274
v 0.02287589 -0.47892535 -0.18319240
v 0.03134545 -0.32171357 -0.20725076
v 0.02729841 -0.37320155 -0.20522459
v 0.02835443 -0.35565525 -0.20525177
v 0.02728191 -0.39172482 -0.20355165
v 0.02410222 -0.46775985 -0.18465616
v 0.01152948 -0.49862921 -0.19111362
v -0.00112819 -0.51842803 -0.28869575
v -0.00104604 -0.51494944 -0.28326437
v -0.00164667 -0.53714311 -0.30584833
v -0.00152472 -0.53383362 -0.30369139
v 0.01002594 -0.43178433 -0.19441704
v 0.01011130 -0.41002500 -0.20115471
v 0.02964717 -0.33829796 -0.20564693
v 0.01389388 -0.30311263 -0.20970485
v 0.01432234 -0.28112012 -0.21402901
v 0.00976268 -0.45274657 -0.18930534
v 0.01437417 -0.25674307 -0.21935450
v 0.15803283 0.08425710 0.13461921
v 0.13286474 0.09810394 0.15399945
v 0.12415400 0.07841873 0.16390505
v 0.14249480 0.06810039 0.15015973
v 0.16203022 0.02912837 0.12877205
v 0.16658634 0.00281909 0.11996424
v 0.16962858 -0.02626103 0.11328337
v 0.10032286 0.08389193 0.17579044
v 0.07015917 0.06314951 0.18613067
v 0.07238755 0.08660963 0.17987329
v 0.14788306 -0.03009033 0.13721655
v 0.14488730 -0.00277159 0.14311308
v 0.13306019 0.05780929 0.15946968
v 0.13719051 0.04411063 0.15551297
v 0.15432614 0.05183905 0.13793646
v 0.09772493 0.06247568 0.18029690
v 0.11886197 0.06072083 0.16972877
v 0.04767947 -0.09919846 0.14838895
v 0.04790784 -0.07971755 0.16021359
v 0.01658480 -0.07976148 0.15714166
v 0.14465003 -0.10066712 0.11791313
v 0.12419567 -0.08158225 0.14042661
v -0.02298488 0.07656813 0.15582614
v 0.11869575 0.04225016 0.16947141
v 0.06856547 0.03908911 0.18960005
v 0.09607608 0.04039603 0.18143028
v 0.07302322 -0.03567198 0.17698084
v 0.09930306 -0.03424084 0.16844527
v 0.09602923 -0.00840834 0.17584886
v 0.07004685 -0.01091611 0.18431263
v 0.12376078 -0.03224581 0.15548725
v 0.12505601 -0.05854604 0.14855050
v 0.07450128 -0.05921683 0.16793019
v 0.10020282 -0.05940241 0.16042465
v 0.09985921 -0.08155686 0.15099154
v 0.12155092 -0.00568989 0.16201757
v 0.06826932 0.01405728 0.18896218
v 0.03743815 0.01355356 0.19104993
v 0.00603329 0.01345763 0.18542191
v -0.02508232 0.01598397 0.17729807
v -0.02473553 -0.00875252 0.17576972
v 0.07403227 -0.08026528 0.15757829
v 0.07281581 -0.11983931 0.13879043
v 0.07386080 -0.10030699 0.14687359
v 0.06475417 -0.18999314 0.11103077
v 0.14020905 0.34934437 0.01222215
v -0.00492378 0.16912708 0.03396716
v 0.00006852 0.18040565 0.00469994
v 0.19855376 0.08103374 0.00392625
v 0.19077434 0.08021531 0.08877648
v 0.17305930 0.06353223 0.11742045
v 0.01996509 0.19408774 -0.04884364
v 0.04280180 0.19225338 -0.07467201
v 0.18478344 0.09553501 -0.02786939
v 0.13598633 0.14863506 -0.07346731
v 0.00721935 0.18873164 -0.02104257
v 0.14186971 0.02220044 0.14952002
v 0.11991483 0.01994628 0.16702671
v 0.09569972 0.01685509 0.18036996
v 0.03716332 0.03797045 0.19066632
v 0.00453778 0.03697714 0.18441255
v -0.02593905 0.03801152 0.17545661
v 0.04751770 0.15466762 -0.11215681
v 0.03387195 0.14524812 -0.12108773
v 0.04336418 0.14148936 -0.11848348
v 0.02385745 0.12528548 -0.12831068
v 0.02234096 0.14669240 -0.12402093
v 0.03264900 0.16353303 -0.11315703
v 0.01918622 0.16465440 -0.11485651
v 0.01663784 0.17846248 -0.10135967
v 0.11547722 0.00576070 -0.12078595
v 0.13779277 -0.00702393 -0.09926869
v 0.04541454 0.02518672 -0.15565909
v 0.06809989 0.02128264 -0.14913517
v 0.18349931 -0.05124727 -0.01932071
v 0.09132732 0.01514158 -0.13828720
v 0.15692993 -0.02106327 -0.07540980
v 0.17296721 -0.03650191 -0.04734284
v -0.02244046 -0.05772552 0.16222781
v -0.02086885 -0.08051658 0.15108171
v 0.02343936 0.02791262 -0.15808493
v 0.00084620 -0.49516958 -0.25161767
v 0.00337706 -0.49668360 -0.23407978
v -0.00192152 -0.64747083 -0.36930186
v 0.00625657 -0.61727822 -0.11065166
v -0.00271197 -0.59739661 -0.34539402
v -0.00091003 -0.52674472 -0.29359326
v -0.00221355 -0.54286230 -0.31576088
v 0.01012536 -0.48746842 -0.18270878
v 0.00980623 -0.47892690 -0.18429223
v -0.00268221 0.16823876 0.02099067
v 0.00953241 -0.46763122 -0.18716387
v -0.00434183 0.16101357 0.04087051
v -0.00691393 -0.27209783 0.08148706
v 0.02726463 0.78798151 0.18125059
v 0.01875788 0.78423005 0.19546701
v 0.02125987 0.81556278 0.19669268
v 0.02809786 0.81809390 0.18172279
v 0.02861831 0.77602583 0.23466116
v 0.01907549 0.77923012 0.22029698
v 0.04412776 0.77517456 0.24321932
v 0.06083505 0.77715623 0.24296972
v 0.05419078 0.80795068 0.24331808
v 0.03909533 0.80688983 0.24529359
v 0.07340299 0.77907890 0.23628351
v 0.07834317 0.81065398 0.22810957
v 0.08488968 0.78086931 0.22617000
v 0.09593054 0.78425139 0.20915124
v 0.08898364 0.81278330 0.21108088
v 0.09652383 0.79063094 0.18708248
v 0.08955184 0.81743616 0.18960398
v 0.08502976 0.79445243 0.17003538
v 0.04095090 0.79196292 0.16964942
v 0.03998342 0.82091415 0.16890670
v 0.02494299 0.80790520 0.23696867
v 0.01860396 0.81058842 0.22137910
v 0.01862448 0.81353778 0.20795056
v 0.01689876 0.78184140 0.20760143
v 0.02247977 0.84593546 0.19577867
v 0.02516511 0.84788436 0.17882180
v 0.02126972 0.83936018 0.23897645
v 0.01856853 0.84211361 0.22101054
v 0.04872346 0.83769000 0.24548063
v 0.03371169 0.83747941 0.24854505
v 0.07607816 0.83934611 0.23267689
v 0.06258439 0.83842456 0.23908362
v 0.06628921 0.80927294 0.23613259
v 0.08533777 0.84007269 0.21532312
v 0.08905715 0.84299767 0.19065201
v 0.03722679 0.84841472 0.16341969
v 0.02061818 0.84369504 0.20829390
v 0.18283273 0.95426160 0.06407280
v 0.18162170 0.94922620 0.06326893
v 0.17808889 0.94936615 0.05998881
v 0.17726563 0.95516062 0.05896484
v 0.15264903 0.95717651 0.02846807
v 0.15328357 0.94612181 0.02390483
v 0.14402471 0.94765013 0.02120237
v 0.14071959 0.96052122 0.02417429
v 0.16867854 0.95705116 0.04142397
v 0.16742715 0.96026176 0.04560066
v 0.17160192 0.96016818 0.04904659
v 0.17584804 0.95695502 0.04655588
v 0.18296455 0.94587338 0.10508302
v 0.18153499 0.95038986 0.10792018
v 0.18439201 0.94972605 0.11196068
v 0.18620767 0.94586307 0.11105561
v 0.18223666 0.95254797 0.08004716
v 0.18045910 0.95679265 0.08337244
v 0.18337503 0.95573211 0.08712447
v 0.18634990 0.95215279 0.08617237
v 0.14146836 0.93870401 0.04747056
v 0.12728480 0.93718511 0.04117410
v 0.13651150 0.94422150 0.02907020
v 0.14926982 0.94188255 0.03413062
v 0.12764706 0.95375741 0.03003160
v 0.11750460 0.94855994 0.04342965
v 0.12257730 0.95672089 0.04966206
v 0.13193667 0.95840877 0.03730166
v 0.13621505 0.95669615 0.05423025
v 0.14335409 0.95833993 0.04250576
v 0.14552766 0.94988900 0.05348306
v 0.15481482 0.95139283 0.04147154
v 0.16435602 0.94856626 0.06479752
v 0.16109405 0.94084853 0.06042423
v 0.17025401 0.94657922 0.05061923
v 0.17448469 0.95325005 0.05614564
v 0.15224203 0.94170594 0.05226106
v 0.16363733 0.94713050 0.04477839
v 0.14794081 0.95265585 0.05202584
v 0.15003221 0.95729315 0.05914147
v 0.16054709 0.95935631 0.04966962
v 0.15838824 0.95473719 0.04237438
v 0.15819485 0.95622367 0.06542128
v 0.16795106 0.95911193 0.05619027
v 0.17227592 0.93938309 0.07819341
v 0.16462469 0.94128740 0.06994031
v 0.17290285 0.94684213 0.06340845
v 0.17896266 0.94601715 0.06888016
v 0.16839217 0.95525455 0.06180745
v 0.16110267 0.95182842 0.06905773
v 0.16366069 0.95592356 0.07529430
v 0.17163992 0.95822752 0.06721663
v 0.17099714 0.95436662 0.08196633
v 0.17795832 0.95801878 0.07226926
v 0.17632107 0.94629514 0.08209349
v 0.18261190 0.95189905 0.07280713
v 0.18094647 0.94358641 0.10374200
v 0.17855585 0.93640459 0.09986711
v 0.18377477 0.94313258 0.09103708
v 0.18555473 0.94923681 0.09466922
v 0.17400986 0.93806547 0.09188959
v 0.17947717 0.94368458 0.08575806
v 0.17560604 0.94872367 0.08270964
v 0.17210628 0.94467622 0.08890913
v 0.17140813 0.95292592 0.09480992
v 0.17559350 0.95617586 0.08719981
v 0.17653967 0.95197785 0.10306400
v 0.18143196 0.95554590 0.09345560
v 0.18130670 0.93309295 0.12339826
v 0.18478785 0.93791276 0.11576794
v 0.18524785 0.94369590 0.11892228
v 0.18043876 0.93995386 0.12789878
v 0.17825653 0.93364471 0.11493450
v 0.18136609 0.93780047 0.10982233
v 0.17773865 0.94310409 0.10781462
v 0.17622641 0.94013214 0.11266039
v 0.17389926 0.94867349 0.11713168
v 0.17679159 0.95065331 0.11157364
v 0.17729060 0.94715643 0.12487946
v 0.18219845 0.94987375 0.11759791
v 0.13672014 0.93592507 0.06299368
v 0.11886568 0.93106765 0.05433286
v 0.13981494 0.95976329 0.02969519
v 0.10940481 0.94443780 0.05710176
v 0.14623439 0.95980650 0.03283351
v 0.13340780 0.95489824 0.06822269
v 0.11503682 0.95398390 0.06391238
v 0.14148501 0.94876933 0.05844387
v 0.17425707 0.95080942 0.04511362
v 0.15069975 0.95376861 0.08205526
v 0.15707113 0.94864440 0.07299207
v 0.16998027 0.95102650 0.04166834
v 0.15273736 0.93591648 0.07616962
v 0.16333981 0.93488640 0.09490934
v 0.17710206 0.95904511 0.06284876
v 0.18052275 0.95888454 0.06580441
v 0.16318113 0.95177770 0.09948447
v 0.17108223 0.94310671 0.09052387
v 0.18582007 0.94734675 0.08543785
v 0.16988532 0.94882494 0.11841615
v 0.17672749 0.93979055 0.11250471
v 0.18325618 0.94743580 0.08223698
v 0.17156689 0.93064076 0.11506847
v 0.18498963 0.94200635 0.11072180
v 0.17218970 0.94590729 0.13474825
v 0.17523743 0.93667966 0.13962466
v 0.18355030 0.94167024 0.10722066
v 0.17551817 0.92828971 0.13273510
v 0.05399622 0.82247043 0.16209933
v 0.05493835 0.79512477 0.16347013
v 0.06944753 0.79621160 0.16325259
v 0.06769326 0.82307494 0.16339254
v 0.08061571 0.82115489 0.17176804
v 0.05379974 0.84813040 0.15559852
v 0.06954618 0.84727949 0.15850987
v 0.08115632 0.84619820 0.17015424
v 0.08474373 0.86356843 0.22237360
v 0.07434501 0.86169744 0.24038526
v 0.05799256 0.86154807 0.24399880
v 0.04318985 0.86121619 0.24932474
v 0.02803735 0.86057937 0.25347355
v 0.03986498 0.87203747 0.15927589
v 0.05937675 0.86923772 0.14815998
v 0.07680926 0.86701483 0.15074411
v 0.08806815 0.86619651 0.16539881
v 0.10558015 0.92354244 0.06702046
v 0.12371759 0.92084533 0.07647716
v 0.10825834 0.90943676 0.09158957
v 0.09244672 0.92095464 0.08724555
v 0.13748549 0.92335224 0.09114893
v 0.12277976 0.90901679 0.10616538
v 0.14859115 0.92335528 0.10883854
v 0.13352601 0.91142851 0.12358166
v 0.15765588 0.92264926 0.12798882
v 0.14219628 0.91421831 0.14163299
v 0.16530260 0.92351580 0.14513889
v 0.14981689 0.91874337 0.15920559
v 0.16845562 0.93298018 0.15455042
v 0.15484360 0.92878139 0.17045340
v 0.09608258 0.94149953 0.07118157
v 0.08506163 0.93763226 0.09172487
v 0.10289687 0.95308614 0.08048576
v 0.09194367 0.95114100 0.10078093
v 0.11814681 0.95173830 0.09121911
v 0.10578185 0.94987172 0.11132501
v 0.15145130 0.94255078 0.16685185
v 0.16389519 0.94542027 0.14969823
v 0.13305451 0.94996071 0.10607359
v 0.12013330 0.94708121 0.12576161
v 0.14548282 0.94940090 0.12224650
v 0.13230613 0.94675100 0.14145142
v 0.15538624 0.94830197 0.13721728
v 0.14257196 0.94611311 0.15563446
v 0.08890330 0.90042955 0.11025161
v 0.10619599 0.89396423 0.12167951
v 0.11579024 0.89770681 0.13947101
v 0.12386902 0.90333593 0.15855053
v 0.13097107 0.91273052 0.17657968
v 0.13743274 0.92413861 0.18835214
v 0.10778636 0.88844675 0.18261921
v 0.11162034 0.90928710 0.19729534
v 0.11695836 0.92265028 0.20566913
v 0.09863073 0.92102844 0.22422823
v 0.09535047 0.90622813 0.21943450
v 0.06568328 0.90443575 0.25442603
v 0.07958091 0.90426445 0.23899910
v 0.08311430 0.91922092 0.24442247
v 0.06864142 0.92087311 0.26104841
v 0.09410728 0.88634092 0.20890580
v 0.08018217 0.88459700 0.23039895
v 0.06600795 0.88310593 0.24409550
v 0.03957155 0.92164069 0.27348021
v 0.03905084 0.90320462 0.27095860
v 0.05329886 0.90423125 0.26457477
v 0.05499707 0.92146665 0.27029869
v 0.02044357 0.92466676 0.26769641
v 0.01924612 0.90534377 0.26779667
v 0.00920160 0.90972561 0.24761704
v 0.00926640 0.92810804 0.24902058
v 0.04081266 0.88140929 0.25946736
v 0.05314803 0.88277459 0.25210690
v 0.02400057 0.88219905 0.25968644
v 0.01410560 0.88573414 0.24266753
v 0.01278875 0.91182232 0.22558364
v 0.01728113 0.88806003 0.22327599
v 0.01116777 0.92985249 0.22720748
v 0.07715549 0.91833264 0.11014375
v 0.07411509 0.93265623 0.11524722
v 0.10126989 0.88131028 0.15460792
v 0.08954281 0.88007218 0.13716464
v 0.06745496 0.88932925 0.13427374
v 0.05868667 0.91413194 0.13379011
v 0.05996964 0.93030149 0.14070976
v 0.04182889 0.91472763 0.15642269
v 0.04667049 0.92925107 0.16342001
v 0.08038471 0.94327295 0.12386407
v 0.06765278 0.93747860 0.14906777
v 0.05392924 0.93635410 0.17096955
v 0.03039511 0.91443306 0.17737919
v 0.03415315 0.92933398 0.18254469
v 0.02402729 0.91298640 0.19556798
v 0.02508443 0.92937624 0.19852185
v 0.01762684 0.92975587 0.21182412
v 0.01893700 0.91222042 0.21013865
v 0.02372796 0.89158100 0.19534475
v 0.02016988 0.88975334 0.20883496
v 0.03003682 0.89364851 0.17662796
v 0.04263166 0.89297152 0.15491447
v 0.13509525 0.93851548 0.18639797
v 0.11623223 0.93522584 0.20516384
v 0.09720689 0.93234259 0.22290275
v 0.08071454 0.93282765 0.24220833
v 0.06522404 0.93420470 0.25606430
v 0.05291370 0.93463254 0.26334327
v 0.03949779 0.93451232 0.26612294
v 0.02462766 0.93536621 0.26019493
v 0.01618220 0.93759567 0.24712428
v 0.01827750 0.94024670 0.23039630
v 0.02348015 0.94186670 0.21687880
v 0.04066092 0.93837517 0.18970010
v 0.03042892 0.94115263 0.20415378
v 0.02588447 0.87253326 0.17602694
v 0.02054016 0.87033534 0.19426504
v 0.01893379 0.86816686 0.20732105
v 0.01718239 0.86354762 0.23840678
v 0.01886484 0.86620808 0.22065085
v 0.09218914 0.94587678 0.13486679
v 0.10570135 0.94389790 0.14885902
v 0.11744026 0.94331992 0.16357411
v 0.12712938 0.94272602 0.17653841
v 0.10977245 0.93993860 0.19717237
v 0.10045397 0.94085586 0.18600464
v 0.08884361 0.94181514 0.17251077
v 0.07744411 0.94045681 0.15906841
v 0.09129515 0.93861431 0.21541399
v 0.08303317 0.94028360 0.20512050
v 0.07205204 0.94139278 0.19352797
v 0.06245331 0.94067699 0.18076833
v 0.04798929 0.94318140 0.19893095
v 0.05590911 0.94273609 0.21102205
v 0.06570152 0.94105762 0.22140262
v 0.07327852 0.93870163 0.23217374
v 0.05900545 0.93898326 0.24496567
v 0.05228291 0.94081140 0.23399746
v 0.04377753 0.94280553 0.22385409
v 0.03734440 0.94393837 0.21348432
v 0.04932069 0.93887788 0.25189909
v 0.02997365 0.93928158 0.25326136
v 0.03994268 0.93878174 0.25509182
v 0.02371008 0.94127232 0.24540862
v 0.02618881 0.94267315 0.23421738
v 0.03101541 0.94371426 0.22396168
v 0.03270244 0.94160074 0.23884282
v 0.03742006 0.94220340 0.23209530
v 0.04459424 0.94035685 0.24154079
v 0.03826914 0.93998820 0.24620536
v 0.02966749 0.94090742 0.24434814
v 0.03269441 0.94006687 0.24805024
v 0.09006028 0.86795855 0.19175301
v 0.00453263 -0.59740818 -0.06759173
v 0.00316297 -0.53786439 -0.00619950
v 0.08916367 0.50846642 0.08220050
v 0.10658782 0.51206225 0.08409411
v 0.12322126 0.51032031 0.08950694
v 0.16285023 0.10893491 -0.05616663
v 0.13182056 -0.11001667 -0.17175275
v 0.13154903 -0.15977407 -0.17838122
v 0.13204157 -0.13400292 -0.17516167
v 0.16432223 0.13693243 -0.05199620
v 0.17093094 -0.20764288 -0.09589630
v -0.02494961 0.05782199 0.16674115
v 0.00323796 -0.49963921 0.01940536
v 0.13097174 -0.34756327 -0.18659174
v -0.02410999 -0.03404918 0.17090991
v 0.09020308 -0.63361186 -0.25431842
v 0.08801147 -0.63402069 -0.25174811
v 0.08750168 -0.63192469 -0.24830621
v 0.08642661 -0.63430202 -0.24395527
v 0.08609975 -0.63549376 -0.24016392
v 0.08645651 -0.63605428 -0.23809798
v 0.08902819 -0.63439035 -0.24712354
v 0.08738615 -0.63887990 -0.24709807
v 0.08854916 -0.63575131 -0.24953191
v 0.08939311 -0.63436222 -0.24983275
v 0.00980153 -0.38995212 -0.20437923
v 0.01042477 -0.37138212 -0.20568055
v 0.01182891 -0.35406840 -0.20511575
v 0.01280958 -0.33732045 -0.20477088
v -0.00099118 -0.52190983 -0.29225552
v 0.02191932 -0.04451334 -0.20711236
v 0.02161547 -0.05325767 -0.21586719
v -0.01105941 -0.19216534 0.08604127
v 0.02485036 -0.00567934 -0.18934360
v 0.02114554 -0.06636938 -0.22415698
v -0.00289367 -0.35812938 0.07867318
v 0.01359761 -0.32098913 -0.20593049
v 0.02425749 0.01015815 -0.17377260
v 0.00066117 -0.43348169 0.05503229
v 0.02151223 -0.08663413 -0.23101825
v 0.02518646 0.10019061 -0.13185281
v 0.01919679 -0.16797245 -0.23513247
v -0.04613684 -0.63049978 -0.34488830
v -0.05600985 -0.63133788 -0.33064097
v -0.05145698 -0.61819077 -0.33288983
v -0.04127653 -0.61560971 -0.34329686
v -0.04758336 -0.60770881 -0.33279306
v -0.03804091 -0.60524416 -0.33976886
v -0.06191164 -0.63022578 -0.31514463
v -0.05771006 -0.61898053 -0.32007548
v -0.06423914 -0.59611475 -0.28977400
v -0.06194531 -0.60351676 -0.29578355
v -0.06764073 -0.60659695 -0.28688124
v -0.06842384 -0.59753275 -0.27827576
v -0.06469560 -0.57433736 -0.27204788
v -0.06685127 -0.57320857 -0.25718558
v -0.06284155 -0.55962050 -0.26111653
v -0.05950789 -0.56273293 -0.27451491
v -0.02642894 -0.56219852 -0.30552170
v -0.02960475 -0.56782496 -0.30784929
v -0.03596274 -0.56332207 -0.30326107
v -0.03189907 -0.55709398 -0.30023310
v -0.01718996 -0.56778598 -0.31707188
v -0.01332853 -0.56718361 -0.32503799
v -0.01323893 -0.57428515 -0.32422301
v -0.01801470 -0.57374823 -0.31711975
v -0.02065175 -0.55768561 -0.30251771
v -0.02605449 -0.55259919 -0.29691061
v -0.01997868 -0.56128460 -0.31008062
v -0.02158755 -0.56618786 -0.31035587
v -0.01671375 -0.55037582 -0.31628647
v -0.01390303 -0.54812980 -0.32089588
v -0.01494702 -0.55291724 -0.32445636
v -0.01809125 -0.55547577 -0.31788030
v -0.01961534 -0.55476892 -0.30719760
v -0.01579355 -0.55075043 -0.30755869
v -0.01762504 -0.55137318 -0.31152475
v -0.02015479 -0.55595779 -0.31167731
v -0.01705870 -0.56171578 -0.31746778
v -0.01385376 -0.56010842 -0.32521251
v -0.01009944 -0.55733830 -0.33247665
v -0.01078026 -0.54848266 -0.33073148
v -0.04317620 -0.54876721 -0.28679094
v -0.03695049 -0.54466605 -0.28629792
v -0.03201324 -0.54833204 -0.29197261
v -0.03791174 -0.55245799 -0.29427955
v -0.01655606 -0.54996324 -0.30278090
v -0.01957946 -0.53484142 -0.29460707
v -0.01400799 -0.53303879 -0.29909730
v -0.01413521 -0.53684407 -0.30171335
v -0.02044863 -0.53860056 -0.29699072
v -0.04938167 -0.54068899 -0.26985434
v -0.05016394 -0.53460294 -0.26198125
v -0.04261751 -0.53165019 -0.26849431
v -0.04231562 -0.53686011 -0.27403018
v -0.03995971 -0.52606630 -0.26407114
v -0.04775988 -0.52768123 -0.25547934
v -0.03432778 -0.51333922 -0.24976113
v -0.02939787 -0.51389444 -0.26274237
v -0.03508889 -0.52056450 -0.26235551
v -0.04186677 -0.52050304 -0.25136673
v -0.01648880 -0.51415634 -0.27372152
v -0.02250392 -0.50658751 -0.26423967
v -0.01510440 -0.50080526 -0.26628363
v -0.01051738 -0.51087058 -0.27578774
v -0.01776375 -0.53248537 -0.28728157
v -0.01854573 -0.53310692 -0.29127166
v -0.02261292 -0.53455168 -0.28746200
v -0.02173087 -0.53393763 -0.28454968
v -0.02639532 -0.53529173 -0.28179955
v -0.02641403 -0.53545064 -0.28297457
v -0.02836134 -0.53592014 -0.28322259
v -0.02844243 -0.53532284 -0.28094468
v -0.02435910 -0.53487635 -0.28293908
v -0.02505068 -0.53432977 -0.28142977
v -0.02267012 -0.53293693 -0.28234005
v -0.01905679 -0.53015488 -0.28453895
v -0.00608785 -0.52309918 -0.29151869
v -0.00534672 -0.52769905 -0.29359612
v -0.00862259 -0.52894020 -0.29228607
v -0.00985562 -0.52443689 -0.29015207
v -0.02690769 -0.53613818 -0.28616244
v -0.02406519 -0.53592747 -0.28974018
v -0.02585124 -0.53869641 -0.29167846
v -0.02937100 -0.53790641 -0.28689405
v -0.03254207 -0.54099828 -0.28695089
v -0.03504393 -0.53862178 -0.28178069
v -0.03120314 -0.53689659 -0.28290656
v -0.02695722 -0.53410470 -0.27947542
v -0.03152717 -0.53552377 -0.27938870
v -0.03028822 -0.53352827 -0.27658716
v -0.02749626 -0.53048986 -0.27564189
v -0.02438596 -0.53174758 -0.27966851
v -0.02093188 -0.52838731 -0.28149715
v -0.02392497 -0.52637100 -0.27660638
v -0.01882728 -0.52210581 -0.27863920
v -0.01624024 -0.52436030 -0.28411320
v -0.02807024 -0.54321611 -0.29240510
v -0.03616713 -0.53579998 -0.27716747
v -0.04025958 -0.54112196 -0.28029314
v -0.03572016 -0.53225297 -0.27301180
v -0.03287607 -0.52801186 -0.27053067
v -0.02295589 -0.51842725 -0.27161250
v -0.02860760 -0.52332282 -0.27034342
v -0.02572962 -0.50479198 -0.24953203
v -0.01641961 -0.49881339 -0.25058407
v -0.04352893 -0.60193682 -0.32922077
v -0.03508589 -0.60120308 -0.33317736
v -0.04370986 -0.59856033 -0.32076851
v -0.03993451 -0.59807086 -0.32354209
v -0.04080220 -0.59968692 -0.32574281
v -0.04534701 -0.60039580 -0.32174203
v -0.05544034 -0.60217041 -0.30165365
v -0.05801872 -0.59677148 -0.29758981
v -0.05142690 -0.59830785 -0.30389711
v -0.05069866 -0.60079497 -0.30735606
v -0.04482011 -0.58752084 -0.30629519
v -0.04209469 -0.59213668 -0.31225076
v -0.04509589 -0.59427655 -0.31032935
v -0.04886808 -0.59041584 -0.30394492
v -0.03849292 -0.59061211 -0.31418541
v -0.04000701 -0.58600235 -0.30932406
v -0.03513230 -0.58569711 -0.31224629
v -0.03440449 -0.58991754 -0.31598809
v -0.03387004 -0.59948760 -0.32828540
v -0.03429394 -0.59772319 -0.32560918
v -0.02789573 -0.59755456 -0.32544506
v -0.02621042 -0.59947288 -0.32842079
v -0.01762719 -0.59461200 -0.31926098
v -0.01465467 -0.59339345 -0.32058370
v -0.01505034 -0.59683442 -0.32377684
v -0.01851368 -0.59635031 -0.32153681
v -0.01922016 -0.59289104 -0.31903797
v -0.01747489 -0.59080529 -0.31915322
v -0.03803720 -0.64959347 -0.35819426
v -0.05138670 -0.64962292 -0.34362254
v -0.03268617 -0.62947953 -0.35541335
v -0.06014822 -0.64779186 -0.32625028
v -0.06627858 -0.64283675 -0.30936241
v -0.06365211 -0.55614537 -0.24884224
v -0.05799522 -0.54319108 -0.25502485
v -0.05701008 -0.54825521 -0.26547942
v -0.06137928 -0.55055040 -0.23748842
v -0.05586471 -0.53541321 -0.24585781
v -0.03906532 -0.51767898 -0.23320222
v -0.05016942 -0.52608049 -0.23817983
v -0.06800545 -0.56850147 -0.22926763
v -0.06533421 -0.56445539 -0.21797442
v -0.05648336 -0.54275846 -0.22631067
v -0.06995071 -0.58424342 -0.21508871
v -0.06609905 -0.58677447 -0.20544174
v -0.06147037 -0.56112158 -0.20304513
v -0.03916411 -0.52501243 -0.19306678
v -0.05149560 -0.54129148 -0.18413416
v -0.05004523 -0.53541601 -0.17565399
v -0.03831515 -0.52052915 -0.18593368
v -0.06907766 -0.57200158 -0.24204358
v -0.06996914 -0.62040669 -0.28746420
v -0.07170431 -0.61117816 -0.27516952
v -0.06474148 -0.61374497 -0.29678208
v -0.06637073 -0.68198526 -0.30957443
v -0.07288586 -0.67081988 -0.29453570
v -0.07035594 -0.65655732 -0.30308232
v -0.06434151 -0.66419864 -0.31986848
v -0.04012140 -0.70184624 -0.34073755
v -0.05596139 -0.69362104 -0.32524660
v -0.05413498 -0.67093873 -0.33757862
v -0.03974366 -0.67465067 -0.35259721
v -0.07521584 -0.68314826 -0.28342968
v -0.07019138 -0.69790220 -0.29576701
v -0.07030161 -0.70949090 -0.27737853
v -0.07494269 -0.69187212 -0.26989123
v -0.05891907 -0.71464884 -0.30898413
v -0.05994584 -0.72917736 -0.28557640
v -0.06191091 -0.60027975 -0.19808367
v -0.06132931 -0.58084893 -0.18851134
v -0.05918607 -0.56715065 -0.18094951
v -0.05514994 -0.54846871 -0.19374624
v -0.04218167 -0.74580741 -0.29435351
v -0.04066215 -0.72729063 -0.32148102
v -0.05955615 -0.70046329 -0.21865588
v -0.06756296 -0.68519861 -0.22206284
v -0.07087032 -0.69091463 -0.23966295
v -0.06413016 -0.70943409 -0.23688869
v -0.04946750 -0.71584010 -0.21406887
v -0.05313350 -0.72776270 -0.23510012
v -0.04872999 -0.65867257 -0.17856592
v -0.03857109 -0.66923255 -0.16926444
v -0.03441413 -0.65072381 -0.16260931
v -0.04499754 -0.64176631 -0.16866267
v -0.05372865 -0.60934407 -0.32335183
v -0.05670784 -0.61006409 -0.31329337
v -0.05183647 -0.60440731 -0.31597200
v -0.04898440 -0.60335678 -0.32308537
v -0.06601626 -0.62715739 -0.30081323
v -0.06169612 -0.61780781 -0.30811736
v -0.07288131 -0.64984643 -0.28765014
v -0.07500768 -0.66139722 -0.28126925
v -0.07661437 -0.68000185 -0.26279256
v -0.07664791 -0.67180526 -0.27280006
v -0.07055166 -0.67340237 -0.22551374
v -0.07317528 -0.67717695 -0.23694991
v -0.06043308 -0.61929154 -0.19043492
v -0.05361232 -0.63141602 -0.17747118
v -0.05116025 -0.61516190 -0.16705438
v -0.05777763 -0.60032749 -0.17833719
v -0.03350678 -0.63572848 -0.15122536
v -0.04332110 -0.62669182 -0.15722798
v -0.05582204 -0.57609653 -0.16100624
v -0.05002251 -0.59241945 -0.14923938
v -0.05084234 -0.58438170 -0.14038241
v -0.05547202 -0.56995320 -0.15237765
v -0.04320546 -0.59499413 -0.12822124
v -0.04238774 -0.60440075 -0.13832979
v -0.03297625 -0.61266947 -0.12925331
v -0.03308038 -0.60145640 -0.11844625
v -0.01006763 -0.50402492 -0.19445482
v -0.02374288 -0.51014543 -0.19188279
v -0.02537773 -0.50632852 -0.18623200
v -0.01077972 -0.50105107 -0.18918136
v -0.05757355 -0.56437445 -0.14422759
v -0.05470863 -0.57871550 -0.13117783
v -0.05697674 -0.64807343 -0.18725881
v -0.06306335 -0.64108729 -0.19730625
v -0.04657423 -0.58840394 -0.11777554
v -0.05045566 -0.60283530 -0.15785483
v -0.04239968 -0.61454964 -0.14759481
v -0.02150644 -0.64249396 -0.14642131
v -0.02155865 -0.65774369 -0.15610175
v -0.02360143 -0.57161391 -0.31168330
v -0.02509414 -0.58765197 -0.31642047
v -0.02094572 -0.58896393 -0.31773522
v -0.02184639 -0.59171855 -0.31892952
v -0.02556489 -0.59068966 -0.31851235
v -0.01548136 -0.61016142 -0.35292101
v -0.02864389 -0.61266714 -0.35064536
v -0.02601887 -0.60217988 -0.34322509
v -0.01318191 -0.59828144 -0.34266973
v -0.05326670 -0.56798160 -0.29018199
v -0.04915230 -0.55576551 -0.28802511
v -0.04276609 -0.55901086 -0.29694256
v -0.04454428 -0.56858921 -0.29996756
v -0.04816655 -0.59971166 -0.31101942
v -0.04744769 -0.59952271 -0.31421468
v -0.04966251 -0.60139823 -0.31222796
v -0.04691983 -0.54488242 -0.27843907
v -0.05382324 -0.55227792 -0.27663624
v -0.07202464 -0.60021591 -0.26440209
v -0.05890540 -0.60864568 -0.30360928
v -0.02071707 -0.70534861 -0.35076615
v -0.02090481 -0.67585689 -0.36392179
v -0.01938156 -0.73336220 -0.32956091
v -0.02084628 -0.75726366 -0.30222172
v -0.03843156 -0.74314141 -0.23414180
v -0.01743011 -0.75442445 -0.23630404
v -0.01378588 -0.73850548 -0.20875521
v -0.03337987 -0.72941041 -0.21046384
v -0.02428262 -0.67697084 -0.16340517
v -0.02151353 -0.61963034 -0.12372857
v -0.02206389 -0.60794806 -0.11305617
v -0.01994106 -0.64906085 -0.36555496
v -0.01794259 -0.62824726 -0.35966203
v -0.06963897 -0.63720858 -0.29292038
v -0.06399814 -0.58743322 -0.28609195
v -0.06071357 -0.57774812 -0.28610754
v -0.05615712 -0.58371013 -0.29709265
v -0.05868314 -0.59036732 -0.29613736
v -0.06740479 -0.58637691 -0.27270162
v -0.07085010 -0.58726758 -0.25674018
v -0.07431800 -0.59039521 -0.23931691
v -0.07247727 -0.58573276 -0.22514793
v -0.06782302 -0.71352518 -0.25708514
v -0.07249407 -0.69612706 -0.25490981
v -0.04146281 -0.74999940 -0.26304623
v -0.05757804 -0.73291093 -0.25889915
v -0.07440871 -0.68491828 -0.25123253
v -0.01926363 -0.76394689 -0.26876613
v -0.01361400 -0.54130298 -0.30332723
v -0.01171050 -0.54532164 -0.30559179
v -0.02103297 -0.54503226 -0.29829589
v -0.01140459 -0.52113241 -0.28585836
v -0.01311751 -0.51874995 -0.28025037
v -0.00817309 -0.51672912 -0.28174725
v -0.00706563 -0.51950884 -0.28751940
v -0.01507204 -0.50137573 -0.23416087
v -0.02577937 -0.50878698 -0.23271731
v -0.01047528 -0.50477862 -0.20142990
v -0.02343548 -0.51280385 -0.19837971
v -0.01216541 -0.54968452 -0.31444642
v -0.01244051 -0.55042958 -0.31244418
v -0.01034914 -0.55027395 -0.31320867
v -0.01052135 -0.54985273 -0.31514356
v -0.02514701 -0.53523576 -0.28444481
v -0.00888592 -0.53177583 -0.30115694
v -0.00869915 -0.52991390 -0.29697603
v -0.00539517 -0.52905357 -0.29753253
v -0.00538055 -0.53097713 -0.30132663
v -0.04616092 -0.53135669 -0.21549785
v -0.04187186 -0.52936804 -0.20216849
v -0.05456092 -0.55286872 -0.16448559
v -0.05633933 -0.55919528 -0.17261729
v -0.05663192 -0.58583868 -0.16915512
v -0.03376067 -0.62428808 -0.13934293
v -0.02247177 -0.63139588 -0.13431357
v -0.00660770 -0.63632339 -0.13380097
v -0.00602634 -0.64620149 -0.14492467
v -0.02779352 -0.51258451 -0.21744362
v -0.02564600 -0.51386356 -0.20671539
v -0.01275124 -0.50481999 -0.20973703
v -0.01436143 -0.50369102 -0.21992701
v -0.00592280 -0.54623938 -0.31461164
v -0.00668390 -0.54674006 -0.31206635
v -0.00474716 -0.54411733 -0.31142822
v -0.00458177 -0.54420644 -0.31519392
v -0.01312232 -0.55020285 -0.30984378
v -0.01071209 -0.54788995 -0.30774128
v -0.01045365 -0.54947960 -0.30928525
v -0.01423960 -0.55026209 -0.31184396
v -0.01383094 -0.54958588 -0.31483525
v -0.00905573 -0.54683757 -0.31935987
v -0.00923791 -0.54382300 -0.32400259
v -0.01207458 -0.54797477 -0.31769842
v -0.00797625 -0.54826081 -0.31412178
v -0.00798519 -0.54856718 -0.31185976
v -0.01020601 -0.55031645 -0.31091869
v -0.01206501 -0.55055118 -0.31090358
v -0.00917192 -0.54802650 -0.31748754
v -0.01101883 -0.54883170 -0.31623396
v -0.00929168 -0.56562817 -0.33211413
v 0.00066834 -0.50035787 -0.20326445
v -0.00162028 -0.50005651 -0.21115290
v -0.02567603 -0.53521591 -0.28220642
v -0.02544775 -0.60011965 -0.33435604
v -0.05054507 -0.57892191 -0.30029908
v -0.03061742 -0.57463205 -0.30914539
v -0.03029744 -0.58095348 -0.31124869
v -0.03649116 -0.57930553 -0.30805963
v -0.03720869 -0.57154477 -0.30534872
v -0.01660091 -0.59825450 -0.33242884
v -0.01140732 -0.59469175 -0.32817712
v -0.00831398 -0.59143656 -0.33464676
v -0.01146738 -0.58975458 -0.32400954
v -0.01486593 -0.58677113 -0.31959835
v -0.01364939 -0.58099020 -0.32237917
v -0.00906636 -0.58344561 -0.33017027
v -0.04793807 -0.60110289 -0.31708530
v -0.04600615 -0.59902304 -0.31745461
v -0.01864627 -0.57943416 -0.31672630
v -0.01947992 -0.58462262 -0.31651244
v -0.02446646 -0.58283162 -0.31394091
v -0.02426444 -0.57738268 -0.31250280
v -0.04328809 -0.57817018 -0.30443695
v -0.05363498 -0.60452759 -0.30876005
v -0.05131349 -0.59438205 -0.30312723
v -0.06361476 -0.62642801 -0.20567456
v -0.06547666 -0.64021921 -0.20891362
v -0.07043096 -0.60568321 -0.21582703
v -0.06821517 -0.61065173 -0.21432665
v -0.06507216 -0.60284519 -0.21107113
v -0.06914587 -0.59895027 -0.21501106
v -0.07568292 -0.66108680 -0.24102549
v -0.07546559 -0.65817386 -0.24445483
v -0.07586803 -0.66177607 -0.24942011
v -0.07514411 -0.66648197 -0.24329023
v -0.07633396 -0.65491617 -0.25069410
v -0.07599769 -0.65264714 -0.24813840
v -0.07593838 -0.64980042 -0.24991848
v -0.07608319 -0.65556204 -0.25444368
v -0.07507368 -0.64862776 -0.25778317
v -0.07475410 -0.65411425 -0.26897201
v -0.07654796 -0.66229916 -0.26289529
v -0.07438247 -0.62904859 -0.27400073
v -0.07401294 -0.64326155 -0.27242973
v -0.07458612 -0.63972247 -0.25826097
v -0.07447367 -0.62981915 -0.25553828
v -0.07283890 -0.60240686 -0.23031223
v -0.07309888 -0.59790194 -0.22123033
v -0.06275412 -0.61238545 -0.20762512
v -0.04485925 -0.70147306 -0.19699197
v -0.05624568 -0.68874192 -0.20233820
v -0.06400806 -0.67670667 -0.20810667
v -0.06872278 -0.66586268 -0.21468416
v -0.03038086 -0.71287835 -0.19232817
v -0.01112508 -0.71992683 -0.18766664
v -0.07452701 -0.61621559 -0.26151168
v -0.07421455 -0.61999869 -0.24813542
v -0.05321539 -0.67483521 -0.18809320
v -0.04121245 -0.68642402 -0.18205649
v -0.06097259 -0.66402942 -0.19638224
v -0.06566905 -0.65534687 -0.20531091
v -0.02696599 -0.69563800 -0.17717031
v -0.00870008 -0.69977140 -0.17264125
v -0.00661162 -0.68015021 -0.16029300
v -0.07471677 -0.61176974 -0.22226658
v -0.07640329 -0.60650814 -0.21865873
v -0.07459077 -0.60360909 -0.21892861
v -0.07402080 -0.60697228 -0.22516289
v -0.07387215 -0.61097169 -0.23914465
v -0.07498633 -0.60449588 -0.25002393
v -0.00921931 -0.57373929 -0.33149508
v -0.00775800 -0.49788427 -0.26752377
v -0.00568760 -0.50942159 -0.27774107
v -0.00833476 -0.53898871 -0.30585954
v -0.00888085 -0.53503942 -0.30387375
v -0.00526531 -0.53408152 -0.30377579
v -0.00493330 -0.53770649 -0.30601490
v -0.01947841 -0.59882760 -0.32643172
v -0.00592617 -0.66197574 -0.15280445
v -0.00771700 -0.62533474 -0.12193593
v -0.00886713 -0.61349523 -0.10965753
v -0.03584899 -0.59440082 -0.10707937
v -0.02362273 -0.60036582 -0.10069104
v -0.00450846 -0.54118246 -0.30841750
v -0.00757415 -0.54260540 -0.30780485
v -0.00847795 -0.54825938 -0.31630331
v -0.01337669 -0.53120816 -0.29483086
v -0.00797911 -0.54764819 -0.31052119
v -0.00731107 -0.54544002 -0.30947128
v -0.00287389 -0.54269862 -0.31191877
v -0.00297269 -0.54047275 -0.30860791
v -0.03008114 -0.58636051 -0.31460083
v -0.03000506 -0.58999395 -0.31727248
v -0.00691647 -0.54600775 -0.31749132
v -0.00590087 -0.54349381 -0.31912962
v -0.03930181 -0.51664191 -0.17877260
v -0.04997147 -0.53116882 -0.16829029
v -0.00305706 -0.52872628 -0.29760674
v -0.00315043 -0.53060710 -0.30127436
v -0.07314588 -0.63039780 -0.24420461
v -0.07432207 -0.63779521 -0.24802774
v -0.07464772 -0.63816488 -0.24022876
v -0.07322302 -0.63179195 -0.23722255
v 0.00117535 -0.50041664 -0.19615111
v -0.05539224 -0.54803169 -0.15628628
v -0.00986404 -0.60643148 -0.09728920
v -0.04719427 -0.59662855 -0.30930808
v -0.04807587 -0.59871364 -0.30934075
v -0.02230397 -0.59743142 -0.32369515
v -0.01470792 -0.52686542 -0.28776649
v -0.01289206 -0.53046644 -0.28987017
v -0.00436922 -0.49909085 -0.22093764
v -0.00312641 -0.54283613 -0.31573588
v -0.07379328 -0.65051728 -0.24002019
v -0.07330281 -0.64743584 -0.23775649
v -0.07678546 -0.64540422 -0.23839739
v -0.07688749 -0.64746237 -0.24139100
v -0.07901024 -0.64652014 -0.24769166
v -0.08008981 -0.65033662 -0.24957345
v -0.08127149 -0.64913535 -0.24532172
v -0.07976510 -0.64635289 -0.24341021
v -0.07599735 -0.64466053 -0.24982940
v -0.07676016 -0.64305675 -0.24498379
v -0.08254030 -0.65298170 -0.24974649
v -0.08203626 -0.65188009 -0.24635845
v -0.07602765 -0.65477300 -0.24721839
v -0.07936422 -0.65438068 -0.24984536
v -0.08028889 -0.65924031 -0.24784991
v -0.08516423 -0.65697455 -0.24784584
v -0.08182591 -0.66384619 -0.24270926
v -0.08752935 -0.66051656 -0.24246205
v -0.08196679 -0.66431057 -0.23472683
v -0.08835158 -0.66141927 -0.23504686
v -0.07217928 -0.61462188 -0.23160408
v -0.07142652 -0.62059283 -0.22686222
v -0.08178113 -0.66112852 -0.22783718
v -0.08840931 -0.65964496 -0.22822987
v -0.08078218 -0.65627533 -0.22141600
v -0.08697876 -0.65524173 -0.22191487
v -0.07962091 -0.64941514 -0.21584226
v -0.08533326 -0.64905506 -0.21619050
v -0.07797574 -0.64168537 -0.21143082
v -0.08370019 -0.64181900 -0.21285276
v -0.07686877 -0.63108993 -0.20802432
v -0.08188585 -0.63299024 -0.21164504
v -0.08439612 -0.65908539 -0.23450300
v -0.08336757 -0.65886515 -0.24026729
v -0.07473110 -0.65936124 -0.23625793
v -0.08259296 -0.65581894 -0.24477045
v -0.07204620 -0.64818263 -0.22780573
v -0.07189194 -0.64464688 -0.22694053
v -0.07516350 -0.64265370 -0.23013894
v -0.07203086 -0.64612460 -0.23060420
v -0.07388861 -0.63356292 -0.23287265
v -0.07472523 -0.62930274 -0.22888307
v -0.07315286 -0.62586820 -0.23230189
v -0.07281149 -0.62631953 -0.22587045
v -0.07141813 -0.63097298 -0.22791971
v -0.07157306 -0.62859523 -0.22560392
v -0.06988780 -0.63395804 -0.23045518
v -0.07203099 -0.62843776 -0.22363877
v -0.07357421 -0.62606251 -0.22368880
v -0.07075217 -0.62953115 -0.22366574
v -0.07029603 -0.62980819 -0.22489737
v -0.06910599 -0.63162673 -0.22542179
v -0.06852033 -0.63520151 -0.22576107
v -0.07301337 -0.62223953 -0.23821950
v -0.06797678 -0.62932616 -0.21400742
v -0.06988356 -0.63867104 -0.21706924
v -0.07972842 -0.62435222 -0.21213993
v -0.07631287 -0.61990416 -0.20804381
v -0.07734466 -0.60626185 -0.21505883
v -0.07741379 -0.61133063 -0.21075359
v -0.07323878 -0.65616727 -0.23136564
v -0.07311358 -0.65215147 -0.22539251
v -0.06744925 -0.61906177 -0.21462646
v -0.07176245 -0.64647043 -0.22122018
v -0.08087747 -0.63492787 -0.21557601
v -0.07859492 -0.62868506 -0.21628734
v -0.08272740 -0.64146399 -0.21647254
v -0.07467689 -0.62141025 -0.22257219
v -0.07687577 -0.62386477 -0.21861820
v -0.07866874 -0.61812019 -0.21557714
v -0.07717307 -0.61402678 -0.21871881
v -0.07688110 -0.63144720 -0.22013234
v -0.07986500 -0.63575912 -0.21980388
v -0.07322041 -0.63382930 -0.22065933
v -0.07588535 -0.63796288 -0.22119731
v -0.07256491 -0.63028073 -0.22211701
v -0.07509422 -0.62782085 -0.22146469
v -0.06885743 -0.63524675 -0.22111383
v -0.07141691 -0.64072281 -0.22190231
v -0.06972564 -0.63136905 -0.22251736
v -0.07887477 -0.64118576 -0.22269824
v -0.07505103 -0.64389491 -0.22384647
v -0.07906890 -0.64514065 -0.22805589
v -0.08147972 -0.64402282 -0.22555676
v -0.08200745 -0.64052165 -0.22038278
v -0.08401810 -0.64497185 -0.22228247
v -0.08337487 -0.64747703 -0.21912028
v -0.08426635 -0.64980650 -0.22563107
v -0.08401491 -0.65300119 -0.22360855
v -0.08286745 -0.64750773 -0.22796912
v -0.08121042 -0.64664334 -0.23010628
v -0.08477817 -0.65733588 -0.22905828
v -0.08432394 -0.65343386 -0.22981073
v -0.08363021 -0.65541017 -0.23425327
v -0.08325451 -0.65024328 -0.23085913
v -0.08252452 -0.65186483 -0.23440240
v -0.08205835 -0.64845717 -0.23163706
v -0.08115882 -0.64894354 -0.23399207
v -0.07898287 -0.65226221 -0.24421416
v -0.07779449 -0.64971215 -0.24351315
v -0.08069517 -0.65432018 -0.24221621
v -0.07904420 -0.65221751 -0.24014676
v -0.07778823 -0.65178716 -0.24197118
v -0.07635986 -0.65051281 -0.24127792
v -0.07805724 -0.64974135 -0.23891331
v -0.07589113 -0.64904583 -0.23632763
v -0.01501148 -0.49237633 -0.18281507
v -0.00102581 -0.49215484 -0.18368900
v 0.00051392 -0.49629247 -0.18591991
v -0.01293634 -0.49713480 -0.18540022
v -0.08094256 -0.65225530 -0.23766889
v -0.07996803 -0.64905822 -0.23692974
v -0.08224907 -0.65564865 -0.23884569
v -0.07738092 -0.64765763 -0.23165591
v -0.07859682 -0.64789867 -0.23448308
v -0.08020770 -0.64696646 -0.23266418
v -0.07900070 -0.64648080 -0.23096296
v -0.07297190 -0.63750619 -0.23484160
v -0.07068330 -0.63846380 -0.23071781
v -0.07053708 -0.63901508 -0.22584979
v -0.05521259 -0.49820155 -0.16783039
v -0.04937356 -0.50478625 -0.16510387
v -0.06641822 -0.51745337 -0.15624617
v -0.07407482 -0.51094711 -0.15815786
v -0.06386455 -0.46806192 -0.17780691
v -0.09124636 -0.48128223 -0.16856518
v -0.08469253 -0.45045280 -0.18148649
v -0.06391042 -0.44486094 -0.18620370
v -0.08133048 -0.42551947 -0.18995774
v -0.06298179 -0.42247117 -0.19259679
v -0.07760775 -0.36343932 -0.20532754
v -0.06082741 -0.36233228 -0.20953707
v -0.06092768 -0.38118881 -0.20422462
v -0.07810649 -0.38255137 -0.20073336
v -0.10931296 -0.29154992 -0.21589807
v -0.10514583 -0.27733022 -0.21170776
v -0.08894803 -0.27958560 -0.21723133
v -0.09556691 -0.29284221 -0.22009496
v -0.13980764 -0.38768971 -0.18478432
v -0.13880990 -0.40657103 -0.18606636
v -0.14691764 -0.39556533 -0.18238465
v -0.14952400 -0.37817645 -0.17740977
v -0.12236787 -0.53478390 -0.13605344
v -0.10964029 -0.51203847 -0.15248956
v -0.09796070 -0.52044529 -0.14713913
v -0.11046388 -0.54066312 -0.13228862
v -0.15781415 -0.31328511 -0.16260803
v -0.15414400 -0.30172729 -0.16947420
v -0.14552948 -0.30569893 -0.17954493
v -0.14763705 -0.31709087 -0.17437989
v -0.13599455 -0.22410297 -0.15302987
v -0.13783728 -0.20272121 -0.14886571
v -0.12037109 -0.19494718 -0.17381530
v -0.11935981 -0.21741039 -0.17718203
v -0.18300495 -0.26964343 -0.06680781
v -0.18661943 -0.27829903 -0.03069310
v -0.18434922 -0.26061201 -0.02856140
v -0.18055400 -0.25101519 -0.06293877
v -0.10634355 -0.36426008 -0.19556136
v -0.09290454 -0.36441618 -0.20029604
v -0.09366251 -0.38302934 -0.19716927
v -0.10750224 -0.38230205 -0.19410852
v -0.18114534 -0.27356982 -0.18418275
v -0.16623852 -0.26881474 -0.17240809
v -0.16105305 -0.29226041 -0.17323790
v -0.17649719 -0.29692268 -0.18409094
v -0.19408526 -0.15472171 -0.06031621
v -0.19745260 -0.17094669 -0.02624427
v -0.20634802 -0.15155235 -0.02376017
v -0.19955273 -0.13511789 -0.05834351
v -0.18298127 -0.42136127 -0.17871501
v -0.18012862 -0.43698835 -0.17854212
v -0.19851142 -0.45252585 -0.16880673
v -0.20258538 -0.43470049 -0.17143637
v -0.15220720 -0.35253328 -0.17252068
v -0.14099763 -0.35718477 -0.18078171
v -0.14065203 -0.37119198 -0.18288378
v -0.15184532 -0.36409807 -0.17442621
v -0.19108470 -0.31348401 -0.03117802
v -0.19075508 -0.30530006 -0.06173064
v -0.19340484 -0.32238424 -0.06103209
v -0.19371098 -0.33104002 -0.03371284
v -0.18752792 -0.28730452 -0.06454882
v -0.18857621 -0.29568893 -0.03077739
v -0.13021399 -0.36107939 -0.18656221
v -0.11886475 -0.36315358 -0.19108686
v -0.11979397 -0.38042510 -0.19129838
v -0.13014932 -0.37732118 -0.18817586
v -0.09982738 -0.26603174 -0.20326376
v -0.08046029 -0.26867837 -0.21180189
v -0.18523940 -0.11935711 -0.08932711
v -0.16698101 -0.10577655 -0.11473507
v -0.16763264 -0.12585828 -0.11867586
v -0.18353784 -0.13929448 -0.09198841
v -0.09977768 -0.23426294 -0.19881332
v -0.09725638 -0.25337625 -0.19921669
v -0.11458255 -0.25504333 -0.18543737
v -0.11756537 -0.23754802 -0.18040890
v -0.14594673 -0.09336793 -0.13774215
v -0.12251598 -0.07951230 -0.16230620
v -0.12384645 -0.10145485 -0.16650528
v -0.14699367 -0.11375383 -0.14240305
v -0.07920165 -0.40318644 -0.19589899
v -0.06166851 -0.40122682 -0.19829497
v -0.13081937 -0.29481810 -0.19932203
v -0.13084468 -0.28112221 -0.19542634
v -0.11918729 -0.27820534 -0.20435663
v -0.12123846 -0.29275686 -0.20844528
v -0.17358932 -0.35804510 -0.14547350
v -0.16076541 -0.36718714 -0.16475998
v -0.15534289 -0.38250345 -0.17216843
v -0.16792329 -0.36593324 -0.14768663
v -0.21140227 -0.13178498 -0.02116975
v -0.20204426 -0.11588559 -0.05550918
v -0.14293677 -0.07258332 -0.13129395
v -0.11974424 -0.05839851 -0.15636829
v -0.18689790 -0.37271857 -0.06397842
v -0.18810065 -0.37389624 -0.05907670
v -0.18262644 -0.36960787 -0.07941185
v -0.18032822 -0.37161243 -0.08264792
v -0.04940381 -0.29276890 -0.22216810
v -0.06632939 -0.29948074 -0.22345620
v -0.07517153 -0.28633630 -0.22132379
v -0.06149592 -0.27686656 -0.21848683
v -0.12979898 -0.26917571 -0.18434034
v -0.12965274 -0.25854135 -0.17127210
v -0.11593400 -0.26637185 -0.19401944
v -0.03137058 -0.28656715 -0.21866244
v -0.04605316 -0.26259047 -0.21673897
v -0.04308440 -0.39844745 -0.20065129
v -0.04267326 -0.37909204 -0.20688295
v -0.04368133 -0.41868478 -0.19520488
v -0.02479542 -0.41515923 -0.19762050
v -0.02399395 -0.43563312 -0.19167434
v -0.04316043 -0.43949074 -0.18971252
v -0.02212727 -0.45512074 -0.18663207
v -0.04117144 -0.45972347 -0.18363963
v -0.03490645 -0.48755664 -0.17448717
v -0.03190442 -0.49490666 -0.17320375
v -0.16369486 -0.35623610 -0.16184752
v -0.16435093 -0.34667766 -0.15993863
v -0.16525026 -0.08600715 -0.10916150
v -0.14574192 -0.50527287 -0.01168464
v -0.13926092 -0.49171472 0.00341914
v -0.15930240 -0.48477167 -0.00910788
v -0.16528490 -0.49651730 -0.02477138
v -0.13499004 -0.53101242 -0.14034022
v -0.12443846 -0.50775003 -0.15710570
v -0.19798869 -0.40609652 -0.01404136
v -0.18989584 -0.41200268 -0.00269046
v -0.19025280 -0.40332437 -0.00141256
v -0.19663416 -0.39941877 -0.01188759
v -0.19576935 -0.37725967 -0.03945520
v -0.19563149 -0.36533117 -0.04440376
v -0.20132995 -0.36825138 -0.04189629
v -0.19889861 -0.38078189 -0.03592371
v -0.20323639 -0.16581959 0.00956137
v -0.19270855 -0.18552190 0.00643156
v -0.15304098 -0.32076401 0.04813173
v -0.16968365 -0.30442923 0.02696036
v -0.17282137 -0.32292062 0.02089002
v -0.15850690 -0.33970410 0.03758657
v -0.01859816 -0.50408632 0.02005512
v -0.01744631 -0.48886287 0.02905763
v -0.04109131 -0.49298084 0.02980914
v -0.04359595 -0.50833821 0.02032904
v -0.10068947 -0.52747333 -0.00235094
v -0.10295729 -0.53953254 -0.01630506
v -0.07402478 -0.53807414 -0.00673784
v -0.07275485 -0.52566785 0.00519522
v -0.12256106 -0.51151383 0.00093085
v -0.11723762 -0.49728781 0.01501355
v -0.18909892 -0.34266520 -0.01112583
v -0.18611787 -0.32575923 -0.00592662
v -0.19332348 -0.36320835 -0.02169853
v -0.19480154 -0.35375136 -0.04144611
v -0.19466031 -0.36014295 -0.04489030
v -0.19454715 -0.36860299 -0.02616468
v -0.09948264 -0.54699111 -0.13095891
v -0.10019390 -0.56222415 -0.11062121
v -0.11495290 -0.55491138 -0.11198054
v -0.06244569 -0.57103956 -0.05271363
v -0.06393009 -0.56722009 -0.04593249
v -0.08153143 -0.56666189 -0.05571922
v -0.07474423 -0.57070780 -0.06123816
v -0.04252524 -0.41241354 0.07271659
v -0.02069917 -0.41133940 0.06907353
v -0.02185531 -0.38513565 0.07760002
v -0.04663339 -0.38375127 0.08237636
v -0.19448531 -0.37962729 -0.01724493
v -0.19526662 -0.38005990 -0.02398910
v -0.19563420 -0.38643086 -0.01630732
v -0.19333608 -0.38748312 -0.00816917
v -0.18976258 -0.38628501 -0.00239379
v -0.18548092 -0.38292909 0.00381652
v -0.18981107 -0.37282538 -0.00711165
v -0.19257809 -0.37730414 -0.01257094
v -0.16506815 -0.35590172 0.02767251
v -0.17727903 -0.34051317 0.01343390
v -0.18266298 -0.35581505 0.00630984
v -0.17331098 -0.36917877 0.01922041
v -0.02787721 -0.29862720 0.09045935
v -0.05251890 -0.29609239 0.09362334
v -0.05076440 -0.32465988 0.09211412
v -0.02619924 -0.32773107 0.08946130
v -0.16304292 -0.36635053 -0.12395851
v -0.15359071 -0.36742210 -0.14501269
v -0.15103759 -0.35809827 -0.14362445
v -0.16007096 -0.35435593 -0.11965001
v -0.22102323 -0.36806035 -0.05069475
v -0.22553177 -0.35826027 -0.05658013
v -0.23053670 -0.36115575 -0.06088426
v -0.22632106 -0.37213987 -0.05447691
v -0.16335371 -0.33324414 -0.09418607
v -0.15549986 -0.33881003 -0.11606707
v -0.15149063 -0.31929326 -0.11296001
v -0.16113433 -0.31389010 -0.09042259
v -0.15500988 -0.53743076 -0.11355509
v -0.14829245 -0.52658898 -0.14274928
v -0.14175506 -0.54256821 -0.11304274
v -0.18124928 -0.34654820 -0.06370609
v -0.18100272 -0.33048111 -0.06167242
v -0.19132413 -0.33218420 -0.05323318
v -0.18961537 -0.34834284 -0.05289035
v -0.20032236 -0.27829069 -0.18765655
v -0.19632177 -0.30185854 -0.18639144
v -0.17449138 -0.29082787 -0.07438599
v -0.18889391 -0.28948820 -0.06571776
v -0.18359974 -0.31041992 -0.06203191
v -0.17103919 -0.31094891 -0.07384799
v -0.15013060 -0.29984885 0.05347482
v -0.16768903 -0.28540450 0.03045407
v -0.17072366 -0.18325651 0.06236269
v -0.19035000 -0.17656392 0.03856924
v -0.17916518 -0.19718260 0.03509584
v -0.16065149 -0.20519260 0.05882328
v -0.20911305 -0.14513212 0.01268126
v -0.17625895 -0.16038871 0.06614953
v -0.19610433 -0.15480775 0.04252240
v -0.07303625 -0.57031703 -0.11659309
v -0.06278891 -0.57911229 -0.10014266
v -0.07394315 -0.57539910 -0.09318312
v -0.08596533 -0.56700742 -0.11202994
v -0.20840171 -0.01627171 0.02694798
v -0.20638070 0.01489803 0.03278957
v -0.20798311 0.02429345 -0.00170173
v -0.20898709 -0.00627938 -0.00688668
v -0.03837881 -0.58394837 -0.06466200
v -0.05771808 -0.58023775 -0.07759506
v -0.04872830 -0.58468068 -0.08680786
v -0.03178763 -0.59055305 -0.07551515
v -0.20699939 -0.03325588 -0.00846437
v -0.20626977 -0.04481548 0.02366218
v -0.07483484 -0.55482507 -0.13327734
v -0.08761656 -0.55130112 -0.13160457
v -0.07900515 -0.53303510 -0.14394195
v -0.06853961 -0.53732061 -0.14580329
v -0.05782648 -0.52240002 -0.15744604
v -0.20532823 0.03598124 -0.03481885
v -0.20296574 0.00795949 -0.03914258
v -0.05259911 -0.58379233 -0.10786068
v -0.04060559 -0.58988744 -0.09604238
v -0.02689328 -0.59555268 -0.08725099
v -0.01174279 -0.60092270 -0.08288297
v -0.20909989 -0.12383342 0.01587325
v -0.21077402 -0.11141503 -0.01683033
v -0.14908715 0.11510253 0.12019059
v -0.12140477 0.11662504 0.13472068
v -0.11774676 0.13817140 0.12264349
v -0.15041499 0.13744980 0.10823543
v -0.05082199 0.10472471 0.14782509
v -0.04393796 0.12357667 0.13068601
v -0.08148497 0.13398606 0.12919962
v -0.08938267 0.11445403 0.14358032
v -0.06087330 -0.03239110 0.16576898
v -0.09254517 -0.03183645 0.15912142
v -0.09217919 -0.05470127 0.14971656
v -0.05989450 -0.05601811 0.15646102
v -0.17911634 -0.13796350 0.06903183
v -0.19725548 -0.13290226 0.04529653
v -0.20086734 -0.09615117 -0.05030204
v -0.20085993 0.16780972 -0.04510001
v -0.20943248 0.15873536 -0.00121145
v -0.20568521 0.19284025 0.00024910
v -0.19925834 0.20158380 -0.04123137
v -0.17201196 0.18798083 0.07250237
v -0.17738599 0.15991566 0.07682209
v -0.14644815 0.16329142 0.10018291
v -0.14160344 0.18913797 0.09505786
v -0.09541018 -0.04403517 -0.18107080
v -0.11600198 -0.03819406 -0.14791878
v -0.09063701 -0.02434832 -0.17032671
v -0.00762191 -0.02378559 -0.20848769
v -0.03983002 -0.02571151 -0.20797615
v -0.03287783 -0.00785553 -0.19420289
v -0.00339648 -0.00555560 -0.19463596
v -0.00821953 0.09711045 -0.13674317
v 0.01055655 0.09717584 -0.13492577
v 0.00767074 0.07212719 -0.14208436
v -0.01384861 0.06992555 -0.14293648
v -0.18902719 0.02150789 -0.06797962
v -0.16575779 0.03542396 -0.09317508
v -0.16386497 0.01313663 -0.09154402
v -0.18649213 -0.00221324 -0.06781217
v -0.03904949 0.13858515 0.11181256
v -0.07297069 0.14960822 0.11426783
v -0.17995052 0.21110123 -0.08152813
v -0.17894624 0.17620766 -0.08505654
v -0.14761932 0.21788818 -0.11062320
v -0.10791511 0.22046801 -0.11958395
v -0.10977305 0.18863320 -0.12196554
v -0.14794211 0.18432048 -0.11207691
v -0.00411724 0.18629304 -0.07790285
v -0.01438465 0.16864097 -0.11168694
v -0.02200341 0.17008901 -0.10465604
v -0.00688353 0.18187597 -0.07179865
v -0.05697241 0.06191525 0.16919956
v -0.05526496 0.08277899 0.16081420
v -0.09080013 0.09133297 0.15554847
v -0.09127267 0.06652328 0.16398929
v -0.15261878 -0.16314998 0.08359523
v -0.15668392 -0.13962010 0.08826628
v -0.12763968 -0.16399151 0.09624451
v -0.14690439 -0.18720293 0.08024363
v -0.12171551 -0.18916556 0.09135202
v -0.10150152 -0.33117712 0.07895114
v -0.12718189 -0.31546950 0.06934811
v -0.13124768 -0.33708370 0.06373625
v -0.10607986 -0.35586172 0.07305120
v -0.06647203 -0.49655902 0.02704429
v -0.06984076 -0.51199001 0.01664889
v -0.10326329 0.18386143 0.10827465
v -0.05720617 0.17326710 0.10152921
v -0.06784370 0.21146050 0.09806144
v -0.10615444 0.21450198 0.10165489
v -0.16822621 0.21727842 0.06918150
v -0.19049188 0.22051889 0.03988490
v -0.19606149 0.18743059 0.04073360
v -0.20077495 0.22703350 0.00027749
v -0.19580792 0.23680401 -0.04189176
v -0.14491972 0.25175744 -0.10813755
v -0.10464556 0.25311136 -0.11518086
v -0.01550785 0.21983707 -0.07004797
v -0.03770603 0.22040734 -0.09371628
v -0.03768990 0.24755779 -0.08532929
v -0.01713445 0.24402091 -0.05934806
v -0.06110731 0.09957960 -0.13054809
v -0.10242026 0.07273033 -0.12308343
v -0.10589488 0.09503409 -0.12222998
v -0.07192482 0.11849451 -0.12757272
v -0.01704013 -0.04248169 -0.21903631
v -0.04384751 -0.04607904 -0.21634464
v -0.06815311 -0.03248227 -0.19908787
v -0.07065284 -0.05390549 -0.20647548
v -0.09737083 -0.06538987 -0.18738319
v -0.04504659 -0.14666879 -0.23216008
v -0.07576213 -0.15308177 -0.21874823
v -0.07326135 -0.12581617 -0.21857406
v -0.04242393 -0.11850911 -0.23133287
v -0.04778542 -0.17618203 -0.23087019
v -0.07723769 -0.18125498 -0.21745013
v -0.04838333 -0.23409137 -0.22210526
v -0.07505541 -0.25479966 -0.21077719
v -0.07693549 -0.23336989 -0.21310619
v -0.02451397 -0.39526218 -0.20268598
v -0.02392566 -0.37631869 -0.20759386
v -0.19188043 0.04793024 -0.06665909
v -0.02314734 0.18509811 0.07481408
v -0.01073882 0.19849333 0.03992359
v -0.01549194 0.22431082 0.04802448
v -0.03484557 0.21619856 0.07878712
v -0.20021261 -0.01771533 -0.03964116
v -0.18492772 -0.10046178 -0.08511622
v -0.18301737 -0.08105737 -0.07893197
v -0.16949363 -0.26489764 -0.10851468
v -0.16890626 -0.24274069 -0.09709673
v -0.08129629 -0.30415946 -0.22133353
v -0.08454491 -0.29389328 -0.22158746
v -0.20112157 0.15545431 0.04220106
v -0.14065309 0.28496701 -0.10431263
v -0.13659087 0.31741351 -0.10017632
v -0.09935344 0.31848598 -0.10404119
v -0.10179053 0.28680229 -0.10968414
v -0.01227212 0.26775134 -0.01713374
v -0.02105949 0.27215070 -0.04866080
v -0.02457208 0.30076355 -0.03917222
v -0.01896853 0.29703873 -0.00778710
v -0.02536982 0.32728291 -0.00168051
v -0.02880108 0.33256936 -0.03309972
v -0.03190472 0.36301082 -0.02394080
v -0.02990426 0.35569203 0.00448331
v -0.17817172 0.24684218 -0.08028671
v -0.18843359 0.30496991 -0.04308437
v -0.16993955 0.31345356 -0.07782042
v -0.17419562 0.28090131 -0.07933325
v -0.19193090 0.27190518 -0.04241304
v -0.14098172 0.21691018 0.09047762
v -0.00693108 0.23911023 -0.02712905
v -0.00418391 0.21739542 -0.03899538
v -0.03341084 0.28861642 0.05255112
v -0.05439764 0.28427470 0.07672212
v -0.04541458 0.25101954 0.07856452
v -0.02422746 0.25633413 0.05144227
v -0.16920164 0.28045017 0.05876912
v -0.18768109 0.28501415 0.03046933
v -0.18887565 0.25293583 0.03423787
v -0.16867147 0.24890465 0.06297149
v -0.19696620 0.26101810 -0.00292367
v -0.19360535 0.29422635 -0.00534049
v -0.17911524 0.36632669 -0.04510373
v -0.15877779 0.37378812 -0.07450770
v -0.16401269 0.34387869 -0.07524797
v -0.18333879 0.33563811 -0.04417165
v -0.18699715 0.35532606 -0.01061045
v -0.19057214 0.32546335 -0.00824809
v -0.18651052 0.31628382 0.02691263
v -0.18425210 0.34607697 0.02247149
v -0.16870470 0.33972406 0.04826246
v -0.16990171 0.31064183 0.05438175
v -0.14750071 0.30848771 0.07493624
v -0.14888930 0.33664644 0.06823300
v -0.11979195 0.30828464 0.08604163
v -0.09043377 0.30997515 0.08463532
v -0.09777378 0.33796030 0.07820232
v -0.12431041 0.33623058 0.07878791
v -0.05107249 0.34624732 0.05480569
v -0.07203726 0.34149963 0.07125565
v -0.06322048 0.31369460 0.07401738
v -0.04296093 0.31805360 0.05339563
v -0.08388639 0.44893873 0.06196326
v -0.10497079 0.44482452 0.06340013
v -0.09594320 0.41895610 0.06459482
v -0.07335913 0.42330319 0.06162662
v -0.12516968 0.44028050 0.06841375
v -0.14604662 0.43894577 0.06584507
v -0.13851079 0.41487515 0.06294534
v -0.11748655 0.41608053 0.06490077
v -0.17139113 0.42250758 0.03547141
v -0.15746211 0.41689044 0.05416453
v -0.16372629 0.44143003 0.05568640
v -0.17578319 0.44839525 0.03660576
v -0.18510109 0.45591974 0.01457957
v -0.18406880 0.42993283 0.01323376
v -0.18160826 0.46767557 -0.01262537
v -0.18483926 0.44061327 -0.01439502
v -0.16665572 0.45195448 -0.04238405
v -0.16488503 0.47904170 -0.03959895
v -0.04116013 0.44346690 0.00670452
v -0.04928058 0.46844298 0.01635804
v -0.05266280 0.45957273 0.03851485
v -0.04298388 0.43588972 0.03065388
v -0.06724065 0.45672119 -0.04003363
v -0.08719222 0.46109253 -0.06445652
v -0.08701497 0.48627108 -0.05074462
v -0.07087789 0.48168957 -0.02580932
v -0.18479538 0.38406587 -0.01194103
v -0.17561108 0.39602649 -0.04643245
v -0.16798279 0.36778051 0.04263677
v -0.18257630 0.37467873 0.01799412
v -0.05830098 0.37238997 0.05680864
v -0.08003271 0.36765832 0.06882019
v -0.03484111 0.39175493 -0.01469536
v -0.03385126 0.38449711 0.01210826
v -0.11927757 0.43733835 -0.08713216
v -0.12278359 0.40767580 -0.08964601
v -0.15397821 0.40437788 -0.07503195
v -0.14899790 0.43426174 -0.07303086
v -0.18561628 0.41257185 -0.01401474
v -0.18287195 0.40251154 0.01517215
v -0.16884455 0.39515567 0.03812448
v -0.15330844 0.39096606 0.05673139
v -0.13318427 0.38954306 0.06624946
v -0.11119625 0.39094156 0.06754363
v -0.08807254 0.39357996 0.06652018
v -0.06528866 0.39773321 0.05925547
v -0.03766536 0.41087836 0.02102284
v -0.03767015 0.41906941 -0.00389640
v -0.11385620 0.48918933 -0.06583408
v -0.11602513 0.46428645 -0.07866804
v -0.14740507 0.46111971 -0.06929420
v -0.14468385 0.48684019 -0.06150117
v -0.11416490 0.50948393 -0.04983024
v -0.09209786 0.50734085 -0.03700289
v -0.13304821 0.46482974 0.07399073
v -0.15294604 0.46473980 0.06936866
v -0.16950618 0.46735168 0.05903563
v -0.18818204 0.48325729 0.01742248
v -0.17918839 0.49599975 -0.01033721
v -0.16002946 0.50725418 -0.03385559
v -0.13983853 0.50915796 -0.04997148
v -0.06824926 0.51186872 0.05377208
v -0.06304521 0.48487806 0.04449579
v -0.05948107 0.49336410 0.02484583
v -0.06602614 0.51959717 0.03321259
v -0.09749236 0.49903601 0.08019264
v -0.11847252 0.49399114 0.08742106
v -0.11206426 0.46850210 0.07038258
v -0.09257568 0.47335172 0.06384717
v -0.14073156 0.49101007 0.08806407
v -0.16095087 0.49191976 0.08132412
v -0.17835401 0.49475414 0.06937355
v -0.19074163 0.51315540 0.02309089
v -0.18336555 0.47333837 0.04158037
v -0.19022423 0.50180137 0.04928708
v -0.17907901 0.52730036 -0.00904075
v -0.15342347 0.56806415 -0.01933216
v -0.15051323 0.53737855 -0.02928178
v -0.18298200 0.55880308 -0.00253759
v -0.12686747 0.66674846 0.02518420
v -0.15649936 0.66525006 0.02027929
v -0.15364157 0.69906378 0.03733609
v -0.12761658 0.70104831 0.04095295
v -0.06853195 0.54835182 0.04425978
v -0.07081976 0.54043698 0.06768978
v -0.09981430 0.52782559 0.09845389
v -0.12246777 0.52204758 0.10557482
v -0.20265360 0.57524329 0.04137759
v -0.19755498 0.54379869 0.02916200
v -0.19769351 0.53235304 0.05799576
v -0.20270957 0.56373751 0.07035805
v -0.06994064 0.64580065 0.08367877
v -0.07326961 0.63968968 0.10685250
v -0.07065982 0.60505146 0.09638512
v -0.06740119 0.61222303 0.07173172
v -0.12234096 0.55407345 0.12190104
v -0.09943829 0.56035185 0.11451256
v -0.10052965 0.59355754 0.12805983
v -0.12327906 0.58921194 0.13526046
v -0.20039858 0.64528340 0.06600137
v -0.20376001 0.60898334 0.05406584
v -0.20453359 0.59798968 0.08250889
v -0.20123263 0.63614416 0.09250119
v -0.15635198 0.59930068 -0.00793200
v -0.18745422 0.58904749 0.01073837
v -0.18812203 0.62102360 0.02458529
v -0.15835078 0.63180727 0.00586681
v -0.12378659 0.59984225 -0.00289125
v -0.12624267 0.63270015 0.00995320
v -0.08973116 0.71532744 0.12163374
v -0.08094258 0.67650920 0.11459148
v -0.07778563 0.68344343 0.09395120
v -0.08706706 0.72268999 0.10411038
v -0.12509817 0.62570131 0.14325972
v -0.10253673 0.62966090 0.13731115
v -0.10760915 0.66803867 0.14076734
v -0.12773970 0.66516632 0.14630589
v -0.18576925 0.72381097 0.09000444
v -0.19371711 0.68391478 0.07790613
v -0.19415714 0.67642069 0.10226196
v -0.18593900 0.71685201 0.11205396
v -0.15100341 0.73624086 0.05488098
v -0.17981735 0.69252485 0.05116200
v -0.17454211 0.73110235 0.06721796
v -0.14738768 0.77296728 0.06904627
v -0.12828103 0.77385879 0.07125729
v -0.12794662 0.73763186 0.05757649
v -0.09436075 0.75914592 0.11243954
v -0.09539713 0.75292259 0.12871504
v -0.11293694 0.74616468 0.14929804
v -0.12886454 0.74243999 0.15535685
v -0.12940063 0.70442373 0.14926729
v -0.11195270 0.70764852 0.14393993
v -0.16618247 0.70855880 0.14130196
v -0.14871962 0.70497328 0.14830473
v -0.14693087 0.74297416 0.15481600
v -0.16273658 0.74678588 0.14822401
v -0.17771105 0.75426352 0.12110031
v -0.17892906 0.71195388 0.12913388
v -0.17253633 0.74984944 0.13663152
v -0.17786634 0.76028550 0.10007030
v -0.16826721 0.76836371 0.07908525
v -0.00823610 0.16659108 0.04841430
v -0.00272031 0.17885351 0.01071710
v -0.00631256 0.18401477 0.02681395
v -0.01551917 0.16808531 0.06420133
v -0.04107910 0.30925167 -0.06945297
v -0.03943152 0.27742201 -0.07769091
v -0.04536256 0.37019098 -0.05247603
v -0.04387396 0.34078717 -0.06245062
v -0.04721632 0.39816898 -0.04146509
v -0.04814187 0.42542124 -0.02949048
v -0.04887253 0.45162690 -0.01696290
v -0.05636788 0.47672939 -0.00491713
v -0.06502875 0.50155818 0.00402232
v -0.07173587 0.52843893 0.01083256
v -0.07722641 0.58637476 0.03223820
v -0.06822625 0.57921267 0.05828881
v -0.07676273 0.55673569 0.01997214
v -0.07888127 0.65392071 0.05814769
v -0.07684559 0.61882752 0.04504872
v -0.08545024 0.69147509 0.07193179
v -0.09331897 0.73008847 0.08527376
v -0.10052147 0.76613742 0.09519081
v -0.07228327 0.16847295 -0.12126231
v -0.03910657 0.17942968 -0.10941163
v -0.04172362 0.16558400 -0.11639225
v -0.07443757 0.14918989 -0.12397149
v -0.00087354 0.18210047 -0.02836147
v -0.00079307 0.18617064 -0.05015035
v -0.00237464 0.18267715 -0.04548324
v -0.00109764 0.17975935 -0.02369546
v -0.17167924 0.42443424 -0.04598267
v -0.15052001 0.36376166 0.06140736
v -0.12869550 0.36321139 0.07092200
v -0.10442790 0.36443925 0.07186888
v -0.06452438 0.43257719 -0.05502132
v -0.06611753 0.40451771 -0.06664653
v -0.09033948 0.40748519 -0.08532749
v -0.08789741 0.43487191 -0.07680877
v -0.12062363 0.57219040 -0.01365049
v -0.09710211 0.59403610 0.01219266
v -0.09507338 0.56513804 0.00030913
v -0.11858837 0.54774141 -0.02563883
v -0.16908054 0.52002984 0.09621480
v -0.18688692 0.52400404 0.08121648
v -0.14840882 0.55064130 0.12066591
v -0.17305386 0.55079401 0.11195315
v -0.14696144 0.51972574 0.10388435
v -0.06688263 0.34737128 -0.08411829
v -0.09631434 0.34914535 -0.09673969
v -0.09393959 0.37815422 -0.09072369
v -0.06631516 0.37551582 -0.07541753
v -0.16585244 -0.21523744 0.03244535
v -0.14854689 -0.22407404 0.05478855
v -0.15365900 -0.28349972 -0.16339040
v -0.15915012 -0.27449316 -0.14008828
v -0.14460078 -0.26456249 -0.15586089
v -0.14239840 -0.27460599 -0.17418464
v -0.16950352 -0.28773844 -0.13033283
v -0.16212305 -0.29484785 -0.15420605
v -0.16734704 -0.30775577 -0.14693956
v -0.17618640 -0.30221456 -0.12354147
v -0.18050364 -0.35455203 -0.12164167
v -0.17553365 -0.36236066 -0.12189026
v -0.04931172 -0.20632288 -0.22835492
v -0.01698179 -0.20251021 -0.23351577
v -0.01764893 -0.23115754 -0.22763644
v -0.06248143 -0.01348516 -0.18625233
v -0.06903820 0.06029716 -0.13464291
v -0.03140833 0.09815162 -0.13423896
v -0.04000896 0.06708536 -0.14053966
v 0.00578480 0.17676419 -0.10483977
v -0.07694758 -0.28989726 0.09049401
v -0.07517858 -0.31742817 0.08845705
v -0.04535881 -0.52237260 0.01044350
v -0.01948167 -0.51792395 0.01104933
v -0.04630088 -0.54583412 -0.01015668
v -0.04556690 -0.55487889 -0.02014127
v -0.02045789 -0.55178976 -0.01628542
v -0.02072769 -0.54179531 -0.00739943
v -0.01362199 -0.59439725 -0.06905696
v -0.01650642 -0.58682239 -0.05674196
v -0.00180916 0.17497480 -0.00365278
v -0.00117820 0.17801729 -0.01612564
v -0.00279919 0.17208272 0.00998106
v -0.01529793 0.20097247 -0.07994498
v -0.00303808 0.20086899 -0.05096494
v -0.00387485 0.18990046 -0.05897355
v -0.01595550 0.18772864 -0.08847731
v -0.20065029 0.13622561 -0.05098653
v -0.21105115 0.12635279 -0.00827149
v -0.11079219 0.15981671 0.11356330
v -0.20053209 -0.24371532 -0.08035955
v -0.21656683 -0.24366760 -0.08067706
v -0.21112125 -0.26686180 -0.07206041
v -0.19462533 -0.26717985 -0.07298671
v -0.06851100 -0.41232085 0.07116635
v -0.07821452 -0.37934196 0.07787362
v -0.08860623 -0.52787519 -0.14495806
v -0.17028077 -0.51143074 -0.14977373
v -0.15608589 -0.49132562 -0.16797957
v -0.14723842 -0.49925274 -0.16487829
v -0.16005422 -0.51986820 -0.14545156
v -0.18412225 -0.49862975 -0.05281732
v -0.18504737 -0.50992298 -0.07230139
v -0.17247820 -0.52009892 -0.06236393
v -0.17015384 -0.50840408 -0.04169965
v -0.05952316 -0.00933099 0.17194574
v -0.09157428 -0.00847375 0.16576253
v -0.06107706 -0.21648943 0.09169732
v -0.08805220 -0.21527719 0.09238935
v -0.08181947 -0.23967886 0.09184903
v -0.05665282 -0.24275401 0.09253871
v -0.10144110 -0.39393938 0.06456378
v -0.11976460 -0.37220025 0.06104370
v -0.02614909 -0.30706173 -0.21843056
v -0.02440589 -0.32437766 -0.21643548
v -0.04319571 -0.32642967 -0.21971577
v -0.04492936 -0.31047249 -0.22202085
v -0.23531558 -0.30551952 -0.07365820
v -0.22251031 -0.32412004 -0.06029456
v -0.21217938 -0.31591499 -0.05756723
v -0.22187464 -0.29340744 -0.06645148
v -0.20575498 0.11662245 0.04150007
v -0.18115678 0.13014075 0.08293323
v -0.17468250 -0.23670021 0.00506537
v -0.16137329 -0.24895412 0.03352687
v -0.16000129 -0.23152131 0.03191507
v -0.17426318 -0.21957409 0.00453160
v -0.18106565 -0.29074621 0.00077657
v -0.17893662 -0.27249432 0.00340111
v -0.18337028 -0.30789679 -0.00240681
v -0.19446488 -0.38242984 -0.03413540
v -0.19159392 -0.37814283 -0.04290768
v -0.19132648 -0.37466294 -0.04902912
v -0.03791609 0.19730267 -0.10173281
v -0.04455975 0.14635593 -0.12434898
v -0.03634128 0.13605145 -0.12569536
v -0.00077430 0.17764887 -0.01236983
v -0.05963207 -0.54256141 -0.14969118
v -0.05217111 -0.52717876 -0.16149241
v -0.17360677 -0.34683549 -0.07971758
v -0.17156069 -0.33038914 -0.07571883
v -0.19340721 -0.36451745 -0.04886091
v -0.19024463 -0.35888129 -0.07107113
v -0.18708707 -0.36327636 -0.07394318
v -0.19133165 -0.36794084 -0.05290801
v -0.19401194 -0.37364262 -0.03599796
v -0.19479242 -0.37179017 -0.03039712
v -0.12942137 -0.39492661 -0.18867476
v -0.11932788 -0.39980936 -0.19046128
v -0.11974834 -0.42060709 -0.18674415
v -0.12957050 -0.41519022 -0.18674822
v -0.10834955 -0.40254402 -0.19188240
v -0.09498990 -0.40381193 -0.19351047
v -0.09695090 -0.42631024 -0.18788518
v -0.10978589 -0.42465174 -0.18708862
v -0.08169555 -0.50068998 -0.16195661
v -0.06065034 -0.48698157 -0.17273712
v -0.03838303 -0.47654736 -0.17927268
v -0.01974913 -0.47020030 -0.18343370
v -0.01924330 -0.57801497 -0.04598803
v -0.01937801 -0.56929088 -0.03469209
v -0.04343823 -0.56933314 -0.03912798
v -0.04656253 -0.57576847 -0.05302446
v -0.04434386 -0.50928766 -0.16699299
v -0.02964897 -0.49937612 -0.17592451
v -0.01646028 -0.48729092 -0.18117641
v -0.22072586 -0.28011668 -0.18400574
v -0.21744674 -0.30389583 -0.18156031
v -0.06114431 -0.57413769 -0.12283666
v -0.06381861 -0.55896890 -0.13757560
v -0.23560801 -0.30374932 -0.17036307
v -0.23877166 -0.27958691 -0.17373317
v -0.12518187 -0.47591752 -0.17136367
v -0.13692442 -0.50407302 -0.16111085
v -0.13528620 -0.47227001 -0.17308684
v -0.04148731 -0.51337826 -0.17167300
v -0.02785846 -0.50270218 -0.18057747
v -0.21028867 0.09457612 -0.01948454
v -0.19734532 0.10574985 -0.05790531
v -0.17997044 -0.15976232 -0.09295605
v -0.18777630 -0.17444974 -0.06070025
v -0.01192164 -0.14175501 -0.23785657
v -0.00902275 -0.11320084 -0.23698388
v 0.00135599 -0.49901491 -0.19018508
v -0.04172838 -0.06794861 -0.22249012
v -0.00965969 -0.06221467 -0.22609755
v -0.00828857 -0.08704057 -0.23222658
v -0.04093353 -0.09185272 -0.22743708
v 0.00289905 -0.04092667 -0.21509117
v 0.00588252 -0.03259778 -0.20832977
v -0.00408110 0.12128147 -0.13246164
v 0.01070380 0.12231869 -0.13165087
v -0.16935836 -0.35831761 -0.18467975
v -0.16808356 -0.37562937 -0.18399660
v -0.18629158 -0.38798082 -0.18163374
v -0.18951547 -0.36843073 -0.18324015
v -0.07052833 -0.07641780 -0.21111259
v -0.09846761 -0.08776668 -0.19138443
v -0.17619671 -0.34928685 -0.14364284
v -0.18406968 -0.34742713 -0.12083289
v -0.01668136 -0.25803459 -0.21895427
v -0.06280359 -0.31403399 -0.22204791
v -0.06146361 -0.32886434 -0.21883771
v -0.07827609 -0.33115304 -0.21488483
v -0.07944421 -0.31743616 -0.21888654
v -0.00151098 0.17218378 0.00053149
v -0.24827756 -0.38701522 -0.09379108
v -0.24432060 -0.40093505 -0.08614980
v -0.24183393 -0.39286757 -0.07622087
v -0.24587718 -0.37938201 -0.08494644
v -0.00194179 0.19558004 -0.01308924
v -0.00355480 0.21030304 -0.00041548
v -0.02903645 0.15080523 0.08877039
v -0.01289570 0.15458730 0.07178783
v -0.06790762 0.25304031 -0.10529126
v -0.07032710 0.22033808 -0.11226571
v -0.06716198 0.28463912 -0.09837975
v -0.06699803 0.31691074 -0.09169927
v -0.07906376 0.50649941 -0.01579231
v -0.09005170 0.53620362 -0.01348671
v -0.09941652 0.62652564 0.02544994
v -0.10170271 0.66077715 0.04009157
v -0.10501736 0.69788146 0.05497143
v -0.10890848 0.73529398 0.07007782
v -0.11261454 0.77145755 0.08123426
v -0.25273639 -0.27597165 -0.15905382
v -0.24951689 -0.30187178 -0.15334599
v -0.25471836 -0.29467809 -0.13504396
v -0.25823641 -0.26927662 -0.14186749
v -0.16144970 -0.29349446 -0.09108360
v -0.15098050 -0.29818839 -0.11273201
v -0.15522878 -0.27696753 -0.11370832
v -0.16640371 -0.27295130 -0.09423211
v -0.17284243 -0.25083649 -0.09842113
v -0.18615590 -0.24660003 -0.08669992
v -0.17971349 -0.26975334 -0.08000569
v -0.23272505 -0.24670184 -0.08508076
v -0.24600749 -0.25154191 -0.09407790
v -0.24094197 -0.27665740 -0.08567740
v -0.22752413 -0.26971221 -0.07662454
v -0.25967208 -0.26256275 -0.12389047
v -0.25566670 -0.28727925 -0.11733694
v -0.25118506 -0.28137779 -0.10020034
v -0.25558060 -0.25628722 -0.10723539
v -0.15791155 -0.26408100 -0.15468526
v -0.15635192 -0.25934774 -0.13467437
v -0.15061225 -0.28214478 -0.13508065
v -0.15192311 -0.28727007 -0.15628748
v -0.20724437 -0.39785391 -0.17462058
v -0.21033727 -0.37596691 -0.17560659
v -0.15979147 -0.37544352 -0.14904377
v -0.15391342 -0.38225782 -0.16947341
v -0.14925696 -0.37701625 -0.16926000
v -0.15673612 -0.37546277 -0.14762042
v -0.19295371 -0.32522696 -0.18492661
v -0.19122155 -0.34742337 -0.18424298
v -0.21309088 -0.35276818 -0.17792681
v -0.21519098 -0.32823932 -0.17982271
v -0.14667284 -0.30963123 -0.15802227
v -0.14586596 -0.30406976 -0.13666159
v -0.14545763 -0.32519436 -0.13804440
v -0.14290461 -0.32972074 -0.16014497
v -0.20475379 -0.28996176 -0.06376846
v -0.19738710 -0.31196558 -0.05679771
v -0.15095097 -0.36400872 -0.17932597
v -0.15082614 -0.34894484 -0.17696163
v -0.17625402 -0.34074426 -0.14187059
v -0.19333908 -0.34590715 -0.06682684
v -0.19211225 -0.35327578 -0.06936757
v -0.14079623 -0.28542966 -0.18648356
v -0.13825469 -0.29683149 -0.19052255
v -0.18543164 -0.30123770 -0.09425622
v -0.18859680 -0.31710219 -0.09124336
v -0.14857727 -0.29209048 -0.17750740
v -0.14388493 -0.29813421 -0.18331750
v -0.10073374 -0.21264151 -0.19870906
v -0.01767910 -0.48028463 -0.18172866
v -0.17028898 -0.33934730 -0.18369858
v -0.15305574 -0.33410227 -0.17456406
v -0.21266656 -0.34086448 -0.05219925
v -0.20545419 -0.35515124 -0.04677294
v -0.19771834 -0.35148203 -0.04748354
v -0.20300937 -0.33546567 -0.05110493
v -0.13967572 -0.41254109 0.03843114
v -0.12083019 -0.40444344 0.05231785
v -0.13400367 -0.38629961 0.04763878
v -0.15025580 -0.39740318 0.03410192
v -0.24979819 -0.39277363 -0.11434239
v -0.24796197 -0.39053494 -0.12872395
v -0.24382366 -0.41056341 -0.12479122
v -0.24594961 -0.40932214 -0.10947478
v -0.23806129 -0.40925699 -0.14248033
v -0.24196196 -0.38683641 -0.14555761
v -0.22946917 -0.38146520 -0.16243389
v -0.22605397 -0.40484256 -0.16075581
v -0.20489123 0.04295632 0.04213620
v -0.20905663 0.05375370 0.00753877
v -0.16201039 -0.06660903 -0.10233960
v -0.13928527 -0.05289695 -0.12431590
v -0.10316578 0.04545170 -0.12557764
v -0.01971047 0.17279091 -0.10062698
v -0.00568816 0.18181619 -0.06730080
v -0.00769339 0.23329803 0.01012354
v -0.20685886 0.06550810 -0.02790244
v -0.01413116 0.26247925 0.01773341
v -0.02219838 0.29306108 0.02338199
v -0.08394413 0.28074467 0.08974317
v -0.11521444 0.27860320 0.09101507
v -0.11061225 0.24683461 0.09683876
v -0.07672023 0.24775496 0.09524919
v -0.14510439 0.27862084 0.08000925
v -0.14258473 0.24750060 0.08551286
v -0.12758982 0.37760580 -0.09119916
v -0.14901519 0.58649749 0.13391879
v -0.17211992 0.62612474 0.13228720
v -0.17366710 0.58617049 0.12424794
v -0.14929597 0.62471700 0.14195296
v -0.19312088 0.59046048 0.10653889
v -0.19177346 0.55529064 0.09461606
v -0.18436803 0.65593499 0.03662033
v -0.14999364 0.66466016 0.14511457
v -0.16972634 0.66744816 0.13642758
v -0.19028944 0.62947828 0.11504772
v -0.18520869 0.67091507 0.12155545
v -0.00092115 0.18705389 -0.02488209
v -0.17869246 0.14522591 -0.08778667
v -0.17459579 0.11605382 -0.09114002
v -0.10858086 0.11468741 -0.12297721
v -0.07508183 0.13385427 -0.12626661
v -0.12443968 -0.12243474 -0.17002100
v -0.14646751 -0.13410687 -0.14542374
v -0.14055923 -0.18005896 -0.14735490
v -0.15848146 -0.19009966 -0.12197466
v -0.16257659 -0.16818106 -0.12183186
v -0.14408061 -0.15654910 -0.14677054
v -0.17930360 -0.21252689 -0.05901759
v -0.18085317 -0.22403133 -0.02605626
v -0.18215764 -0.20654196 -0.02647168
v -0.18208008 -0.19358036 -0.05980977
v -0.18805850 -0.18898267 -0.02645532
v -0.18029509 -0.20288476 0.00496866
v -0.10193685 -0.25844902 0.08311459
v -0.12348942 -0.25113571 0.07070521
v -0.12266929 -0.27202928 0.07191248
v -0.10051353 -0.28154999 0.08277851
v -0.02019652 0.12703449 -0.13092883
v -0.00183101 0.18175727 -0.03983888
v -0.07156341 0.19169998 -0.11720438
v -0.10995208 0.15982360 -0.12361771
v -0.14672726 0.15323213 -0.11346553
v -0.16726214 -0.34961474 -0.09808740
v -0.17974775 -0.41551381 0.00711938
v -0.18228731 -0.40513688 0.00749406
v -0.24516176 -0.36247122 -0.14789136
v -0.23209253 -0.35721046 -0.16505384
v -0.14250639 -0.34603924 -0.16240726
v -0.18399006 -0.40522075 -0.17962393
v -0.16667217 -0.39114285 -0.18286881
v -0.16549210 -0.40494251 -0.18007031
v -0.13662659 0.05345997 -0.11071049
v -0.16855794 0.06288198 -0.09316368
v -0.13892810 0.07880279 -0.11218220
v -0.00784367 0.16070658 0.05167611
v -0.04425474 0.15502062 -0.12158149
v -0.02978486 0.32272464 0.02725569
v -0.03594722 0.35107034 0.03188587
v -0.04199023 0.37800545 0.03751804
v -0.04794744 0.40360653 0.04365176
v -0.05489996 0.42881656 0.04973205
v -0.06523897 0.45342547 0.05442441
v -0.07481086 0.47717518 0.05712691
v -0.08016221 0.50432265 0.06970312
v -0.07089252 0.57196891 0.08267000
v -0.08244224 0.56526023 0.10156569
v -0.08277944 0.53354424 0.08568227
v -0.08291949 0.59855676 0.11511186
v -0.08541936 0.63414186 0.12431069
v -0.09211855 0.67159396 0.12994666
v -0.09890030 0.71046728 0.13449371
v -0.10209925 0.74875802 0.14000231
v -0.00311198 0.17059323 0.01331719
v -0.00519939 0.16586453 0.03137931
v -0.11192924 -0.47840732 -0.16878222
v -0.18564186 -0.35586607 -0.09656427
v -0.18196329 -0.36160326 -0.09685382
v -0.14296268 -0.35889298 -0.16551417
v -0.25173509 -0.31049633 -0.10918151
v -0.25311902 -0.31965715 -0.12584405
v -0.14751603 -0.34391391 -0.14090335
v -0.16855553 -0.37026143 -0.12562522
v -0.16529179 -0.37523204 -0.12606999
v -0.22425981 -0.14107120 -0.26541609
v -0.23789762 -0.13306046 -0.26044205
v -0.22826912 -0.11986691 -0.27495116
v -0.21467942 -0.12698931 -0.27817026
v -0.20856729 -0.14425695 -0.26469055
v -0.19991814 -0.12985471 -0.27696997
v -0.16477165 -0.10526776 -0.21721068
v -0.16423447 -0.11921403 -0.22767416
v -0.16236170 -0.10348722 -0.24124214
v -0.16363485 -0.08968747 -0.23111537
v -0.17792462 -0.11418092 -0.28303930
v -0.16718300 -0.10886103 -0.27444556
v -0.17308228 -0.12353414 -0.26205918
v -0.18563147 -0.12845683 -0.27107409
v -0.18902141 -0.08115429 -0.20321175
v -0.20647235 -0.07772571 -0.20287943
v -0.20609020 -0.09061670 -0.18597266
v -0.18867858 -0.09525892 -0.18799603
v -0.17623015 -0.17362231 -0.16712934
v -0.17655556 -0.15955788 -0.15668550
v -0.17637044 -0.17441580 -0.14877307
v -0.17818259 -0.18615150 -0.16059268
v -0.24262215 -0.16923803 -0.23838243
v -0.25528571 -0.15980542 -0.22982848
v -0.24687964 -0.14659289 -0.24534264
v -0.23324627 -0.15528533 -0.25190505
v -0.19192386 -0.17103750 -0.22583041
v -0.17916663 -0.16378441 -0.21366143
v -0.18611707 -0.17957354 -0.20069042
v -0.19970284 -0.18663612 -0.21306741
v -0.25224605 -0.18246794 -0.22416764
v -0.26262662 -0.17221224 -0.21361336
v -0.17896125 -0.13906866 -0.25034100
v -0.16930830 -0.13072118 -0.23880985
v -0.17373143 -0.14725593 -0.22639093
v -0.18519348 -0.15510193 -0.23850968
v -0.18755069 -0.05695158 -0.23671824
v -0.20314166 -0.05533314 -0.23829570
v -0.20547682 -0.06602234 -0.22027928
v -0.18888091 -0.06849408 -0.21973357
v -0.16170010 -0.10015598 -0.26472670
v -0.16041194 -0.08857238 -0.25513950
v -0.16535771 -0.11489412 -0.25149265
v -0.23402205 -0.08695322 -0.27333307
v -0.22884302 -0.09746712 -0.28238696
v -0.23823722 -0.10957098 -0.26651344
v -0.24266799 -0.09807730 -0.25579059
v -0.16896985 -0.13870290 -0.19030693
v -0.17108236 -0.15243024 -0.20131874
v -0.16676903 -0.13556543 -0.21433029
v -0.16616362 -0.12160552 -0.20351899
v -0.22563979 -0.17463326 -0.23998767
v -0.21692143 -0.15938726 -0.25249937
v -0.25047246 -0.10980630 -0.23832491
v -0.24721354 -0.12184346 -0.25040919
v -0.25498566 -0.13465911 -0.23369923
v -0.25700530 -0.12180957 -0.22049344
v -0.25322023 -0.12136206 -0.18926576
v -0.23879193 -0.11297551 -0.17870164
v -0.23838289 -0.10044459 -0.19705620
v -0.25052574 -0.10989821 -0.20758796
v -0.17326842 -0.15632674 -0.17790186
v -0.17543285 -0.14144278 -0.16749936
v -0.18783064 -0.11064807 -0.17312118
v -0.20528464 -0.10468447 -0.16972834
v -0.20337485 -0.12012437 -0.15435416
v -0.18633296 -0.12755644 -0.15891165
v -0.23104773 -0.21305472 -0.20339245
v -0.24970882 -0.21124581 -0.20384052
v -0.24420805 -0.20242190 -0.21474388
v -0.22524744 -0.20457846 -0.21215218
v -0.25990230 -0.19422841 -0.20862287
v -0.26443380 -0.20351470 -0.19546577
v -0.27037448 -0.21056509 -0.16442572
v -0.26758140 -0.20250160 -0.14952163
v -0.26764753 -0.19310391 -0.15629166
v -0.27072150 -0.20171368 -0.17164484
v -0.25479952 -0.14367583 -0.15157101
v -0.23749875 -0.13870052 -0.14209816
v -0.23856603 -0.12565801 -0.16042930
v -0.25452557 -0.13244563 -0.17022356
v -0.21616493 -0.14827475 -0.12361631
v -0.19723347 -0.15072784 -0.12846112
v -0.20074558 -0.13623586 -0.14034915
v -0.21935232 -0.13503742 -0.13805145
v -0.19711721 -0.20470250 -0.09489685
v -0.18233755 -0.20794719 -0.10263875
v -0.18557331 -0.19116920 -0.10653372
v -0.20077910 -0.18709394 -0.09981753
v -0.17094587 -0.20692497 -0.13606670
v -0.16785927 -0.22062951 -0.13455041
v -0.16947894 -0.22581986 -0.15220530
v -0.17318922 -0.21330819 -0.15313902
v -0.23163259 -0.23981467 -0.18879697
v -0.25056407 -0.23933464 -0.18138772
v -0.25284925 -0.23113900 -0.18569635
v -0.23425514 -0.23232979 -0.19084232
v -0.25435650 -0.15482551 -0.13588545
v -0.23604251 -0.15167841 -0.12428376
v -0.17323925 -0.19632462 -0.13908848
v -0.17566492 -0.20433322 -0.15470085
v -0.17789449 -0.19568259 -0.15709579
v -0.17551284 -0.18573484 -0.14338277
v -0.19989359 -0.21760106 -0.17804271
v -0.21590708 -0.22373739 -0.18788162
v -0.21541187 -0.21715993 -0.19105911
v -0.20086460 -0.21009853 -0.18051769
v -0.23428617 -0.22651494 -0.19368751
v -0.25315556 -0.22503164 -0.18982714
v -0.25227651 -0.21838123 -0.19605851
v -0.23349397 -0.22028881 -0.19760942
v -0.25482708 -0.16361830 -0.12543249
v -0.26241407 -0.17083141 -0.13627043
v -0.26005113 -0.17845213 -0.12789539
v -0.25271377 -0.17158619 -0.11739497
v -0.21076003 -0.16118497 -0.11415392
v -0.19337554 -0.16411677 -0.11935273
v -0.19953084 -0.20262611 -0.18392205
v -0.18684308 -0.19504166 -0.17250606
v -0.18716393 -0.20356965 -0.17027350
v -0.26597199 -0.21124834 -0.18630654
v -0.21236502 -0.20303085 -0.09343170
v -0.22737771 -0.20338792 -0.09377028
v -0.22207800 -0.22097474 -0.08816755
v -0.20720150 -0.22067255 -0.08821154
v -0.19284911 -0.22252339 -0.09221460
v -0.17835656 -0.22646290 -0.10152960
v -0.16274129 -0.23703218 -0.13479649
v -0.16427918 -0.24211636 -0.15359746
v -0.17285702 -0.24674821 -0.17069584
v -0.18612309 -0.25124943 -0.18257894
v -0.19207251 -0.23401725 -0.18100294
v -0.17787126 -0.23045817 -0.16849187
v -0.22564216 -0.25758153 -0.18581048
v -0.24394219 -0.25673658 -0.17713848
v -0.26230940 -0.23557642 -0.16865031
v -0.25713637 -0.25236607 -0.16366777
v -0.17824231 -0.18603238 -0.12392960
v -0.17533913 -0.19858101 -0.11958808
v -0.24602185 -0.09827271 -0.22566187
v -0.23574273 -0.08894709 -0.21525839
v -0.23129347 -0.07768232 -0.23335117
v -0.23982237 -0.08704418 -0.24389213
v -0.21627121 -0.05936238 -0.24369261
v -0.21998186 -0.06980601 -0.22541872
v -0.19291630 -0.14350650 -0.25949618
v -0.20007005 -0.15921903 -0.24771687
v -0.19123675 -0.11627212 -0.28908110
v -0.21337646 -0.20929405 -0.19510731
v -0.20819853 -0.19999367 -0.20218554
v -0.26291791 -0.19479606 -0.13454551
v -0.26668736 -0.21209314 -0.14312753
v -0.26230985 -0.20471960 -0.12811288
v -0.26455906 -0.16375095 -0.14873359
v -0.26547229 -0.15499431 -0.16551587
v -0.26766682 -0.17036617 -0.18135676
v -0.26724783 -0.17993057 -0.16245386
v -0.24931867 -0.18032917 -0.11068758
v -0.25784594 -0.18706885 -0.12113498
v -0.25592127 -0.19801307 -0.11496235
v -0.24602170 -0.19200066 -0.10481517
v -0.21041329 -0.23760757 -0.18722528
v -0.21416359 -0.22909614 -0.18736003
v -0.26282638 -0.23958462 -0.13041714
v -0.26504898 -0.22424477 -0.13698037
v -0.26632199 -0.22983688 -0.15286082
v -0.26249170 -0.24501234 -0.14730063
v -0.26899663 -0.21925306 -0.15844767
v -0.25918916 -0.23423272 -0.11469357
v -0.26128015 -0.21808854 -0.12168296
v -0.20430765 -0.25499928 -0.18784606
v -0.24206558 -0.20724449 -0.09900565
v -0.25359052 -0.21232706 -0.10890417
v -0.25031066 -0.22917783 -0.10198978
v -0.23748569 -0.22462493 -0.09282871
v -0.22258966 -0.08141655 -0.20745042
v -0.22325589 -0.09375098 -0.18973804
v -0.18269269 -0.16048753 -0.13716602
v -0.18458544 -0.14478892 -0.14652124
v -0.18067704 -0.17384255 -0.12997560
v -0.17341867 -0.09099102 -0.20833540
v -0.17316104 -0.07691094 -0.22351378
v -0.17414232 -0.12344125 -0.18024808
v -0.17360060 -0.10672241 -0.19400257
v -0.26147771 -0.13369274 -0.20295820
v -0.22168137 -0.17316011 -0.10585204
v -0.20558424 -0.17333525 -0.10766780
v -0.22742575 -0.16210270 -0.11249271
v -0.16804710 -0.23161292 -0.11631684
v -0.17235102 -0.21406221 -0.11736575
v -0.24440329 -0.16041216 -0.11915025
v -0.16202956 -0.25480574 -0.11505027
v -0.26998353 -0.19280154 -0.18088213
v -0.26634279 -0.21886128 -0.17916375
v -0.26515421 -0.22616944 -0.17363462
v -0.21843313 -0.10724929 -0.28906816
v -0.20777026 -0.17523950 -0.23536706
v -0.19439177 -0.19320637 -0.18987647
v -0.18224232 -0.18467891 -0.17828500
v -0.23675695 -0.17550749 -0.10600346
v -0.23238236 -0.18779853 -0.09957395
v -0.21724872 -0.18656188 -0.09909506
v -0.19680290 -0.22388741 -0.17889409
v -0.18236597 -0.21896297 -0.16778173
v -0.17284155 -0.06403732 -0.23937121
v -0.18550266 -0.21125710 -0.16811840
v -0.26720521 -0.18334010 -0.19671300
v -0.02038855 -0.53048861 0.00173110
v -0.17956844 -0.28391504 -0.09983030
v -0.13360652 -0.24364221 -0.15990689
v -0.15046477 -0.25187677 -0.13706961
v -0.18925820 -0.34077632 -0.09423794
v -0.18811195 -0.34919214 -0.09618783
v -0.17698517 -0.36834371 -0.10296670
v -0.17319465 -0.37369055 -0.10355926
v -0.18025561 -0.31599534 -0.11887595
v -0.07358921 -0.66662765 -0.23623325
v -0.07178155 -0.66354525 -0.22869882
v -0.07486761 -0.67500603 -0.24688692
v 0.00466439 -0.05121031 -0.22015265
v -0.07316468 -0.64984787 -0.23276855
v -0.07115901 -0.64500558 -0.22468646
v -0.07659347 -0.64677459 -0.22883397
v -0.07263171 -0.64961743 -0.23495346
v -0.07272962 -0.65027404 -0.23624109
v -0.07686799 -0.67015088 -0.25568390
v -0.06962021 -0.65818423 -0.22179744
v -0.06732228 -0.65048718 -0.21534818
v -0.07610702 -0.65693521 -0.24950103
v -0.07857075 -0.13784367 0.11359221
v -0.04772794 -0.13598451 0.11126958
v -0.05082127 -0.11664617 0.12353504
v -0.08228008 -0.11601591 0.12010022
v -0.05364613 -0.09695762 0.13577768
v -0.18231596 -0.05186421 0.08285941
v -0.19761556 -0.04983297 0.05505484
v -0.19387397 -0.07277203 0.05103304
v -0.17877291 -0.07523364 0.07770659
v -0.20136854 -0.08498740 0.02082344
v -0.19214857 -0.09238172 0.04877659
v -0.20271094 -0.06615120 0.02159621
v -0.20342989 -0.05422470 -0.00953258
v -0.20251939 -0.07297832 -0.00998459
v -0.19617531 -0.03950608 -0.03941471
v -0.19350755 -0.05917281 -0.04091991
v -0.18282799 -0.02379221 -0.06694578
v -0.16160086 -0.00832379 -0.08979326
v -0.13533905 0.02935687 -0.10974903
v -0.10443302 0.02043423 -0.12723687
v -0.13406777 0.00639641 -0.11010493
v -0.04452631 0.04061234 -0.14761619
v -0.07354707 0.03241384 -0.14022771
v 0.00469332 0.04731733 -0.15172374
v -0.01865359 0.04500040 -0.15107515
v -0.10195304 -0.45098263 -0.17951155
v -0.10753807 -0.56375915 -0.08898072
v -0.12222237 -0.55729640 -0.08797250
v -0.12862673 -0.54834956 -0.11321394
v -0.15225638 -0.51747322 -0.02836999
v -0.15575258 -0.52987915 -0.04952963
v -0.13140602 -0.53705090 -0.03083703
v -0.12755783 -0.52543628 -0.01410313
v -0.09651154 -0.56636047 -0.07013573
v -0.08660676 -0.56974471 -0.07159947
v -0.10849000 -0.56137520 -0.06678105
v -0.06739471 -0.56256741 -0.03688683
v -0.08940650 -0.56211603 -0.04962692
v -0.17999943 -0.52161092 -0.12323886
v -0.18398812 -0.51916289 -0.09581520
v -0.19408458 -0.51009172 -0.10334784
v -0.19038750 -0.51063812 -0.12987308
v -0.18141359 -0.48688000 -0.03631280
v -0.17723688 -0.47562861 -0.02126665
v -0.18985029 -0.46837300 -0.03112950
v -0.19296497 -0.47900367 -0.04566336
v -0.21259664 -0.46350712 -0.15042302
v -0.21995853 -0.46774572 -0.12698120
v -0.22772607 -0.44930923 -0.13362090
v -0.21860157 -0.44462782 -0.15494657
v -0.19396330 -0.49077809 -0.06241454
v -0.09197463 -0.41890740 0.06098875
v -0.11344080 -0.42422688 0.05200611
v -0.13294855 -0.42826462 0.03939192
v -0.17866869 -0.42624450 0.00405808
v -0.16644157 -0.42892694 0.01285469
v -0.16875525 -0.41664273 0.01599332
v -0.18949386 -0.42232084 -0.00583275
v -0.19838686 -0.41512263 -0.01657571
v -0.15358251 -0.38875264 -0.18099207
v -0.15391204 -0.39676744 -0.18067545
v -0.16399360 -0.41782051 -0.18082222
v -0.20918910 -0.39229733 -0.03557779
v -0.20315526 -0.40230876 -0.02682808
v -0.20085607 -0.39687008 -0.02530276
v -0.20596454 -0.38800675 -0.03432063
v -0.16820060 -0.53050584 -0.11747733
v -0.23140657 -0.44726169 -0.11354756
v -0.22263913 -0.46446609 -0.10658590
v -0.22444263 -0.45608401 -0.08965446
v -0.23371096 -0.44061989 -0.09785496
v -0.23288685 -0.43456495 -0.08270417
v -0.22387585 -0.44808489 -0.07372534
v -0.22147770 -0.44071567 -0.06014569
v -0.23047480 -0.42819077 -0.06950817
v -0.21325748 -0.39716738 -0.03826133
v -0.20601407 -0.40819216 -0.02931567
v -0.20507134 -0.41705585 -0.17335597
v -0.18570253 -0.48675770 -0.15964113
v -0.16902335 -0.46820450 -0.17362943
v -0.16266537 -0.48077989 -0.17093083
v -0.17840193 -0.50036621 -0.15477178
v -0.17784342 -0.36237121 -0.08181798
v -0.17134757 -0.36476147 -0.10135122
v -0.18374346 -0.36157238 -0.06366149
v -0.19725557 -0.38724750 -0.02765528
v -0.19005041 -0.36269307 -0.05137153
v -0.14527564 -0.36978501 -0.16772673
v -0.15223451 -0.37806910 -0.18088073
v -0.15539046 -0.44440067 -0.17900120
v -0.14955135 -0.45592326 -0.17679653
v -0.22300710 -0.42557645 -0.15808828
v -0.23371430 -0.42977983 -0.13836887
v -0.21508701 -0.37978226 -0.04321095
v -0.21082692 -0.37555468 -0.04185799
v -0.21660770 -0.36382616 -0.04861990
v -0.19596623 -0.39290172 -0.01240385
v -0.19916472 -0.39186054 -0.02514997
v -0.19806495 -0.49787796 -0.13689871
v -0.23857425 -0.42908543 -0.11871435
v -0.24068001 -0.42489654 -0.10298155
v -0.21402983 -0.46023810 -0.06432601
v -0.21453711 -0.46951288 -0.08025257
v -0.20471993 -0.48053157 -0.07116533
v -0.20381145 -0.47022307 -0.05488469
v -0.23855487 -0.41415060 -0.07729959
v -0.23572992 -0.40657014 -0.06711707
v -0.20090982 -0.46126026 -0.04103894
v -0.21125425 -0.45213860 -0.05067514
v -0.22008076 -0.38423294 -0.04635440
v -0.14330170 -0.46579158 -0.17498052
v -0.13476451 -0.43979776 -0.18042803
v -0.12533732 -0.44533318 -0.17969117
v -0.14759973 -0.41865021 -0.18307343
v -0.14147325 -0.43027276 -0.18201999
v -0.15209217 -0.40598345 -0.18230002
v -0.11555404 -0.44846809 -0.17980975
v -0.24088247 -0.16636744 -0.11232235
v -0.21203156 -0.35939234 -0.04757428
v -0.21874656 -0.34729242 -0.05367234
v -0.22252430 -0.35294825 -0.05508186
v -0.24667814 -0.30602598 -0.09106745
v -0.00435567 -0.51561219 -0.28304821
v -0.00363063 -0.51867628 -0.28843346
v -0.00312894 -0.53380257 -0.30388817
v -0.00310049 -0.53729784 -0.30605650
v -0.26342931 -0.18624717 -0.14110878
v -0.26441553 -0.17872170 -0.14616707
v -0.26427153 -0.14466634 -0.18417004
v -0.26138887 -0.14746231 -0.21698409
v -0.26616418 -0.15945074 -0.19967520
v -0.23547700 -0.18964142 -0.22769195
v -0.21645592 -0.19120711 -0.22346964
v -0.17660835 -0.16914144 -0.18840533
v -0.22120291 -0.12044924 -0.15462381
v -0.18594007 -0.09089020 -0.31896102
v -0.19924851 -0.08574182 -0.31882292
v -0.18846299 -0.07605112 -0.33424973
v -0.17493264 -0.07975280 -0.33303449
v -0.16521750 -0.06878519 -0.34674916
v -0.15437891 -0.06586966 -0.34167981
v -0.16278766 -0.07840595 -0.32844839
v -0.14775750 -0.05993140 -0.33434269
v -0.15399227 -0.07369238 -0.32126766
v -0.14628865 -0.05157715 -0.32638857
v -0.14934616 -0.04144472 -0.32046136
v -0.15187763 -0.05580038 -0.30644232
v -0.15070389 -0.06592759 -0.31323278
v -0.15675132 -0.06020409 -0.28482366
v -0.15510650 -0.04524913 -0.30011028
v -0.16068214 -0.03500167 -0.29462379
v -0.16109383 -0.04888535 -0.27772048
v -0.18049525 -0.01267350 -0.30997828
v -0.19053207 -0.01354831 -0.31239611
v -0.19332351 -0.02368319 -0.29435211
v -0.18208066 -0.02291813 -0.29114085
v -0.21283524 -0.04753795 -0.28922448
v -0.20659994 -0.03966078 -0.28118345
v -0.20157698 -0.02989984 -0.30010852
v -0.20746590 -0.03813145 -0.30781364
v -0.20433806 -0.02958053 -0.32529917
v -0.20493098 -0.04021254 -0.33342844
v -0.21051683 -0.04732123 -0.31616381
v -0.20552559 -0.11375833 -0.29128781
v -0.19627272 -0.10181430 -0.30498537
v -0.18234093 -0.10333043 -0.30187982
v -0.15567344 -0.08040535 -0.30017993
v -0.16137557 -0.09484085 -0.28730884
v -0.16984187 -0.10076836 -0.29544455
v -0.16164686 -0.08743650 -0.30839872
v -0.16277549 -0.07548812 -0.24588832
v -0.15882398 -0.07436442 -0.26978445
v -0.16207840 -0.06242308 -0.26172447
v -0.15492010 -0.07095283 -0.29240987
v -0.15832403 -0.08545348 -0.27850103
v -0.17104682 -0.03984511 -0.27324545
v -0.17035523 -0.02732646 -0.29131600
v -0.20957147 -0.07687503 -0.31463328
v -0.21600194 -0.06663615 -0.30751035
v -0.20713481 -0.05772975 -0.32458359
v -0.19991530 -0.06778899 -0.33101693
v -0.17178577 -0.05231795 -0.25617886
v -0.22512797 -0.07638216 -0.29051870
v -0.21920972 -0.08664200 -0.29831913
v -0.21714084 -0.05645132 -0.29852086
v -0.22427146 -0.06620851 -0.28053012
v -0.19059446 -0.05955288 -0.34579965
v -0.17830332 -0.06639042 -0.34853110
v -0.20902151 -0.09588683 -0.30374849
v -0.18380274 -0.03474513 -0.27207392
v -0.19674689 -0.03471798 -0.27519676
v -0.19996691 -0.04512298 -0.25653213
v -0.18570878 -0.04594550 -0.25426868
v -0.22533250 -0.06728044 -0.25209206
v -0.21124440 -0.04937893 -0.26230812
v -0.21884471 -0.05729643 -0.27060005
v -0.19843507 -0.02023396 -0.31758037
v -0.23209937 -0.07629240 -0.26231420
v -0.15084088 -0.00318292 -0.40939468
v -0.14842349 -0.00428233 -0.39879090
v -0.14217573 -0.00382811 -0.40735868
v -0.14439362 -0.00521630 -0.41727394
v -0.12693734 0.00058079 -0.39008835
v -0.11605071 -0.00721702 -0.38623962
v -0.11242343 -0.00337484 -0.40126842
v -0.12107652 0.00305131 -0.40474355
v -0.13953520 -0.00738835 -0.42466688
v -0.13637014 -0.00410765 -0.41541454
v -0.13691218 -0.01019746 -0.42712051
v -0.14294508 -0.01770410 -0.43710005
v -0.14198904 -0.01037228 -0.43384111
v -0.14696692 -0.01850629 -0.44584778
v -0.15015760 -0.02820078 -0.43346196
v -0.15566295 -0.02414930 -0.44736829
v -0.17826627 -0.02443901 -0.42303026
v -0.18705982 -0.01719904 -0.41664901
v -0.19006222 -0.01026368 -0.43334958
v -0.17988415 -0.01768821 -0.43917507
v -0.20199211 0.00419211 -0.41701156
v -0.19686446 -0.00331879 -0.42630082
v -0.19326819 -0.01092887 -0.41006708
v -0.19850217 -0.00457233 -0.40269190
v -0.16190413 0.00321043 -0.39891812
v -0.15950331 0.00106552 -0.38751870
v -0.15506743 -0.00306040 -0.39174068
v -0.15750705 -0.00028872 -0.40269813
v -0.12975922 -0.01108268 -0.42913166
v -0.13726737 -0.02321592 -0.42449614
v -0.13874434 -0.01768059 -0.42875421
v -0.13024744 -0.00682262 -0.42933652
v -0.16102138 0.00800170 -0.35457096
v -0.16109268 -0.00006384 -0.34298691
v -0.15420905 -0.00712708 -0.34647566
v -0.15528630 0.00076842 -0.35652155
v -0.12931271 -0.01775795 -0.36206856
v -0.13725200 -0.02168256 -0.35315070
v -0.13607304 -0.03851306 -0.35474467
v -0.12886626 -0.03488892 -0.36421722
v -0.12170031 -0.01217109 -0.37316883
v -0.12024539 -0.02829802 -0.37477738
v -0.11353164 -0.01971418 -0.38759556
v -0.11098065 -0.01321730 -0.40227515
v -0.17148761 0.00488701 -0.33925605
v -0.17303234 0.01272000 -0.34639928
v -0.14066158 0.01244953 -0.45594224
v -0.14582677 0.01584098 -0.45289859
v -0.14422853 0.01646310 -0.45504624
v -0.14000998 0.01260316 -0.45872113
v -0.19350946 0.00395483 -0.35004333
v -0.19806327 -0.00489494 -0.35624486
v -0.19687946 -0.00646093 -0.34837466
v -0.19066812 0.00142068 -0.34261227
v -0.19720501 0.00720572 -0.35882983
v -0.19991830 -0.00302932 -0.36583167
v -0.13801284 0.02147457 -0.46533290
v -0.13624506 0.01657695 -0.46298036
v -0.13866656 0.01512292 -0.46726999
v -0.14197184 0.01950061 -0.47014663
v -0.14568010 -0.00508404 -0.42724502
v -0.15229475 -0.00196680 -0.41995105
v -0.14998960 -0.00070721 -0.44171646
v -0.15302895 0.00019941 -0.43143022
v -0.14590216 -0.00528863 -0.43671566
v -0.14542082 -0.00518921 -0.44383672
v -0.16865994 0.01103720 -0.41756096
v -0.16719772 0.00800523 -0.40686694
v -0.16179729 0.00388205 -0.41349790
v -0.16311730 0.00748625 -0.42426863
v -0.17380930 0.01853369 -0.39844245
v -0.17656349 0.02082676 -0.40860337
v -0.17999016 0.02618128 -0.40377733
v -0.17717917 0.02392875 -0.39539152
v -0.17708385 0.02019694 -0.43125775
v -0.17930953 0.01817083 -0.43672964
v -0.18315598 0.02243587 -0.43160555
v -0.18022321 0.02463613 -0.42704934
v -0.19647884 -0.00752974 -0.34162009
v -0.18964972 -0.00088742 -0.33518010
v -0.21035154 0.01894999 -0.39985195
v -0.20804821 0.02526772 -0.38990140
v -0.21020634 0.03315227 -0.39972472
v -0.21461360 0.02595100 -0.41056454
v -0.19796745 -0.01528221 -0.36364734
v -0.19772986 -0.01750016 -0.35594565
v -0.14287405 0.02665323 -0.46601301
v -0.14685194 0.02495408 -0.47101948
v -0.12126342 -0.03346029 -0.39068425
v -0.11566048 -0.02301788 -0.40560827
v -0.13010192 -0.04145795 -0.37809005
v -0.13754986 -0.04631692 -0.36965260
v -0.14315742 -0.05025309 -0.36181465
v -0.15781213 0.00431708 -0.43452826
v -0.15773354 0.00051832 -0.41170660
v -0.16468589 0.00650911 -0.39550424
v -0.18299703 0.03057159 -0.37906867
v -0.18166254 0.02869888 -0.37136376
v -0.17324005 0.02357987 -0.37792563
v -0.17708401 0.02620862 -0.38411543
v -0.20086347 0.03213336 -0.38424438
v -0.19255976 0.03419511 -0.38443756
v -0.19476084 0.03636694 -0.39108568
v -0.20340310 0.03663303 -0.39266214
v -0.12582344 -0.01446056 -0.42888916
v -0.13126536 -0.02672583 -0.42046118
v -0.18490849 0.01037221 -0.34596318
v -0.18203856 0.00551707 -0.33927554
v -0.18085580 0.00090167 -0.33250031
v -0.15714832 0.00159848 -0.37144157
v -0.15172003 -0.00386566 -0.35813251
v -0.14599796 -0.00674585 -0.36136210
v -0.15414833 -0.00195122 -0.37455073
v -0.14297530 -0.00305337 -0.38789228
v -0.13227800 -0.00372243 -0.37724546
v -0.13755636 -0.00024831 -0.39834097
v -0.14760964 -0.01384991 -0.34896392
v -0.15452217 -0.01427728 -0.33823225
v -0.14731725 -0.02202368 -0.34157813
v -0.16248788 -0.00634295 -0.33468962
v -0.17165953 -0.00132072 -0.33267838
v -0.15430038 -0.02148268 -0.32907706
v -0.14817439 -0.03031433 -0.33261392
v -0.16229409 -0.01289323 -0.32571435
v -0.17156495 -0.00745228 -0.32408205
v -0.20156454 -0.02440354 -0.33829132
v -0.19689602 -0.01331082 -0.33031136
v -0.19908714 -0.02013615 -0.34829929
v -0.14287020 -0.04841393 -0.34598798
v -0.14035252 -0.03065810 -0.34619474
v -0.14349891 -0.03955677 -0.33818504
v -0.14904684 -0.05658507 -0.35305622
v -0.11660364 0.00203291 -0.41385317
v -0.11209086 0.00129122 -0.42182866
v -0.11985538 0.00297469 -0.42442665
v -0.12483229 0.00235051 -0.41780642
v -0.14840628 -0.01405308 -0.45329776
v -0.14444374 -0.01009721 -0.44813821
v -0.14410609 -0.01168230 -0.44172245
v -0.16604006 0.01597778 -0.36216962
v -0.17658062 0.01982509 -0.35479552
v -0.15473677 0.00340635 -0.44138613
v -0.14472906 0.01354390 -0.47124800
v -0.13975424 0.01026487 -0.46837887
v -0.14308752 -0.00141954 -0.46322021
v -0.14944509 0.00074172 -0.46773079
v -0.16013773 0.00853735 -0.44679755
v -0.15303533 0.00495380 -0.44468811
v -0.15082765 0.01060081 -0.44687855
v -0.15786754 0.01445591 -0.44907939
v -0.18720533 0.02608630 -0.42389303
v -0.18374783 0.02899942 -0.42098111
v -0.17748763 -0.00625730 -0.45165911
v -0.16855796 -0.01585168 -0.45685914
v -0.16798769 -0.02533254 -0.44413573
v -0.17304948 0.01595408 -0.41278371
v -0.17460778 0.01895481 -0.42232874
v -0.17823111 0.02327570 -0.41832846
v -0.16040754 0.00724266 -0.43693390
v -0.15969330 0.00717929 -0.44212231
v -0.16489828 0.01063456 -0.44018182
v -0.16394095 0.01007390 -0.43216106
v -0.20440541 0.01826914 -0.37929744
v -0.19594546 0.02834253 -0.37301797
v -0.13722970 0.01323971 -0.45966843
v -0.13754366 0.01262552 -0.46320233
v -0.18918665 -0.00671393 -0.32528681
v -0.18011315 -0.00514609 -0.32373789
v -0.17064945 0.01257601 -0.40234631
v -0.16556062 -0.03019798 -0.42864025
v -0.16700785 0.01089557 -0.39174113
v -0.20185630 0.02618748 -0.42664835
v -0.19861431 0.03297980 -0.42053375
v -0.19590937 0.03211731 -0.42128757
v -0.19723494 0.02999151 -0.42682374
v -0.15539494 0.02220935 -0.45358470
v -0.14887334 0.01842326 -0.45178738
v -0.14971589 0.02076364 -0.45426232
v -0.15455271 0.02563179 -0.45548207
v -0.14810270 0.00039130 -0.44454435
v -0.14387208 -0.00332505 -0.44736338
v -0.14069568 0.00197577 -0.45070559
v -0.14505857 0.00614733 -0.44721934
v -0.14321405 -0.00731313 -0.45221969
v -0.14030831 -0.00088370 -0.45694169
v -0.15908176 0.02482128 -0.45912823
v -0.15613268 0.02354616 -0.46665946
v -0.16286783 0.01087475 -0.46220586
v -0.16357990 0.01538354 -0.45514712
v -0.19651003 -0.01191121 -0.38994026
v -0.20075105 -0.00528941 -0.38342965
v -0.20351532 0.00280979 -0.39578253
v -0.20727731 0.01190482 -0.40898353
v -0.20887992 0.02073127 -0.42066184
v -0.20425262 0.01193647 -0.43015388
v -0.20574327 0.00956431 -0.38842461
v -0.17117532 0.00466159 -0.45233652
v -0.16907370 0.00180238 -0.45776898
v -0.17526069 0.00422516 -0.45434332
v -0.17049046 0.01769398 -0.38698792
v -0.13705975 0.00917935 -0.46276590
v -0.16528529 -0.04987779 -0.37644455
v -0.17885850 -0.04459125 -0.37440345
v -0.17853317 -0.03897867 -0.38334271
v -0.16207977 -0.04660222 -0.38491306
v -0.14224564 0.01458651 -0.45236227
v -0.13809673 0.01066583 -0.45651412
v -0.18678539 0.03353514 -0.41635177
v -0.18987702 0.03050029 -0.42029914
v -0.19337131 0.03107899 -0.41714016
v -0.19195013 0.03521618 -0.41558680
v -0.20269538 0.00183368 -0.37696344
v -0.20515303 0.04191905 -0.40323254
v -0.20945765 0.03438646 -0.41473955
v -0.19898371 -0.01147866 -0.37250632
v -0.19497643 -0.01879692 -0.37895626
v -0.19441091 -0.02432013 -0.37052685
v -0.19432598 0.00774641 -0.43940622
v -0.19158594 -0.01777411 -0.39631286
v -0.19002531 -0.02458578 -0.38468555
v -0.18881273 -0.03128436 -0.37612280
v -0.18884130 -0.03596991 -0.36922085
v -0.19491327 -0.02766418 -0.36358231
v -0.15054710 0.01818925 -0.47095612
v -0.15225820 0.02937198 -0.46632448
v -0.19668949 -0.03179199 -0.35585716
v -0.20071635 -0.03540879 -0.34659624
v -0.19353576 -0.04547226 -0.35228252
v -0.18978985 -0.04109636 -0.36140329
v -0.18367420 -0.02965003 -0.39053196
v -0.17539258 -0.03565979 -0.39536715
v -0.18558864 -0.02316958 -0.40242642
v -0.17705096 -0.02945048 -0.40847096
v -0.19092409 -0.00208336 -0.44817251
v -0.14587162 0.03321436 -0.44970664
v -0.15164678 0.03057969 -0.45549420
v -0.15304790 0.02698559 -0.45227626
v -0.14857997 0.03036574 -0.44742784
v -0.15547727 0.02867311 -0.45947161
v -0.14830454 0.03085759 -0.46069279
v -0.16326617 -0.03606194 -0.41420135
v -0.16659017 0.00881127 -0.44690314
v -0.15620942 -0.04303011 -0.39910537
v -0.14847077 -0.03537545 -0.42135644
v -0.14084557 -0.03950953 -0.41168970
v -0.14387541 -0.04847151 -0.38259748
v -0.13469639 -0.04294997 -0.39355013
v -0.15442219 -0.05469194 -0.36684966
v -0.15011178 -0.05142421 -0.37437397
v -0.15934180 -0.06028551 -0.35770318
v -0.12651668 -0.03339434 -0.40730181
v -0.13929518 0.01440164 -0.45159045
v -0.14478962 0.01811051 -0.44867191
v -0.16780838 -0.05335557 -0.36855766
v -0.17166516 -0.05806136 -0.35908663
v -0.13113138 0.00177333 -0.40923142
v -0.16569304 0.01410586 -0.37732616
v -0.16329114 0.00869030 -0.38111478
v -0.17970869 0.02535953 -0.36356083
v -0.16970105 0.02063783 -0.37110993
v -0.18390414 -0.05319291 -0.35709935
v -0.15409143 -0.03170291 -0.31553963
v -0.16111140 -0.02266723 -0.31149480
v -0.19921137 -0.05039176 -0.34046930
v -0.13462915 0.01507151 -0.45486584
v -0.18245248 0.01824299 -0.43679944
v -0.18340833 0.02080184 -0.43516585
v -0.10994688 -0.00338963 -0.41202047
v -0.10760119 -0.00414523 -0.42126057
v -0.11232059 -0.01394281 -0.42613786
v -0.10797148 -0.00916138 -0.42312521
v -0.10928703 -0.01124749 -0.41336921
v -0.11406557 -0.01786226 -0.41645655
v -0.15909401 0.00581241 -0.36942318
v -0.16187654 0.01095207 -0.36711437
v -0.20121928 0.01208641 -0.36872265
v -0.19351430 0.02207856 -0.36315602
v -0.14654374 -0.00947148 -0.45768991
v -0.15631932 -0.01596087 -0.45688245
v -0.15381503 -0.00922662 -0.46184495
v -0.15710996 0.00438935 -0.46670938
v -0.16724145 0.00621253 -0.45072880
v -0.16601124 0.00917000 -0.45178857
v -0.13926125 -0.00653565 -0.36763009
v -0.14902081 -0.00400683 -0.37979802
v -0.13178712 -0.00277978 -0.42113194
v -0.12804480 -0.00089332 -0.42672384
v -0.16964690 0.01401381 -0.42672506
v -0.18633153 0.01410896 -0.44559696
v -0.18332820 0.00609556 -0.45125511
v -0.17115603 0.01540032 -0.43516630
v -0.13290472 0.02412856 -0.45791581
v -0.13232259 0.01865423 -0.45677760
v -0.16255863 -0.00607711 -0.46146980
v -0.18156531 0.02808230 -0.41265139
v -0.19061904 0.01861182 -0.44054994
v -0.18530826 0.01811096 -0.44046238
v -0.20119996 0.04031548 -0.39669576
v -0.18015118 -0.04849046 -0.36643702
v -0.15068610 0.02125907 -0.45133749
v -0.14879178 0.02387333 -0.44666353
v -0.14228441 0.03262347 -0.45330516
v -0.13756181 0.02877837 -0.45712343
v -0.18923865 0.01620030 -0.35418400
v -0.16162430 0.00461209 -0.38437808
v -0.17055739 -0.01628470 -0.30962035
v -0.12227502 -0.02268916 -0.41798148
v -0.11946536 -0.01584283 -0.42795497
v -0.17320322 0.01343170 -0.44164583
v -0.20411181 0.03290355 -0.42003456
v -0.19883499 0.02084088 -0.43467385
v -0.19351746 0.02713218 -0.43478671
v -0.18667467 0.02378160 -0.43875915
v -0.18206842 0.02284199 -0.43702140
v -0.13763048 0.03332558 -0.44624481
v -0.13311528 0.03000951 -0.44973984
v -0.12953486 0.02476791 -0.45168528
v -0.13028069 0.01944406 -0.45202956
v -0.13343640 0.01620643 -0.45068786
v -0.14166714 0.03324886 -0.44328865
v -0.14497317 0.02994570 -0.44230035
v -0.14645983 0.02423622 -0.44287595
v -0.13954468 0.03098503 -0.43787166
v -0.13450728 0.03127563 -0.43941441
v -0.12617363 0.01870497 -0.44027683
v -0.12718673 0.02278222 -0.44531849
v -0.12741800 0.02361256 -0.44107601
v -0.12647350 0.02147573 -0.43777582
v -0.12586780 0.01946601 -0.43330023
v -0.12614514 0.01646170 -0.43493858
v -0.12930723 0.02680472 -0.44039801
v -0.12849154 0.02503678 -0.43565658
v -0.13196383 0.02708563 -0.43399450
v -0.13107161 0.02467890 -0.42929950
v -0.12781049 0.02281776 -0.43093219
v -0.13198625 0.02856915 -0.43790671
v -0.13001539 0.02887361 -0.44441351
v -0.12655409 0.01604459 -0.42993888
v -0.12569250 0.01859322 -0.43016776
v -0.12698604 0.02085599 -0.42753741
v -0.12831278 0.01852927 -0.42604390
v -0.12932716 0.01812547 -0.44753012
v -0.12855567 0.01589289 -0.44151548
v -0.12840594 0.01407537 -0.43544373
v -0.12889327 0.01411875 -0.43021521
v -0.13190730 0.01390362 -0.44083503
v -0.13161556 0.01310125 -0.43481061
v -0.13198294 0.01373933 -0.43034866
v -0.13594429 0.01412317 -0.43886515
v -0.13473983 0.01373133 -0.43323466
v -0.13743706 0.01546201 -0.44520238
v -0.13302861 0.01537454 -0.44724169
v -0.13405459 0.01421259 -0.43035856
v -0.13088448 0.01664248 -0.42570958
v -0.13499074 0.02852562 -0.43317261
v -0.13379003 0.02544391 -0.42851570
v -0.13806213 0.02784181 -0.43233654
v -0.13632904 0.02472481 -0.42768028
v -0.13155036 0.02241743 -0.42537251
v -0.12968634 0.02320495 -0.42677030
v -0.13846068 0.01575880 -0.44767335
v -0.14373572 0.01919256 -0.44514868
v -0.14224593 0.01851687 -0.44212446
v -0.14055516 0.01660183 -0.43586823
v -0.14422010 0.02323662 -0.43953046
v -0.14294820 0.02787077 -0.43769178
v -0.14066033 0.02548003 -0.43250546
v -0.14203124 0.02161944 -0.43385097
v -0.13824086 0.02249566 -0.42818776
v -0.13890328 0.01962717 -0.42939201
v -0.13742895 0.01610859 -0.43119016
v -0.13585047 0.01949525 -0.42619941
v -0.13381307 0.02100623 -0.42509535
v -0.13335027 0.01628882 -0.42730913
v -0.13678931 0.01832080 -0.42763254
v -0.13531686 0.01605323 -0.42889640
v -0.15607078 0.02162006 -0.44034210
v -0.15940620 0.02384466 -0.43555823
v -0.16112919 0.02489632 -0.43967041
v -0.15846826 0.02252427 -0.44461536
v -0.15026630 0.03222138 -0.44827414
v -0.15021838 0.02563260 -0.44683570
v -0.15443046 0.02691525 -0.45304668
v -0.15579517 0.03326458 -0.45458123
v -0.15443207 0.03887463 -0.44565317
v -0.16041954 0.03955787 -0.45141545
v -0.16256042 0.02680039 -0.45797738
v -0.15934326 0.02164012 -0.45573214
v -0.16549803 0.00881606 -0.45325068
v -0.17029603 0.01076978 -0.45556414
v -0.17318515 0.01650095 -0.43501166
v -0.17694141 0.02131981 -0.43399546
v -0.15276130 0.02228500 -0.44392702
v -0.15589161 0.02312148 -0.44899341
v -0.17109694 0.03022557 -0.43719226
v -0.16749908 0.02559066 -0.43730071
v -0.16457708 0.02826199 -0.43663660
v -0.16655166 0.03313550 -0.43528926
v -0.16360782 0.00802350 -0.44343695
v -0.16811670 0.01207244 -0.43908039
v -0.16350104 0.00761455 -0.44894662
v -0.17305245 0.03480422 -0.44074610
v -0.17174847 0.03612077 -0.44758815
v -0.18058075 0.02184719 -0.44678128
v -0.18078651 0.02421504 -0.43936408
v -0.15931429 0.01906228 -0.45140791
v -0.16304983 0.02115756 -0.44023117
v -0.16036589 0.01883405 -0.44589394
v -0.16847493 0.03184795 -0.45500836
v -0.16415323 0.04083812 -0.44302413
v -0.15509064 0.03486687 -0.42544672
v -0.16114189 0.03673966 -0.43220142
v -0.16319503 0.03270662 -0.43027446
v -0.15822072 0.03140336 -0.42392567
v -0.16619463 0.03735760 -0.43784162
v -0.15826996 0.03954972 -0.43697089
v -0.15243681 0.01969847 -0.43376520
v -0.15655984 0.02260569 -0.42949960
v -0.14829637 0.02008571 -0.43667915
v -0.17649861 0.01551783 -0.45390624
v -0.14370127 0.02878298 -0.43826756
v -0.14507093 0.02300853 -0.43820772
v -0.16253640 0.02763344 -0.43218783
v -0.15937705 0.02657899 -0.42585489
v -0.15126689 0.03643514 -0.42912582
v -0.14694048 0.03418282 -0.43552706
v -0.14649110 0.03307143 -0.42281303
v -0.14224537 0.03038515 -0.42780641
v -0.14031149 0.02542472 -0.43136343
v -0.14319591 0.02095425 -0.43316796
v -0.14703240 0.01921982 -0.43259880
v -0.15099137 0.03224549 -0.42018202
v -0.15482022 0.03018335 -0.42024371
v -0.15656330 0.02609837 -0.42240909
v -0.15082105 0.02693060 -0.41625121
v -0.14562522 0.02708584 -0.41723338
v -0.14430122 0.00851631 -0.42173615
v -0.14216186 0.01362151 -0.42477080
v -0.14216527 0.01455718 -0.42120382
v -0.14316215 0.00972983 -0.41888455
v -0.14049970 0.01959571 -0.42646018
v -0.14119510 0.01860815 -0.42247185
v -0.14194588 0.02145210 -0.41997710
v -0.14277202 0.01696664 -0.41736534
v -0.14578886 0.01885444 -0.41482171
v -0.14670967 0.01412788 -0.41252306
v -0.14376265 0.01181272 -0.41480890
v -0.14448233 0.02264071 -0.41729924
v -0.14416045 0.00663558 -0.41663936
v -0.14612094 0.00536707 -0.41740236
v -0.14040293 0.02592218 -0.42228308
v -0.14373536 0.01767376 -0.43020025
v -0.14526361 0.01248884 -0.42713717
v -0.14750646 0.00783995 -0.42296192
v -0.14942603 0.00533918 -0.41816857
v -0.14955175 0.01178458 -0.42742774
v -0.15102734 0.00777590 -0.42296132
v -0.15194531 0.00615904 -0.41852251
v -0.15377712 0.01281393 -0.42561826
v -0.15380947 0.00885504 -0.42123291
v -0.15193854 0.01830813 -0.42868218
v -0.14781760 0.01719728 -0.43074587
v -0.15353166 0.00745621 -0.41859588
v -0.14757457 0.00578469 -0.41277829
v -0.15050179 0.00575876 -0.41365352
v -0.14460254 0.00717854 -0.41255894
v -0.14833759 0.02023882 -0.41411605
v -0.14937826 0.01470026 -0.41198525
v -0.15130918 0.02061218 -0.41327521
v -0.15176292 0.01473516 -0.41112438
v -0.14895554 0.00959352 -0.41038516
v -0.14688529 0.01015773 -0.41095081
v -0.15079726 0.01980206 -0.43020424
v -0.15445377 0.02241346 -0.42630699
v -0.15573542 0.02076629 -0.42472002
v -0.15707923 0.01546702 -0.42132154
v -0.15699719 0.02431664 -0.42087451
v -0.15471669 0.02623293 -0.41758212
v -0.15477107 0.02024105 -0.41431966
v -0.15726411 0.01845464 -0.41727361
v -0.15432920 0.01446030 -0.41217431
v -0.15641318 0.01344386 -0.41470858
v -0.15637794 0.01089314 -0.41799429
v -0.15385081 0.00972977 -0.41206047
v -0.15158388 0.00938177 -0.41058090
v -0.15304059 0.00680798 -0.41490510
v -0.15534101 0.01009023 -0.41386190
v -0.15481250 0.00831765 -0.41606739
v -0.16741432 0.02970716 -0.42093500
v -0.17203648 0.03005309 -0.41600454
v -0.17256667 0.03336866 -0.41786286
v -0.16870905 0.03236338 -0.42278302
v -0.16081508 0.03893664 -0.42405653
v -0.16064419 0.03500357 -0.42409164
v -0.16374166 0.03777793 -0.42947638
v -0.16432811 0.04199679 -0.43059513
v -0.16359760 0.04327652 -0.42051777
v -0.16817977 0.04736707 -0.42766243
v -0.17028435 0.03883535 -0.43463883
v -0.16853501 0.03494698 -0.43269664
v -0.17731084 0.02716488 -0.43433812
v -0.18041863 0.03017589 -0.43708000
v -0.16312887 0.03166170 -0.42307106
v -0.16585471 0.03400049 -0.42667440
v -0.18148358 0.03863367 -0.41531718
v -0.17879839 0.03537676 -0.41543013
v -0.17557128 0.03573062 -0.41451731
v -0.17710741 0.03896141 -0.41377971
v -0.17997952 0.02382353 -0.42416808
v -0.18280013 0.02564824 -0.41837913
v -0.17808808 0.02460429 -0.42948219
v -0.18217297 0.04289629 -0.41869584
v -0.17971934 0.04607508 -0.42535451
v -0.19023927 0.03690147 -0.42618671
v -0.19070323 0.03566161 -0.41892451
v -0.16982795 0.03184733 -0.42837825
v -0.17524160 0.03154913 -0.41809455
v -0.17221011 0.03023976 -0.42355877
v -0.17575128 0.04328728 -0.43224806
v -0.17290957 0.04745013 -0.42081764
v -0.16832413 0.03640103 -0.40447250
v -0.17285527 0.04163386 -0.41136584
v -0.17622419 0.03712022 -0.41071734
v -0.17209090 0.03332168 -0.40508032
v -0.17629661 0.04372564 -0.41609046
v -0.16860463 0.04427852 -0.41531667
v -0.16589947 0.02501556 -0.41590083
v -0.17052360 0.02636629 -0.41194800
v -0.16081823 0.02650586 -0.41670743
v -0.18609090 0.03442165 -0.43425611
v -0.18861367 0.03296170 -0.41424993
v -0.15601762 0.03238574 -0.41486531
v -0.15716811 0.02908731 -0.41647488
v -0.17557259 0.03300324 -0.41250286
v -0.17334135 0.02964652 -0.40802535
v -0.16303696 0.03822151 -0.40671656
v -0.15838386 0.03658763 -0.41182336
v -0.16016774 0.03236789 -0.40051579
v -0.15518351 0.03020726 -0.40470025
v -0.15336187 0.02632129 -0.40853360
v -0.15572377 0.02393478 -0.41146800
v -0.15967266 0.02303454 -0.41256028
v -0.16625090 0.03122577 -0.40033296
v -0.16950272 0.02984110 -0.40273851
v -0.17048661 0.02773009 -0.40578312
v -0.16756698 0.02692464 -0.39872426
v -0.16195063 0.02587596 -0.39814296
v -0.16028847 0.00908160 -0.40208822
v -0.15804179 0.01367289 -0.40407109
v -0.15873928 0.01456809 -0.40174839
v -0.16004992 0.01021188 -0.39994892
v -0.15530770 0.01992655 -0.40485132
v -0.15709423 0.01828295 -0.40238178
v -0.15822262 0.02084500 -0.39991149
v -0.16004418 0.01662767 -0.39846009
v -0.16369611 0.01925957 -0.39700365
v -0.16505308 0.01486176 -0.39569494
v -0.16159749 0.01222032 -0.39695102
v -0.16135621 0.02234423 -0.39805791
v -0.16123863 0.00768077 -0.39840242
v -0.16204078 0.00623673 -0.39938128
v -0.15628232 0.02451193 -0.40117261
v -0.15664418 0.01887858 -0.40906876
v -0.15925406 0.01341033 -0.40704352
v -0.16184084 0.00856692 -0.40440536
v -0.16436209 0.00623983 -0.40146676
v -0.16255586 0.01403421 -0.40875855
v -0.16482489 0.00951856 -0.40615079
v -0.16690853 0.00744444 -0.40329307
v -0.16651161 0.01538259 -0.40901235
v -0.16793749 0.01096082 -0.40623388
v -0.16430016 0.02034554 -0.41058689
v -0.16053875 0.01925415 -0.41070640
v -0.16844083 0.00919223 -0.40401962
v -0.16481401 0.00701523 -0.39618641
v -0.16756375 0.00723428 -0.39793983
v -0.16289821 0.00858825 -0.39573330
v -0.16621453 0.02076250 -0.39676109
v -0.16741069 0.01590675 -0.39548078
v -0.16942579 0.02137125 -0.39768413
v -0.17009041 0.01616424 -0.39620939
v -0.16708902 0.01143271 -0.39467356
v -0.16528487 0.01147622 -0.39468750
v -0.16403563 0.02326396 -0.41173670
v -0.16828220 0.02511072 -0.40944949
v -0.16845192 0.02262196 -0.40920249
v -0.17098325 0.01751930 -0.40774575
v -0.17083959 0.02511624 -0.40584877
v -0.17039470 0.02605069 -0.40204093
v -0.17191239 0.02097076 -0.40031868
v -0.17290841 0.01979399 -0.40403906
v -0.17224233 0.01601475 -0.39849868
v -0.17302437 0.01522404 -0.40154442
v -0.17135493 0.01282722 -0.40469953
v -0.17135076 0.01170778 -0.39819553
v -0.16958325 0.01140022 -0.39598480
v -0.16949286 0.00849307 -0.40023991
v -0.17217608 0.01213777 -0.40037030
v -0.17066303 0.01008630 -0.40226030
v -0.18592782 0.02936155 -0.41537797
v -0.18097557 0.03665504 -0.40691727
v -0.18375827 0.03782895 -0.40338400
v -0.18425776 0.03862225 -0.40412468
v -0.18210258 0.03766420 -0.40792403
v -0.17565604 0.04465690 -0.41154376
v -0.17574735 0.04070511 -0.41202369
v -0.17948009 0.04233970 -0.41556278
v -0.17975606 0.04657085 -0.41588506
v -0.17816420 0.04846728 -0.40770879
v -0.18207331 0.05069086 -0.41167876
v -0.18581291 0.04429600 -0.41822580
v -0.18406124 0.04016325 -0.41761634
v -0.19190969 0.03442430 -0.41721863
v -0.19570912 0.03735630 -0.41827613
v -0.19897746 0.04288360 -0.39700171
v -0.19445123 0.04154429 -0.39824733
v -0.19104584 0.03989702 -0.39686391
v -0.19345464 0.04293209 -0.39541104
v -0.17788316 0.03799199 -0.40990072
v -0.18053122 0.03922480 -0.41265151
v -0.18855537 0.04444648 -0.39810321
v -0.18692537 0.04032497 -0.40008709
v -0.18615486 0.04060856 -0.40085307
v -0.18733336 0.04370348 -0.39843398
v -0.19042683 0.03902616 -0.40161160
v -0.18870945 0.03801151 -0.40827060
v -0.19021599 0.03756437 -0.40782771
v -0.18857236 0.03760934 -0.40083593
v -0.19133218 0.03607723 -0.41149235
v -0.18998469 0.04841097 -0.40029666
v -0.18948801 0.05048905 -0.40643266
v -0.19846345 0.04570985 -0.40434906
v -0.19587226 0.04506491 -0.39809290
v -0.18304349 0.03852566 -0.41326734
v -0.18565322 0.03788689 -0.40413269
v -0.18299748 0.03758293 -0.40854740
v -0.18886800 0.04876655 -0.41430458
v -0.18443914 0.05041258 -0.40476736
v -0.18059517 0.04386729 -0.39358312
v -0.18437572 0.04693475 -0.39729822
v -0.18656994 0.04324116 -0.39675251
v -0.18356909 0.04123923 -0.39389402
v -0.18633224 0.04745910 -0.39956418
v -0.18107845 0.04865642 -0.40126011
v -0.17806681 0.03418469 -0.40418851
v -0.18167998 0.03566678 -0.40062758
v -0.17452903 0.03502405 -0.40616399
v -0.19922741 0.04116292 -0.41385734
v -0.17038985 0.04066423 -0.40597233
v -0.17157973 0.03715605 -0.40701231
v -0.18581773 0.03968370 -0.39958677
v -0.18376286 0.03808847 -0.39690089
v -0.17638101 0.04525654 -0.39649066
v -0.17267473 0.04420093 -0.40207595
v -0.17306395 0.04106402 -0.39246681
v -0.16848744 0.04018940 -0.39721179
v -0.16749473 0.03686705 -0.40188926
v -0.16950567 0.03429455 -0.40393135
v -0.17264511 0.03334919 -0.40362921
v -0.17822988 0.04005620 -0.39058998
v -0.18109621 0.03862754 -0.39190456
v -0.18132408 0.03634644 -0.39518902
v -0.17679124 0.03680658 -0.38920590
v -0.17184480 0.03646988 -0.39045295
v -0.16834851 0.02232647 -0.39525771
v -0.16789682 0.02660143 -0.39763615
v -0.16751634 0.02744317 -0.39538401
v -0.16731520 0.02358675 -0.39383021
v -0.16720934 0.03245658 -0.39886102
v -0.16716345 0.03107274 -0.39626929
v -0.16788445 0.03345180 -0.39379784
v -0.16771556 0.02948833 -0.39239433
v -0.17019044 0.03104794 -0.38916993
v -0.17033605 0.02700520 -0.38779533
v -0.16816328 0.02488309 -0.39077100
v -0.16978212 0.03388917 -0.39084995
v -0.16728799 0.02141482 -0.39227793
v -0.16839005 0.01976460 -0.39259398
v -0.16798849 0.03651720 -0.39504752
v -0.16933985 0.03120133 -0.40143007
v -0.16946404 0.02594644 -0.39905456
v -0.17001311 0.02112561 -0.39588353
v -0.17078964 0.01901919 -0.39260089
v -0.17218392 0.02610976 -0.39910087
v -0.17234214 0.02144682 -0.39589766
v -0.17294015 0.01952815 -0.39267722
v -0.17534854 0.02717763 -0.39808485
v -0.17500521 0.02239794 -0.39501229
v -0.17604749 0.03124356 -0.40031466
v -0.17244990 0.03079364 -0.40169880
v -0.17448612 0.02060735 -0.39292577
v -0.16947062 0.02044106 -0.38884184
v -0.17196085 0.01982826 -0.38928020
v -0.16748957 0.02249950 -0.38914761
v -0.17274655 0.03205156 -0.38796288
v -0.17309250 0.02661455 -0.38642496
v -0.17590056 0.03252858 -0.38790169
v -0.17544644 0.02665573 -0.38674718
v -0.17131160 0.02321541 -0.38649392
v -0.16968797 0.02429330 -0.38711345
v -0.17657842 0.03306982 -0.40219259
v -0.17967208 0.03394960 -0.39883551
v -0.17906351 0.03244686 -0.39726135
v -0.17838113 0.02860391 -0.39530078
v -0.18073688 0.03447455 -0.39367273
v -0.17974599 0.03605095 -0.39057979
v -0.17846332 0.03156650 -0.38899782
v -0.17984198 0.03020817 -0.39183792
v -0.17688186 0.02621633 -0.38816601
v -0.17792507 0.02524364 -0.39037693
v -0.17699872 0.02406770 -0.39306191
v -0.17527933 0.02231616 -0.38863882
v -0.17365490 0.02240920 -0.38717139
v -0.17401583 0.02015316 -0.39026192
v -0.17624031 0.02248895 -0.38994867
v -0.17536144 0.02131218 -0.39132079
v -0.20086674 0.04375759 -0.39931121
v -0.12331320 -0.00933135 -0.44000301
v -0.12664680 -0.00528765 -0.44006878
v -0.11571238 0.00551289 -0.43231425
v -0.12263302 0.00394225 -0.43544808
v -0.10880359 0.00317132 -0.43058845
v -0.10514500 -0.00658879 -0.43321872
v -0.10521882 -0.00170404 -0.43150267
v -0.12640209 -0.00040233 -0.43867186
v -0.11706147 -0.01141888 -0.43877020
v -0.10951064 -0.01073438 -0.43608451
v -0.11286745 -0.00850749 -0.44891745
v -0.10566287 -0.00693938 -0.44570586
v -0.10171049 -0.00189021 -0.44168565
v -0.10318884 0.00241485 -0.43922120
v -0.10714652 0.00601521 -0.43745539
v -0.12004759 -0.00744021 -0.44981077
v -0.12373831 -0.00323555 -0.44877708
v -0.12366117 0.00175953 -0.44548672
v -0.11594806 -0.00523061 -0.45887542
v -0.10823578 -0.00534537 -0.46101186
v -0.09805652 0.00909463 -0.46264255
v -0.09848245 0.00713123 -0.45736784
v -0.09820011 0.00401777 -0.46026653
v -0.09710943 0.00564423 -0.46427205
v -0.09931828 0.00322533 -0.45215100
v -0.09888885 0.00216401 -0.45766160
v -0.10120284 -0.00118202 -0.46055627
v -0.10011937 -0.00006774 -0.46371406
v -0.10423296 -0.00335586 -0.46344331
v -0.10420586 -0.00257695 -0.46690461
v -0.09866899 0.00147563 -0.46757668
v -0.09624802 0.00651047 -0.46796590
v -0.09784621 0.00361004 -0.47069323
v -0.09739904 0.00935917 -0.46797714
v -0.10249605 -0.00282031 -0.45631653
v -0.10180334 0.00669841 -0.44645855
v -0.10054013 0.01007283 -0.45441523
v -0.10019940 0.01192695 -0.46180576
v -0.10114280 0.01236172 -0.46796790
v -0.10526862 0.01231749 -0.45320821
v -0.10465934 0.01364841 -0.46157184
v -0.10466897 0.01261693 -0.46703988
v -0.11103593 0.01213238 -0.45443350
v -0.10894797 0.01276830 -0.46225023
v -0.11278949 0.00959399 -0.44414958
v -0.10634074 0.00900890 -0.44402176
v -0.10762160 0.01235604 -0.46620071
v -0.09912034 0.00677064 -0.47289032
v -0.10306598 0.00906233 -0.47242787
v -0.10845876 -0.00306892 -0.46756902
v -0.10274450 -0.00097162 -0.47031754
v -0.10650764 -0.00042066 -0.47160187
v -0.11325489 -0.00174028 -0.46635297
v -0.11038476 0.00168765 -0.47138327
v -0.10347158 0.00256300 -0.47405589
v -0.10084916 0.00093949 -0.47265765
v -0.11342155 0.00760330 -0.43793190
v -0.11957500 0.00588533 -0.44133919
v -0.11863873 0.00740673 -0.44800007
v -0.11594168 0.00975129 -0.45706582
v -0.12211459 0.00287670 -0.45267260
v -0.12113000 -0.00222963 -0.45670286
v -0.11721453 0.00145194 -0.46466002
v -0.11844724 0.00574289 -0.46121940
v -0.11332268 0.00480184 -0.46986780
v -0.11398288 0.00782844 -0.46716976
v -0.11224044 0.01086625 -0.46441421
v -0.10955958 0.00755157 -0.47160774
v -0.10686532 0.00516182 -0.47354034
v -0.10647629 0.01027483 -0.47043252
v -0.11093830 0.00884998 -0.46939766
v -0.10916965 0.01074830 -0.46809635
v -0.19432782 0.03865351 -0.39559734
v -0.18900476 0.03634866 -0.39956051
v -0.18858470 0.03375718 -0.39458701
v -0.18595375 0.03270516 -0.38749370
v -0.18972148 0.03250809 -0.37778842
v -0.18091969 0.02869149 -0.39174947
v -0.18414311 0.03028557 -0.39934215
v -0.18457519 0.03372051 -0.40718403
v -0.17464761 0.02279638 -0.38880095
v -0.04242893 -0.59826201 -0.31925377
v -0.03916153 -0.59774786 -0.32146665
v -0.04129352 -0.59443772 -0.31466410
v -0.04376468 -0.59583968 -0.31331381
v -0.03409839 -0.59255862 -0.31753570
v -0.03839642 -0.59441149 -0.31607053
v -0.03450505 -0.59732902 -0.32344738
v -0.02892625 -0.59720707 -0.32353455
v -0.02097318 -0.59589976 -0.31968611
v -0.01935439 -0.59473896 -0.31891322
v -0.02008168 -0.59370482 -0.31835750
v -0.02230609 -0.59355354 -0.31829241
v -0.02603579 -0.59272414 -0.31839851
v -0.04648038 -0.59917855 -0.31252721
v -0.04583162 -0.59919262 -0.31434670
v -0.04436780 -0.59880960 -0.31669030
v -0.02993262 -0.59234190 -0.31813881
v -0.04541966 -0.59732401 -0.31204936
v -0.04632340 -0.59853125 -0.31173176
v -0.02419323 -0.59689867 -0.32179752
v -0.03419670 -0.59429669 -0.31887951
v -0.03826527 -0.59486854 -0.31761077
v -0.03448583 -0.59595108 -0.32096878
v -0.02977048 -0.59559810 -0.32152745
v -0.02393452 -0.59418625 -0.31926832
v -0.02647310 -0.59394741 -0.31965455
v -0.04133479 -0.59582686 -0.31598130
v -0.03012947 -0.59397185 -0.31956705
v -0.03873187 -0.59652817 -0.31936312
v -0.02578604 -0.59542811 -0.32088569
v -0.02341834 -0.59513688 -0.31976596
v -0.04577709 -0.59867173 -0.31297603
v -0.04574600 -0.59840775 -0.31267053
v -0.00639923 -0.43306154 -0.19386791
v -0.00689185 -0.41179752 -0.20065349
v -0.04168048 -0.59714234 -0.31742272
v -0.04494653 -0.59773767 -0.31338811
v -0.04349213 -0.59684867 -0.31449971
v -0.04373196 -0.59789807 -0.31557384
v -0.04507263 -0.59840685 -0.31403050
v -0.15648122 -0.31445396 -0.17343180
v -0.17258921 -0.31948626 -0.18325633
v -0.23465951 -0.33067149 -0.16672391
v -0.24894972 -0.33372784 -0.14504467
v -0.07186206 -0.09997892 -0.21560408
v -0.14286155 -0.24211478 0.05427570
v -0.14365706 -0.26107883 0.05616972
v -0.05392662 -0.26914173 0.09359688
v -0.07832602 -0.26431191 0.09118606
v -0.17549857 -0.18058753 -0.09288691
v -0.17177007 -0.20098901 -0.09238747
v -0.12374667 -0.14549702 -0.17168622
v -0.12196174 -0.17056879 -0.17212026
v -0.16601066 -0.14635679 -0.12093017
v -0.11472545 -0.21300828 0.08786529
v -0.13907181 -0.21000248 0.07663375
v -0.12900108 -0.23062274 0.07207954
v -0.10688116 -0.23539880 0.08474976
v -0.02976236 -0.27140033 0.08911826
v -0.03196939 -0.24373925 0.08764224
v -0.17916377 -0.23163462 -0.06005124
v -0.18226394 -0.24245396 -0.02672693
v -0.16417754 -0.26735282 0.03297639
v -0.14636700 -0.28036988 0.05609850
v -0.12453324 -0.29369694 0.07135099
v -0.10006443 -0.30616784 0.08113524
v -0.10130037 -0.18772134 -0.19752251
v -0.07806459 -0.20872402 -0.21591873
v -0.16947341 -0.22165349 -0.09302646
v -0.01520782 -0.17169380 -0.23675890
v -0.07483704 -0.34650844 0.08513947
v -0.04910478 -0.35315180 0.08895877
v -0.17670400 -0.25460690 0.00456446
v -0.02304828 -0.35833389 -0.21102250
v -0.04236539 -0.36065513 -0.21191078
v -0.04237556 -0.34303367 -0.21610950
v -0.02356865 -0.34081054 -0.21411900
v -0.06064714 -0.34479678 -0.21460599
v -0.07749145 -0.34635627 -0.21024665
v -0.09255447 -0.34743512 -0.20426275
v -0.12885444 -0.34675592 -0.18616636
v -0.11773357 -0.34760630 -0.19207284
v -0.15086992 -0.34181696 -0.17138636
v -0.13974333 -0.34475315 -0.17988288
v -0.16313595 -0.33651215 -0.15865131
v -0.17395248 -0.33139277 -0.14067383
v -0.18465254 -0.33879638 -0.11950871
v -0.18239121 -0.32773751 -0.11826389
v -0.17100434 -0.32028240 -0.14194831
v -0.16046999 -0.32532740 -0.15894844
v -0.14908557 -0.32971120 -0.17133591
v -0.01040223 -0.28213954 -0.21517670
v -0.00609992 -0.30305290 -0.21266653
v -0.00569017 -0.45306051 -0.18857516
v -0.22270496 -0.10671902 -0.17193803
v -0.17269804 -0.09104675 -0.31508750
v -0.01986647 -0.56062013 -0.02518937
v -0.04431389 -0.56249785 -0.02927038
v -0.11990149 -0.55548459 -0.05969691
v -0.13669862 -0.55053955 -0.08465278
v -0.09627147 -0.55657351 -0.04082999
v -0.07117474 -0.55635184 -0.02770690
v -0.15310100 -0.23278460 -0.12712112
v -0.04669149 -0.53515756 0.00061928
v -0.07361086 -0.54815924 -0.01747816
v -0.10205639 -0.54855800 -0.03002001
v -0.13039292 -0.54652297 -0.04917850
v -0.15488209 -0.54054904 -0.07743403
v -0.17198874 -0.52925330 -0.08770064
v -0.19478320 -0.50068235 -0.08081988
v -0.20433499 -0.49054801 -0.08951476
v -0.21382299 -0.47838587 -0.09811246
v -0.21163626 -0.48366880 -0.11930867
v -0.20312810 -0.49811721 -0.11132818
v -0.25123271 -0.37013823 -0.12971978
v -0.25215337 -0.35145140 -0.12600598
v -0.25175023 -0.33807248 -0.11478284
v -0.24936767 -0.32890415 -0.10066773
v -0.24475914 -0.32503116 -0.08597627
v -0.23694412 -0.32639927 -0.07290447
v -0.22673656 -0.33611029 -0.06176696
v -0.20659524 -0.37110031 -0.04262100
v -0.20285015 -0.38366908 -0.03536198
v -0.19186702 -0.39530694 -0.00368098
v -0.18622220 -0.39538574 0.00426266
v -0.16214971 -0.38312215 0.02794218
v -0.14971413 -0.37065881 0.03925418
v -0.13975066 -0.35451049 0.05192176
v -0.13606317 -0.09543681 0.10931177
v -0.15781766 -0.09552222 0.09374452
v -0.15762986 -0.11814681 0.09061018
v -0.13442987 -0.11654943 0.10516305
v -0.07295302 -0.16237658 0.10355467
v -0.04319216 -0.16051209 0.10037652
v -0.20467274 -0.10311845 0.01920289
v -0.20607589 -0.09163702 -0.01198709
v -0.17858678 -0.11635536 0.07122043
v -0.19454542 -0.11099041 0.04764130
v -0.19556192 -0.07752228 -0.04457932
v -0.10966212 -0.02023837 -0.13622160
v -0.08320023 -0.00822768 -0.15519878
v -0.02715970 0.00743201 -0.17587589
v -0.00063878 0.00975358 -0.17673066
v -0.17788398 -0.06324255 -0.07193092
v -0.05532715 0.00237554 -0.16877630
v -0.15772222 -0.04816303 -0.09421368
v -0.13405247 -0.03411451 -0.11473323
v -0.10132407 -0.16428670 0.10393883
v -0.10671178 -0.13957900 0.11154175
v -0.13219763 -0.14019039 0.10282701
v -0.03998053 -0.43722463 0.06146300
v -0.06365949 -0.43829268 0.06082856
v -0.08723603 -0.44057310 0.05494924
v -0.11011189 -0.46384811 0.03940326
v -0.10972633 -0.44438493 0.04744939
v -0.13033715 -0.44545794 0.03533189
v -0.13107657 -0.46232414 0.02734296
v -0.16775018 -0.45295441 0.00164413
v -0.16487323 -0.44102371 0.00825102
v -0.17881183 -0.43726051 -0.00103479
v -0.18199238 -0.44726253 -0.00824870
v -0.19102502 -0.43141472 -0.01104263
v -0.20141946 -0.42366588 -0.02187999
v -0.21004450 -0.41435021 -0.03339242
v -0.21871050 -0.40248388 -0.04260158
v -0.22747643 -0.42069840 -0.05852415
v -0.21788244 -0.43337011 -0.04821791
v -0.17226578 -0.46436453 -0.00840949
v -0.15354638 -0.47180367 0.00410265
v -0.03947190 -0.47641891 0.03968387
v -0.01684913 -0.47293019 0.03802852
v -0.18928510 -0.32975346 -0.09218140
v -0.19394745 -0.33519411 -0.06326593
v -0.19470327 -0.34365714 -0.03732014
v -0.19159590 -0.35369456 -0.01642202
v -0.18680324 -0.36565918 -0.00059933
v -0.18003640 -0.37748617 0.01121762
v -0.17973366 -0.39380801 0.01163623
v -0.17199799 -0.38962078 0.01917488
v -0.17358476 -0.40513253 0.01552986
v -0.16368738 -0.40258086 0.02350101
v -0.15638335 -0.41557479 0.02548202
v -0.15058830 -0.42938870 0.02507976
v -0.14859976 -0.44398612 0.02075626
v -0.14988007 -0.45823795 0.01412173
v -0.13397516 -0.47775221 0.01655372
v -0.11298276 -0.48155630 0.02814667
v -0.09223481 -0.49916893 0.02344600
v -0.09663136 -0.51390207 0.01080661
v -0.08913589 -0.48213387 0.03503276
v -0.08678810 -0.46248502 0.04572471
v -0.08835618 -0.57090199 -0.08586235
v -0.06704104 -0.57532585 -0.06826067
v -0.23456968 -0.35081095 -0.06683275
v -0.22958888 -0.35044760 -0.06129781
v -0.22901143 -0.34419352 -0.06181664
v -0.23623849 -0.34040475 -0.07045586
v -0.24311934 -0.34007090 -0.08104467
v -0.24580437 -0.35785538 -0.08445586
v -0.24084727 -0.35222512 -0.07523274
v -0.24793373 -0.34468484 -0.09219718
v -0.25100020 -0.35287917 -0.10304107
v -0.24926747 -0.36546522 -0.09366147
v -0.25251946 -0.36374295 -0.11161225
v -0.25114626 -0.37400174 -0.10157657
v -0.25233147 -0.37697834 -0.11566472
v -0.25141293 -0.38118750 -0.10663806
v -0.24020000 -0.42058134 -0.08944173
v -0.24575634 -0.40638596 -0.09626870
v -0.24967600 -0.39200771 -0.10233063
v -0.22616917 -0.38924074 -0.05103667
v -0.23267113 -0.37673557 -0.06013322
v -0.23795089 -0.36402690 -0.06846574
v -0.24312194 -0.37061894 -0.07632643
v -0.23819983 -0.38372797 -0.06747800
v -0.23187716 -0.39684492 -0.05794143
v -0.03862913 -0.45828152 0.05008836
v -0.06151881 -0.46058750 0.04918294
v -0.19423445 -0.44079155 -0.01857656
v -0.20380095 -0.43400979 -0.02837054
v -0.21343492 -0.42420685 -0.03862310
v -0.22374207 -0.41105127 -0.04894125
v -0.20848869 -0.44232935 -0.03831146
v -0.19781624 -0.45064586 -0.02856877
v -0.18574911 -0.45785928 -0.01839839
v -0.06371857 -0.47958654 0.03766771
v -0.01785158 -0.45547044 0.04816717
v -0.16050707 -0.43118948 -0.18052319
v -0.17520431 -0.45305759 -0.17663553
v -0.19248311 -0.47021675 -0.16480882
v -0.20566170 -0.48137987 -0.14424124
v -0.18941842 -0.17718047 -0.11239828
v -0.03494486 -0.21779242 0.08763053
v -0.03857321 -0.18994719 0.09137052
v -0.06679844 -0.18915182 0.09422927
v -0.02434068 -0.35721004 0.08472833
v -0.01972086 -0.43475682 0.05896750
v -0.10694874 -0.31896830 -0.20768891
v -0.09416685 -0.31869459 -0.21384256
v -0.09305336 -0.33240265 -0.20905264
v -0.10581829 -0.33284616 -0.20229036
v -0.12793498 -0.32047510 -0.19203383
v -0.11801594 -0.31992453 -0.20007938
v -0.11734670 -0.33335912 -0.19502917
v -0.12806024 -0.33337128 -0.18798836
v -0.13750160 -0.31977963 -0.18383673
v -0.13834088 -0.33246928 -0.18058154
v -0.11947493 -0.30664414 -0.20557740
v -0.10845077 -0.30563903 -0.21276200
v -0.09543487 -0.30574417 -0.21783760
v -0.13737859 -0.30758041 -0.18849450
v -0.12895371 -0.30764943 -0.19688720
v -0.00610093 -0.49860370 -0.23515159
v -0.00745648 -0.49613988 -0.25143576
v -0.00332328 -0.52227890 -0.29203007
v -0.00304455 -0.52703047 -0.29354504
v -0.00305805 -0.47889280 -0.18471773
v -0.00220195 -0.48657018 -0.18359949
v -0.00484245 -0.32143247 -0.20961602
v -0.00486345 -0.35536158 -0.20763901
v -0.00604598 -0.37287879 -0.20667246
v -0.00680616 -0.39162475 -0.20419995
v -0.00494608 -0.46801490 -0.18663132
v -0.00454189 -0.33793098 -0.20838279
v -0.19260824 0.09224334 0.07313113
v -0.17354849 0.10717922 0.09849420
v -0.18162616 0.07648972 0.09457909
v -0.16722003 0.08720288 0.11242814
v -0.19782108 0.00633270 0.06477588
v -0.19627666 0.03403845 0.07246004
v -0.19938658 -0.02271551 0.05901745
v -0.14743152 0.09233019 0.13058849
v -0.12193028 0.09404120 0.14501335
v -0.12159758 0.06903729 0.15312134
v -0.18476048 -0.02596617 0.08806230
v -0.18392217 0.00077790 0.09309852
v -0.17468861 0.06557468 0.10702166
v -0.19009171 0.05739596 0.08228187
v -0.17853943 0.05027035 0.10386631
v -0.14549761 0.06930181 0.13761708
v -0.16337818 0.06864068 0.12074569
v -0.08555917 -0.09626374 0.12961359
v -0.05808078 -0.07815495 0.14662136
v -0.08962721 -0.07644257 0.14000288
v -0.17687349 -0.09581414 0.07348056
v -0.15981308 -0.07628748 0.09938912
v -0.16427311 0.04843011 0.12329236
v -0.14524361 0.04594204 0.14140481
v -0.12085734 0.04389828 0.15717696
v -0.12022977 -0.03147554 0.14748368
v -0.11984822 -0.00773910 0.15397996
v -0.14456724 -0.00465536 0.13790622
v -0.14463538 -0.02974871 0.13162763
v -0.16263632 -0.05344051 0.10565415
v -0.16570795 -0.02801895 0.11207236
v -0.11872418 -0.05417892 0.13852893
v -0.14194167 -0.05390376 0.12364006
v -0.13836318 -0.07663888 0.11606446
v -0.16644320 -0.00107646 0.11753458
v -0.09007350 0.01625106 0.16976881
v -0.11980828 0.01718891 0.15810762
v -0.05806271 0.01443866 0.17496747
v -0.11524498 -0.07575735 0.12982811
v -0.11227085 -0.09550598 0.12103494
v -0.10921498 -0.11628178 0.11471468
v -0.09446082 -0.18968514 0.09564994
v -0.13173887 0.34743470 -0.09475990
v -0.00125105 0.17728934 -0.00494212
v -0.00454197 0.16887000 0.02799661
v -0.19394046 0.07672226 -0.06308365
v -0.20897870 0.08260199 0.02085851
v -0.20181689 0.06844312 0.05540565
v -0.01738757 0.17888770 -0.09540986
v -0.00540597 0.18421108 -0.06374435
v -0.17140113 0.09065881 -0.09161130
v -0.10971554 0.13557348 -0.12417090
v -0.00094977 0.18254650 -0.03360912
v -0.18217659 0.02728596 0.09857014
v -0.16554534 0.02467662 0.12171261
v -0.14533095 0.02116823 0.14142224
v -0.09103006 0.04143885 0.16938250
v -0.05783579 0.03877252 0.17463189
v -0.00799375 0.14845881 -0.12386706
v -0.00072979 0.13692075 -0.12800893
v 0.00991467 0.14208746 -0.12654351
v 0.00648025 0.15975666 -0.11889930
v -0.10558437 -0.00158373 -0.12933119
v -0.07697567 0.00904691 -0.14507474
v -0.02255519 0.02323386 -0.15992171
v 0.00137719 0.02601182 -0.16096382
v -0.17810255 -0.04370821 -0.06762114
v -0.04897397 0.01768860 -0.15513347
v -0.15846407 -0.02841094 -0.08989999
v -0.13257320 -0.01419240 -0.11038989
v -0.10015728 0.79175615 0.11672437
v -0.10035859 0.82074630 0.11980271
v -0.10276189 0.81675750 0.13592097
v -0.10046011 0.78663242 0.13274217
v -0.12714756 0.77725095 0.16150087
v -0.11169424 0.78018534 0.15424168
v -0.14410076 0.77685881 0.16185316
v -0.14122020 0.80829608 0.16887495
v -0.15326676 0.81069690 0.16049901
v -0.15801206 0.77962875 0.15477464
v -0.16583057 0.78309143 0.14253208
v -0.16483372 0.81655657 0.13514286
v -0.16559799 0.82024103 0.11514363
v -0.17028414 0.79231060 0.10775387
v -0.17022918 0.78694797 0.12795860
v -0.16189693 0.80014277 0.08800891
v -0.15783438 0.82611787 0.09637493
v -0.14424480 0.80400205 0.07864812
v -0.10529142 0.79763585 0.10019144
v -0.10411494 0.82508928 0.10232130
v -0.12442989 0.80800253 0.16876562
v -0.11038820 0.81109709 0.15851015
v -0.10302171 0.78355908 0.14402649
v -0.10502056 0.81406021 0.14666301
v -0.10160366 0.84630573 0.13750795
v -0.09595474 0.84852219 0.12099491
v -0.12026653 0.83784729 0.17466581
v -0.11035626 0.84082574 0.16150305
v -0.14858466 0.84018314 0.16694184
v -0.13665158 0.83782047 0.17671473
v -0.16448966 0.84576648 0.14301221
v -0.15982364 0.81361312 0.14869909
v -0.15685630 0.84314311 0.15553577
v -0.16579866 0.84739488 0.12230478
v -0.15759251 0.85153633 0.10059519
v -0.09968873 0.85095042 0.10103710
v -0.10616162 0.84346449 0.14938000
v -0.15822466 0.96644360 -0.05455607
v -0.15067558 0.96670836 -0.05687981
v -0.15223691 0.96105057 -0.05572104
v -0.15706727 0.96161550 -0.05418915
v -0.11676460 0.96296835 -0.06871403
v -0.10326750 0.96573597 -0.06729603
v -0.10630079 0.95280433 -0.07012192
v -0.11546802 0.95186061 -0.07113677
v -0.13540787 0.96574861 -0.06731049
v -0.14381610 0.96623725 -0.06584593
v -0.14114556 0.97003824 -0.06226503
v -0.13585143 0.96949464 -0.06327057
v -0.17981884 0.96619475 -0.01868742
v -0.18535890 0.96688598 -0.01507442
v -0.18371743 0.97070098 -0.01349289
v -0.17961131 0.97086608 -0.01550331
v -0.16667144 0.96780425 -0.04020609
v -0.17258944 0.96902293 -0.03631526
v -0.17050286 0.97219497 -0.03454607
v -0.16670328 0.97267580 -0.03661032
v -0.11808886 0.94656801 -0.04679653
v -0.11851353 0.94822413 -0.06230405
v -0.10359713 0.94916773 -0.06084420
v -0.10191961 0.94400030 -0.04535203
v -0.09606039 0.95932937 -0.05612934
v -0.10441365 0.96618742 -0.05228654
v -0.10256355 0.96586400 -0.03657188
v -0.09466628 0.95621461 -0.03900348
v -0.11779995 0.96767014 -0.05358496
v -0.11716204 0.96744186 -0.03913816
v -0.12577325 0.95926672 -0.04351252
v -0.12792189 0.95942622 -0.05977202
v -0.14551626 0.96030605 -0.04413988
v -0.14861612 0.96393311 -0.05691763
v -0.14325650 0.95690024 -0.05915714
v -0.14111207 0.95163387 -0.04595319
v -0.13448708 0.95645362 -0.06108652
v -0.12863640 0.95094860 -0.04850134
v -0.12477466 0.96181446 -0.04618502
v -0.12742025 0.96308762 -0.06126544
v -0.13217066 0.96911293 -0.05601573
v -0.12932585 0.96805531 -0.04159697
v -0.13891795 0.96844858 -0.04094812
v -0.14183275 0.97019356 -0.05415606
v -0.15875715 0.95355785 -0.03628331
v -0.15807648 0.95924687 -0.04797865
v -0.15010908 0.95867836 -0.04980981
v -0.14756520 0.95325392 -0.03980157
v -0.14494692 0.96668369 -0.05001399
v -0.15050112 0.97114408 -0.04697113
v -0.14800534 0.96960604 -0.03572860
v -0.14323476 0.96418399 -0.03948987
v -0.15809745 0.96967590 -0.03342785
v -0.15817213 0.97204691 -0.04525836
v -0.16344330 0.96140760 -0.03596757
v -0.16307382 0.96573412 -0.04656067
v -0.17869568 0.96325797 -0.01875225
v -0.17638278 0.96773010 -0.02888634
v -0.17377886 0.96166611 -0.03085106
v -0.17575027 0.95563531 -0.02025583
v -0.16766171 0.96025002 -0.03352986
v -0.16719769 0.95542139 -0.02539589
v -0.16293159 0.96496135 -0.03453983
v -0.16486923 0.97282112 -0.03093409
v -0.16499637 0.97069871 -0.02235410
v -0.16322426 0.96199918 -0.02775928
v -0.17181724 0.97361124 -0.02817739
v -0.17340496 0.97095877 -0.01778664
v -0.18844661 0.95632845 -0.00079481
v -0.18951724 0.96361983 0.00256556
v -0.18867961 0.96606445 -0.00767772
v -0.18699150 0.96009320 -0.00943478
v -0.18163948 0.95892853 -0.01293588
v -0.18213308 0.95525533 -0.00676550
v -0.17729491 0.96384776 -0.01340928
v -0.17774796 0.97113508 -0.01023874
v -0.17825393 0.96989417 -0.00393284
v -0.17899507 0.96170974 -0.00837718
v -0.18459757 0.97153556 -0.00762165
v -0.18480755 0.96951568 0.00108408
v -0.10201132 0.93997562 -0.02938598
v -0.12142805 0.94598478 -0.03170158
v -0.10678535 0.96638376 -0.06248585
v -0.09465977 0.95415038 -0.02255386
v -0.11421560 0.96720058 -0.06281721
v -0.12074623 0.96705794 -0.02529705
v -0.10307202 0.96501583 -0.01991142
v -0.12373685 0.95909977 -0.03664576
v -0.14265445 0.96049601 -0.06565659
v -0.14255300 0.96119159 -0.03374126
v -0.14134313 0.96850246 -0.02280381
v -0.13773564 0.96046364 -0.06660312
v -0.14146900 0.94785285 -0.02838532
v -0.16029710 0.95081472 -0.01683280
v -0.15225030 0.97130585 -0.05347382
v -0.15629782 0.97174978 -0.05233457
v -0.16078895 0.97011703 -0.01412935
v -0.16387187 0.96028829 -0.02571791
v -0.17214675 0.96461135 -0.03649400
v -0.17978898 0.96076620 -0.00877431
v -0.17573801 0.97026360 -0.00087085
v -0.16875298 0.96344233 -0.03812983
v -0.17760634 0.95100439 -0.00321078
v -0.18451604 0.96297246 -0.01426627
v -0.19080022 0.96102548 0.01464134
v -0.18537948 0.96918601 0.01200761
v -0.18171479 0.96203899 -0.01647963
v -0.18876018 0.95207912 0.00985242
v -0.11452133 0.80256623 0.08711720
v -0.11393808 0.82872361 0.08843984
v -0.12804849 0.80488759 0.07976416
v -0.14222461 0.82971984 0.08549815
v -0.12802950 0.83027291 0.08346270
v -0.11149939 0.85365057 0.08452041
v -0.14226140 0.85414481 0.08677638
v -0.12825978 0.85486370 0.08135191
v -0.16543746 0.86752403 0.15152211
v -0.16705097 0.87041897 0.13023825
v -0.15430461 0.86560833 0.16279809
v -0.13204344 0.86012578 0.18467158
v -0.14348592 0.86325240 0.17388868
v -0.11091585 0.87462938 0.07684574
v -0.09915931 0.87399161 0.09740962
v -0.12781005 0.87492692 0.07090352
v -0.14516842 0.87506521 0.07889099
v -0.09676147 0.93325943 -0.01120374
v -0.09639278 0.93000031 0.01199980
v -0.11325184 0.92013067 0.00732736
v -0.11746671 0.93273073 -0.01258294
v -0.13429247 0.92281622 0.01269374
v -0.13675101 0.93781227 -0.00674405
v -0.15330534 0.92679983 0.02184365
v -0.15579198 0.94036418 0.00302668
v -0.16960204 0.93153715 0.03258637
v -0.17293517 0.94303203 0.01446230
v -0.18287277 0.93932956 0.04344321
v -0.18693878 0.94664097 0.02453339
v -0.19097039 0.95080793 0.05054392
v -0.19347124 0.95728153 0.03030673
v -0.09006893 0.95153433 -0.00358300
v -0.09057938 0.94672030 0.01899723
v -0.10074192 0.96514028 0.00057387
v -0.10035124 0.96306527 0.02345740
v -0.11924481 0.96745372 0.00197116
v -0.11812779 0.96543944 0.02584952
v -0.18405400 0.96478558 0.04994546
v -0.18581855 0.96933979 0.02874802
v -0.13903840 0.96887910 0.00722201
v -0.13752133 0.96559864 0.03091009
v -0.15724635 0.97103280 0.01472082
v -0.15529558 0.96727532 0.03786469
v -0.17273469 0.97166896 0.02257476
v -0.17074347 0.96799207 0.04481530
v -0.10953613 0.90920299 0.03151816
v -0.13163458 0.90510648 0.03228020
v -0.15058614 0.90968090 0.04241754
v -0.16576242 0.91755420 0.05517830
v -0.17752999 0.92972267 0.06753352
v -0.18707244 0.94223320 0.07468310
v -0.16617931 0.90011317 0.08344989
v -0.17276350 0.92250323 0.09528616
v -0.17958620 0.93675947 0.10015817
v -0.16899681 0.91675669 0.12355810
v -0.17309193 0.93170917 0.12616062
v -0.16066648 0.90960914 0.16942957
v -0.16508467 0.92604977 0.17381014
v -0.16904162 0.92691141 0.15214542
v -0.16441895 0.91202265 0.14929429
v -0.16575284 0.89567965 0.11460412
v -0.16329272 0.89091051 0.14096591
v -0.15827847 0.88805252 0.16018997
v -0.14746176 0.92217249 0.19928007
v -0.15884350 0.92465657 0.18864860
v -0.15586765 0.90752310 0.18383385
v -0.14723636 0.90427899 0.19621986
v -0.12924248 0.90255535 0.20412436
v -0.12888817 0.92168248 0.20393546
v -0.11032746 0.90489602 0.19324009
v -0.11007805 0.92313230 0.19536045
v -0.14439924 0.88315934 0.18470044
v -0.15151708 0.88623780 0.17313389
v -0.13084665 0.88064080 0.19385219
v -0.11336421 0.88217336 0.18524006
v -0.10900174 0.88574100 0.16696222
v -0.10463290 0.90833956 0.17279279
v -0.10139025 0.92550552 0.17633472
v -0.09661198 0.92486060 0.03857598
v -0.09519678 0.93888968 0.04450991
v -0.14929573 0.89155877 0.06185438
v -0.12860107 0.88901848 0.05248373
v -0.10697729 0.89538026 0.06172011
v -0.09525939 0.91817218 0.06751236
v -0.09862583 0.93375462 0.07326858
v -0.10046034 0.93059909 0.10007343
v -0.09436650 0.91644078 0.09610188
v -0.10316028 0.95161939 0.04927491
v -0.10764251 0.94224149 0.07697222
v -0.10867939 0.93834031 0.10341108
v -0.09942866 0.92893463 0.12389615
v -0.09552691 0.91441041 0.12056398
v -0.09984904 0.92749029 0.14299870
v -0.09910408 0.91147852 0.13991973
v -0.10203204 0.90967071 0.15561306
v -0.10018683 0.92643499 0.15890017
v -0.10029980 0.89007628 0.13812654
v -0.10436324 0.88767308 0.15180725
v -0.09712381 0.89375991 0.11864707
v -0.09722821 0.89546525 0.09333983
v -0.18090279 0.95681608 0.07486849
v -0.17594486 0.94950193 0.10051273
v -0.17010100 0.94280386 0.12623848
v -0.16518417 0.93971753 0.15211447
v -0.15873565 0.93854445 0.17222866
v -0.15228273 0.93694842 0.18481223
v -0.12759003 0.93290347 0.19649832
v -0.14260201 0.93463391 0.19385606
v -0.11417663 0.93393278 0.19063620
v -0.10800741 0.93695557 0.17583010
v -0.10574395 0.93907744 0.16099970
v -0.10693411 0.93864977 0.12728053
v -0.10574947 0.93970001 0.14589036
v -0.09462058 0.87229425 0.12011750
v -0.09862071 0.86926454 0.13884293
v -0.10435966 0.86677033 0.15096092
v -0.11546507 0.86105907 0.17865016
v -0.10973811 0.86432838 0.16303918
v -0.11818372 0.95735359 0.05281472
v -0.13648680 0.95805520 0.05767750
v -0.15356055 0.95982385 0.06431004
v -0.16821109 0.96054775 0.07058559
v -0.16521938 0.95344359 0.09725669
v -0.15161009 0.95306695 0.09255546
v -0.13523236 0.95179331 0.08682309
v -0.11942442 0.94796884 0.08101712
v -0.16014682 0.94803476 0.12315245
v -0.14790311 0.94867146 0.11870237
v -0.13307938 0.94784296 0.11430834
v -0.11915149 0.94489342 0.10803699
v -0.11635980 0.94500214 0.13191202
v -0.12878269 0.94651067 0.13839307
v -0.14214809 0.94654346 0.14236175
v -0.15409273 0.94495577 0.14772603
v -0.14856233 0.94269818 0.16647866
v -0.13756450 0.94402355 0.16045764
v -0.12572737 0.94462508 0.15620823
v -0.11523674 0.94399226 0.15053532
v -0.14355452 0.94087636 0.17744349
v -0.12852104 0.93810266 0.18876496
v -0.13751031 0.93927264 0.18509431
v -0.11963811 0.93890226 0.18559662
v -0.11634825 0.94078362 0.17502922
v -0.11526256 0.94263357 0.16340730
v -0.12450651 0.94271225 0.16684775
v -0.12413410 0.94114906 0.17535633
v -0.13532844 0.94217616 0.17119771
v -0.13217692 0.94045401 0.17853233
v -0.12425240 0.93979496 0.18157768
v -0.12849873 0.93951201 0.18308350
v -0.15807676 0.87628663 0.10081150
v -0.11649436 0.52779794 -0.03673856
v -0.09969344 0.52345783 -0.02966103
v -0.13476619 0.52536672 -0.03962351
v -0.14268157 0.10156894 -0.11188094
v -0.10015622 -0.11092696 -0.19494094
v -0.10185729 -0.16122586 -0.19734225
v -0.10115726 -0.13525277 -0.19704622
v -0.14490022 0.12591916 -0.11227895
v -0.15502515 -0.21159601 -0.12297897
v -0.10562339 -0.34790266 -0.19810759
v -0.07773280 -0.64356172 -0.24107167
v -0.07539294 -0.64144075 -0.23808943
v -0.07424758 -0.64048392 -0.23430131
v -0.07373495 -0.64018726 -0.23038824
v -0.07294709 -0.64083493 -0.22672889
v -0.07072563 -0.64315563 -0.22420719
v -0.07569888 -0.64334822 -0.23311573
v -0.07257617 -0.64709151 -0.23309621
v -0.07295132 -0.64753401 -0.23553048
v -0.07610282 -0.64404821 -0.23609655
f 2 3 1
f 1 3 4
f 3 2 5
f 5 2 6
f 3 7 4
f 4 7 8
f 10 11 9
f 9 11 12
f 14 15 13
f 13 15 16
f 18 19 17
f 17 19 20
f 22 23 21
f 21 23 24
f 26 18 25
f 25 18 17
f 27 28 17
f 17 28 25
f 30 31 29
f 29 31 32
f 34 35 33
f 33 35 36
f 21 24 37
f 37 24 38
f 40 31 39
f 39 31 38
f 34 33 28
f 28 33 25
f 41 42 44
f 44 42 43
f 36 45 33
f 33 45 25
f 46 47 49
f 49 47 48
f 51 52 50
f 50 52 53
f 55 53 54
f 54 53 52
f 57 58 56
f 56 58 59
f 61 62 60
f 60 62 63
f 65 66 64
f 64 66 67
f 69 70 68
f 68 70 71
f 65 73 72
f 72 73 74
f 64 75 65
f 65 75 73
f 77 78 76
f 76 78 79
f 80 81 83
f 83 81 82
f 81 85 84
f 84 85 86
f 88 89 87
f 87 89 69
f 88 87 90
f 90 87 91
f 93 94 92
f 92 94 95
f 96 84 43
f 43 84 44
f 51 98 97
f 97 98 86
f 97 99 51
f 51 99 52
f 54 52 100
f 100 52 99
f 58 101 59
f 59 101 102
f 62 103 63
f 63 103 104
f 105 106 6
f 6 106 5
f 108 109 107
f 107 109 110
f 112 113 111
f 111 113 114
f 116 117 115
f 115 117 118
f 120 121 119
f 119 121 122
f 124 125 123
f 123 125 126
f 128 129 127
f 127 129 130
f 130 131 127
f 127 131 132
f 134 1 133
f 133 1 135
f 1 4 135
f 135 4 136
f 4 8 136
f 136 8 137
f 138 139 15
f 15 139 140
f 140 139 141
f 141 139 142
f 144 57 143
f 143 57 56
f 145 146 141
f 141 146 147
f 146 149 148
f 148 149 150
f 152 153 151
f 151 153 154
f 141 147 140
f 140 147 155
f 157 11 156
f 156 11 158
f 160 161 159
f 159 161 162
f 164 165 163
f 163 165 166
f 165 160 166
f 166 160 159
f 168 169 167
f 167 169 170
f 169 171 170
f 170 171 172
f 149 173 150
f 150 173 174
f 175 176 149
f 149 176 173
f 178 172 177
f 177 172 171
f 180 181 179
f 179 181 182
f 184 180 183
f 183 180 179
f 186 187 185
f 185 187 188
f 190 191 189
f 189 191 192
f 7 193 8
f 8 193 194
f 196 162 195
f 195 162 161
f 197 168 198
f 198 168 167
f 181 199 182
f 182 199 200
f 202 203 201
f 201 203 204
f 187 186 205
f 205 186 206
f 208 209 207
f 207 209 210
f 212 213 211
f 211 213 214
f 215 216 218
f 218 216 217
f 220 209 219
f 219 209 208
f 204 186 221
f 221 186 185
f 201 204 222
f 222 204 221
f 223 211 220
f 220 211 209
f 224 225 214
f 214 225 210
f 203 206 204
f 204 206 186
f 227 187 226
f 226 187 205
f 27 228 21
f 21 228 22
f 230 231 229
f 229 231 232
f 234 235 233
f 233 235 236
f 238 239 237
f 237 239 240
f 119 122 118
f 118 122 115
f 112 242 241
f 241 242 243
f 98 51 244
f 244 51 50
f 245 138 14
f 14 138 15
f 11 10 158
f 158 10 246
f 89 85 69
f 69 85 70
f 11 157 12
f 12 157 247
f 249 164 248
f 248 164 163
f 177 250 178
f 178 250 251
f 253 254 252
f 252 254 255
f 187 227 188
f 188 227 256
f 212 257 213
f 213 257 258
f 260 134 259
f 259 134 133
f 165 164 135
f 135 164 133
f 160 165 136
f 136 165 135
f 136 137 160
f 160 137 161
f 137 261 161
f 161 261 195
f 263 264 262
f 262 264 265
f 13 16 266
f 266 16 267
f 268 267 155
f 155 267 16
f 147 269 155
f 155 269 268
f 162 196 167
f 167 196 198
f 167 170 162
f 162 170 159
f 170 172 159
f 159 172 166
f 172 178 166
f 166 178 163
f 178 251 163
f 163 251 248
f 168 270 169
f 169 270 271
f 272 273 171
f 171 273 177
f 271 272 169
f 169 272 171
f 168 197 270
f 270 197 274
f 250 177 275
f 275 177 273
f 277 45 276
f 276 45 278
f 280 281 279
f 279 281 282
f 284 104 283
f 283 104 103
f 285 215 286
f 286 215 218
f 288 289 287
f 287 289 290
f 291 80 66
f 66 80 83
f 293 294 292
f 292 294 295
f 73 91 74
f 74 91 87
f 91 73 92
f 92 73 75
f 279 77 280
f 280 77 76
f 80 291 70
f 70 291 71
f 277 47 96
f 96 47 82
f 297 175 296
f 296 175 149
f 299 154 298
f 298 154 153
f 225 300 210
f 210 300 207
f 224 301 206
f 206 301 205
f 210 209 214
f 214 209 211
f 226 205 302
f 302 205 301
f 304 305 303
f 303 305 306
f 308 309 307
f 307 309 310
f 72 291 65
f 65 291 66
f 66 83 67
f 67 83 46
f 312 313 311
f 311 313 314
f 316 317 315
f 315 317 36
f 29 318 35
f 35 318 319
f 321 32 320
f 320 32 322
f 311 314 323
f 323 314 324
f 315 325 316
f 316 325 326
f 318 287 319
f 319 287 290
f 328 321 327
f 327 321 320
f 329 330 39
f 39 330 331
f 332 333 40
f 40 333 322
f 309 334 285
f 285 334 335
f 236 2 134
f 134 2 1
f 260 336 233
f 233 336 337
f 237 14 265
f 265 14 13
f 84 86 44
f 44 86 98
f 189 192 7
f 7 192 193
f 44 98 41
f 41 98 244
f 237 240 14
f 14 240 245
f 7 3 189
f 189 3 5
f 338 71 72
f 72 71 291
f 262 265 266
f 266 265 13
f 124 123 339
f 339 123 105
f 123 109 105
f 105 109 106
f 189 5 190
f 190 5 106
f 111 114 12
f 12 114 9
f 264 340 265
f 265 340 237
f 342 343 341
f 341 343 344
f 6 235 105
f 105 235 339
f 234 346 345
f 345 346 347
f 349 350 348
f 348 350 351
f 107 352 108
f 108 352 353
f 355 356 354
f 354 356 357
f 237 340 238
f 238 340 358
f 12 247 111
f 111 247 359
f 264 263 116
f 116 263 360
f 361 362 222
f 222 362 201
f 364 365 363
f 363 365 366
f 368 369 367
f 367 369 370
f 372 373 371
f 371 373 374
f 375 376 372
f 372 376 377
f 378 379 381
f 381 379 380
f 382 383 269
f 269 383 268
f 150 174 365
f 365 174 384
f 380 377 381
f 381 377 376
f 271 270 180
f 180 270 181
f 273 272 252
f 252 272 184
f 272 271 184
f 184 271 180
f 181 270 274
f 252 255 273
f 273 255 275
f 254 385 255
f 255 385 386
f 387 388 179
f 179 388 183
f 389 387 182
f 182 387 179
f 182 200 389
f 389 200 390
f 388 391 183
f 183 391 253
f 391 392 253
f 253 392 254
f 394 379 393
f 393 379 378
f 185 188 395
f 395 188 396
f 221 185 397
f 397 185 395
f 222 221 398
f 398 221 397
f 188 256 396
f 396 256 399
f 400 401 256
f 256 401 399
f 402 403 405
f 405 403 404
f 148 150 364
f 364 150 365
f 393 406 394
f 394 406 407
f 158 246 393
f 393 246 406
f 342 19 238
f 238 19 239
f 23 22 350
f 350 22 354
f 244 50 245
f 245 50 138
f 55 142 53
f 53 142 139
f 145 144 296
f 296 144 143
f 355 228 341
f 341 228 20
f 41 240 42
f 42 240 239
f 283 308 284
f 284 308 307
f 349 409 408
f 408 409 410
f 244 245 41
f 41 245 240
f 268 383 406
f 406 383 407
f 346 411 349
f 349 411 409
f 251 412 248
f 248 412 413
f 275 414 250
f 250 414 415
f 25 45 26
f 26 45 277
f 43 26 96
f 96 26 277
f 416 417 61
f 61 417 62
f 329 24 408
f 408 24 23
f 31 40 32
f 32 40 322
f 39 38 329
f 329 38 24
f 37 38 30
f 30 38 31
f 418 419 421
f 421 419 420
f 78 295 79
f 79 295 294
f 124 339 422
f 422 339 345
f 232 131 357
f 357 131 351
f 2 236 6
f 6 236 235
f 252 184 253
f 253 184 183
f 227 423 256
f 256 423 400
f 423 227 305
f 305 227 226
f 424 258 425
f 425 258 257
f 426 427 212
f 212 427 257
f 259 133 249
f 249 133 164
f 419 418 428
f 428 418 429
f 327 430 328
f 328 430 288
f 49 431 46
f 46 431 67
f 306 302 424
f 424 302 258
f 313 432 314
f 314 432 433
f 32 321 29
f 29 321 318
f 324 314 433
f 287 318 328
f 328 318 321
f 134 260 236
f 236 260 233
f 345 339 234
f 234 339 235
f 357 351 354
f 354 351 350
f 408 23 349
f 349 23 350
f 317 278 36
f 36 278 45
f 432 313 429
f 429 313 428
f 435 428 434
f 434 428 313
f 42 239 18
f 18 239 19
f 43 42 26
f 26 42 18
f 121 120 436
f 436 120 437
f 302 301 258
f 258 301 213
f 110 109 126
f 126 109 123
f 238 358 342
f 342 358 343
f 341 20 342
f 342 20 19
f 322 438 320
f 320 438 439
f 320 439 327
f 327 439 430
f 333 440 322
f 322 440 438
f 289 288 323
f 323 288 430
f 115 340 116
f 116 340 264
f 146 145 149
f 149 145 296
f 15 140 16
f 16 140 155
f 441 442 152
f 152 442 153
f 225 224 203
f 203 224 206
f 175 297 154
f 154 297 151
f 293 443 294
f 294 443 444
f 248 413 249
f 249 413 445
f 446 447 400
f 400 447 401
f 388 387 396
f 396 387 395
f 387 389 395
f 395 389 397
f 391 388 399
f 399 388 396
f 401 392 399
f 399 392 391
f 255 386 275
f 275 386 414
f 449 450 448
f 448 450 451
f 335 452 285
f 285 452 215
f 453 298 442
f 442 298 153
f 211 223 212
f 212 223 426
f 425 257 454
f 454 257 427
f 266 10 262
f 262 10 9
f 360 113 456
f 456 113 455
f 8 194 137
f 137 194 261
f 10 266 246
f 246 266 267
f 203 202 225
f 225 202 300
f 262 9 263
f 263 9 114
f 108 353 190
f 190 353 191
f 389 390 397
f 397 390 398
f 457 422 128
f 128 422 129
f 156 158 378
f 378 158 393
f 347 346 348
f 348 346 349
f 447 458 401
f 401 458 392
f 364 382 148
f 148 382 269
f 55 54 57
f 57 54 58
f 75 64 459
f 459 64 460
f 100 90 101
f 101 90 95
f 101 58 100
f 100 58 54
f 142 55 144
f 144 55 57
f 147 146 269
f 269 146 148
f 459 93 75
f 75 93 92
f 144 145 142
f 142 145 141
f 228 27 20
f 20 27 17
f 154 299 175
f 175 299 176
f 214 213 224
f 224 213 301
f 424 461 306
f 306 461 303
f 285 286 309
f 309 286 310
f 462 334 308
f 308 334 309
f 302 306 226
f 226 306 305
f 37 28 21
f 21 28 27
f 29 35 30
f 30 35 34
f 30 34 37
f 37 34 28
f 344 436 356
f 356 436 229
f 325 290 326
f 326 290 289
f 311 439 312
f 312 439 438
f 35 319 36
f 36 319 315
f 439 311 430
f 430 311 323
f 315 319 325
f 325 319 290
f 440 463 438
f 438 463 312
f 341 344 355
f 355 344 356
f 360 456 116
f 116 456 117
f 354 22 355
f 355 22 228
f 326 289 324
f 324 289 323
f 74 87 68
f 68 87 69
f 50 53 138
f 138 53 139
f 268 406 267
f 267 406 246
f 190 106 108
f 108 106 109
f 241 455 112
f 112 455 113
f 358 122 343
f 343 122 121
f 129 347 130
f 130 347 348
f 348 351 130
f 130 351 131
f 229 232 356
f 356 232 357
f 340 115 358
f 358 115 122
f 111 359 112
f 112 359 242
f 125 124 457
f 457 124 422
f 231 132 232
f 232 132 131
f 343 121 344
f 344 121 436
f 263 114 360
f 360 114 113
f 347 129 345
f 345 129 422
f 230 229 437
f 437 229 436
f 464 446 423
f 423 446 400
f 465 466 468
f 468 466 467
f 470 471 469
f 469 471 472
f 469 472 373
f 373 472 374
f 474 469 473
f 473 469 373
f 471 475 472
f 472 475 476
f 472 477 374
f 374 477 478
f 477 472 476
f 479 480 476
f 476 480 477
f 473 373 377
f 377 373 372
f 481 482 479
f 479 482 480
f 483 484 481
f 481 484 482
f 403 402 485
f 485 402 486
f 487 488 483
f 483 488 484
f 487 489 488
f 488 489 490
f 489 491 490
f 490 491 492
f 491 493 492
f 492 493 494
f 493 495 494
f 494 495 496
f 497 498 481
f 481 498 483
f 484 499 482
f 482 499 367
f 370 480 367
f 367 480 482
f 480 370 477
f 477 370 478
f 500 497 479
f 479 497 481
f 451 473 380
f 380 473 377
f 448 451 379
f 379 451 380
f 501 502 504
f 504 502 503
f 449 505 507
f 507 505 506
f 486 508 505
f 505 508 506
f 508 509 506
f 506 509 510
f 511 507 510
f 510 507 506
f 509 508 512
f 512 508 513
f 515 509 514
f 514 509 512
f 509 515 510
f 510 515 516
f 510 516 511
f 511 516 517
f 486 505 485
f 485 505 518
f 505 449 518
f 518 449 448
f 383 382 403
f 403 382 404
f 363 404 364
f 364 404 382
f 403 485 383
f 383 485 407
f 519 520 361
f 361 520 362
f 522 496 521
f 521 496 495
f 450 474 451
f 451 474 473
f 363 366 523
f 523 366 524
f 525 499 488
f 488 499 484
f 488 490 525
f 525 490 526
f 496 522 520
f 520 522 527
f 494 496 519
f 519 496 520
f 492 494 528
f 528 494 519
f 529 530 495
f 495 530 521
f 490 492 526
f 526 492 528
f 529 495 531
f 531 495 493
f 533 534 532
f 532 534 535
f 523 524 533
f 533 524 534
f 486 402 532
f 532 402 533
f 529 536 530
f 530 536 537
f 536 538 537
f 537 538 539
f 540 541 539
f 539 541 537
f 530 537 535
f 535 537 541
f 542 539 543
f 543 539 538
f 539 542 540
f 540 542 544
f 541 540 513
f 513 540 512
f 540 544 512
f 512 544 514
f 546 547 545
f 545 547 548
f 549 550 531
f 531 550 551
f 550 549 552
f 552 549 553
f 546 550 554
f 554 550 552
f 547 546 555
f 555 546 554
f 498 556 558
f 558 556 557
f 559 557 560
f 560 557 556
f 561 562 560
f 560 562 559
f 557 559 552
f 552 559 554
f 559 562 554
f 554 562 555
f 558 557 553
f 553 557 552
f 475 471 563
f 563 471 564
f 565 563 567
f 567 563 566
f 471 470 564
f 564 470 466
f 564 466 568
f 568 466 465
f 568 465 569
f 569 465 570
f 572 573 571
f 571 573 574
f 569 575 567
f 567 575 576
f 577 565 576
f 576 565 567
f 578 579 581
f 581 579 580
f 575 561 576
f 576 561 560
f 556 577 560
f 560 577 576
f 577 556 497
f 497 556 498
f 565 577 500
f 500 577 497
f 563 565 475
f 475 565 500
f 553 489 558
f 558 489 487
f 531 493 549
f 549 493 491
f 489 553 491
f 491 553 549
f 394 407 518
f 518 407 485
f 518 448 394
f 394 448 379
f 545 548 538
f 538 548 543
f 551 545 536
f 536 545 538
f 536 529 551
f 551 529 531
f 507 582 449
f 449 582 450
f 511 583 507
f 507 583 582
f 511 517 583
f 583 517 584
f 585 586 588
f 588 586 587
f 590 591 589
f 589 591 592
f 591 590 593
f 593 590 594
f 596 597 595
f 595 597 598
f 599 600 602
f 602 600 601
f 604 605 603
f 603 605 606
f 608 609 607
f 607 609 610
f 612 613 611
f 611 613 614
f 615 616 618
f 618 616 617
f 620 621 619
f 619 621 622
f 624 625 623
f 623 625 626
f 628 629 627
f 627 629 630
f 632 633 631
f 631 633 634
f 635 636 638
f 638 636 637
f 639 640 642
f 642 640 641
f 644 645 643
f 643 645 646
f 619 622 647
f 647 622 648
f 650 651 649
f 649 651 652
f 601 653 602
f 602 653 654
f 656 657 655
f 655 657 658
f 660 661 659
f 659 661 662
f 664 665 663
f 663 665 666
f 593 594 667
f 667 594 668
f 669 670 672
f 672 670 671
f 673 674 676
f 676 674 675
f 633 632 677
f 677 632 678
f 663 666 679
f 679 666 680
f 681 682 684
f 684 682 683
f 686 687 685
f 685 687 688
f 690 661 689
f 689 661 691
f 693 686 692
f 692 686 685
f 695 597 694
f 694 597 668
f 594 696 668
f 668 696 694
f 697 698 696
f 696 698 699
f 700 701 697
f 697 701 698
f 702 585 703
f 703 585 588
f 671 690 672
f 672 690 689
f 640 639 704
f 704 639 705
f 679 706 663
f 663 706 658
f 708 709 707
f 707 709 710
f 711 712 610
f 610 712 607
f 713 714 716
f 716 714 715
f 717 718 720
f 720 718 719
f 722 634 721
f 721 634 633
f 724 725 723
f 723 725 726
f 728 729 727
f 727 729 730
f 732 733 731
f 731 733 734
f 707 710 735
f 735 710 736
f 643 737 644
f 644 737 738
f 740 741 739
f 739 741 742
f 608 744 743
f 743 744 745
f 747 748 746
f 746 748 749
f 751 752 750
f 750 752 753
f 754 755 757
f 757 755 756
f 758 759 761
f 761 759 760
f 763 764 762
f 762 764 765
f 767 768 766
f 766 768 769
f 771 772 770
f 770 772 773
f 775 776 774
f 774 776 777
f 779 780 778
f 778 780 781
f 783 712 782
f 782 712 784
f 785 786 788
f 788 786 787
f 790 628 789
f 789 628 627
f 792 793 791
f 791 793 794
f 795 796 726
f 726 796 723
f 798 799 797
f 797 799 800
f 721 633 801
f 801 633 677
f 797 800 802
f 802 800 803
f 805 806 804
f 804 806 807
f 809 810 808
f 808 810 811
f 813 814 812
f 812 814 815
f 809 808 817
f 817 808 816
f 818 819 804
f 804 819 805
f 820 821 818
f 818 821 819
f 821 820 587
f 587 820 822
f 809 823 810
f 810 823 824
f 814 807 815
f 815 807 806
f 826 426 825
f 825 426 223
f 426 826 427
f 427 826 827
f 828 829 454
f 454 829 830
f 831 832 677
f 677 832 801
f 834 835 833
f 833 835 836
f 838 839 837
f 837 839 840
f 841 842 844
f 844 842 843
f 845 846 803
f 803 846 802
f 847 831 678
f 678 831 677
f 848 849 851
f 851 849 850
f 853 854 852
f 852 854 855
f 857 858 856
f 856 858 680
f 860 861 859
f 859 861 862
f 864 865 863
f 863 865 866
f 868 869 867
f 867 869 870
f 839 871 840
f 840 871 872
f 849 848 874
f 874 848 873
f 876 877 875
f 875 877 878
f 880 881 879
f 879 881 882
f 883 884 886
f 886 884 885
f 846 887 802
f 802 887 888
f 890 891 889
f 889 891 888
f 893 894 892
f 892 894 895
f 896 897 728
f 728 897 729
f 899 900 898
f 898 900 901
f 902 852 904
f 904 852 903
f 849 905 850
f 850 905 906
f 875 878 907
f 907 878 908
f 910 911 909
f 909 911 912
f 914 915 913
f 913 915 916
f 917 918 862
f 862 918 859
f 919 920 856
f 856 920 921
f 923 924 922
f 922 924 925
f 926 927 925
f 925 927 922
f 929 930 928
f 928 930 693
f 932 695 931
f 931 695 694
f 823 867 824
f 824 867 933
f 935 936 934
f 934 936 937
f 938 868 823
f 823 868 867
f 940 847 939
f 939 847 678
f 632 655 678
f 678 655 939
f 941 942 619
f 619 942 620
f 687 943 688
f 688 943 944
f 851 850 945
f 945 850 903
f 850 906 903
f 903 906 904
f 946 947 949
f 949 947 948
f 951 952 950
f 950 952 953
f 955 956 954
f 954 956 957
f 907 958 875
f 875 958 874
f 960 961 959
f 959 961 962
f 963 853 902
f 902 853 852
f 909 964 910
f 910 964 965
f 967 968 966
f 966 968 969
f 971 972 970
f 970 972 973
f 974 960 975
f 975 960 959
f 977 978 976
f 976 978 979
f 981 977 980
f 980 977 976
f 980 982 981
f 981 982 983
f 985 983 984
f 984 983 982
f 984 986 985
f 985 986 987
f 989 990 988
f 988 990 991
f 993 994 992
f 992 994 995
f 997 998 996
f 996 998 999
f 1001 1002 1000
f 1000 1002 1003
f 1005 1006 1004
f 1004 1006 1007
f 1004 1008 1005
f 1005 1008 1009
f 1008 1010 1009
f 1009 1010 1011
f 1013 1011 1012
f 1012 1011 1010
f 1014 1015 1017
f 1017 1015 1016
f 1019 1020 1018
f 1018 1020 1021
f 1022 1023 976
f 976 1023 980
f 1024 1025 982
f 982 1025 984
f 992 995 1026
f 1026 995 1027
f 956 955 1028
f 1028 955 1029
f 1030 1031 1033
f 1033 1031 1032
f 1010 1008 1034
f 1034 1008 1035
f 1008 1004 1035
f 1035 1004 1036
f 1037 1038 1002
f 1002 1038 1007
f 1002 1001 1037
f 1037 1001 1039
f 1040 1041 997
f 997 1041 998
f 1015 1014 1043
f 1043 1014 1042
f 1044 1045 1047
f 1047 1045 1046
f 1044 1020 1048
f 1048 1020 1049
f 1050 1051 1003
f 1003 1051 1000
f 1052 1050 1006
f 1006 1050 1003
f 1053 1054 1011
f 1011 1054 1009
f 1013 1045 1055
f 1055 1045 1056
f 1058 1059 1057
f 1057 1059 1060
f 1062 1063 1061
f 1061 1063 1064
f 1065 1066 1050
f 1050 1066 1051
f 1067 1065 1052
f 1052 1065 1050
f 1068 1069 1054
f 1054 1069 1070
f 1071 1068 1053
f 1053 1068 1054
f 1073 1071 1072
f 1072 1071 1074
f 1074 1071 1055
f 1055 1071 1053
f 1076 1077 1075
f 1075 1077 1078
f 1079 1080 1057
f 1057 1080 1058
f 1081 1082 1064
f 1064 1082 1061
f 1084 1085 1083
f 1083 1085 1086
f 1088 1089 1087
f 1087 1089 1090
f 1092 1093 1091
f 1091 1093 1094
f 1096 1097 1095
f 1095 1097 1098
f 1099 1100 1102
f 1102 1100 1101
f 1103 1104 1099
f 1099 1104 1100
f 1106 1107 1105
f 1105 1107 1108
f 1110 1111 1109
f 1109 1111 1112
f 1114 1115 1113
f 1113 1115 1116
f 1118 1119 1117
f 1117 1119 1077
f 1117 1120 1122
f 1122 1120 1121
f 1105 1123 1106
f 1106 1123 1124
f 1125 1126 1128
f 1128 1126 1127
f 1130 1131 1129
f 1129 1131 1132
f 1134 1135 1133
f 1133 1135 1114
f 1113 1136 1114
f 1114 1136 1133
f 1118 1137 1113
f 1113 1137 1136
f 1118 1117 1137
f 1137 1117 1122
f 1139 1140 1138
f 1138 1140 1141
f 1143 953 1142
f 1142 953 952
f 1145 957 1144
f 1144 957 956
f 1028 1146 956
f 956 1146 1144
f 1014 1147 1042
f 1042 1147 1148
f 1014 1017 1147
f 1147 1017 1149
f 1059 1058 1150
f 1150 1058 1151
f 1153 1080 1152
f 1152 1080 1154
f 1156 1088 1155
f 1155 1088 1087
f 1157 1158 1106
f 1106 1158 1107
f 1106 1124 1157
f 1157 1124 1159
f 1161 1162 1160
f 1160 1162 1163
f 1165 1166 1164
f 1164 1166 1167
f 1168 1031 1012
f 1012 1031 1046
f 1024 1023 1035
f 1035 1023 1034
f 1036 1038 1025
f 1025 1038 1169
f 1170 1171 1039
f 1039 1171 1037
f 1028 1029 1042
f 1042 1029 1043
f 1172 1173 1175
f 1175 1173 1174
f 1055 1053 1013
f 1013 1053 1011
f 1005 1009 1070
f 1070 1009 1054
f 996 999 1062
f 1062 999 1063
f 1016 1060 1017
f 1017 1060 1059
f 1017 1059 1149
f 1149 1059 1150
f 1177 1178 1176
f 1176 1178 1103
f 1176 1072 1179
f 1179 1072 1074
f 1073 1102 1086
f 1086 1102 1083
f 1180 1181 1067
f 1067 1181 1065
f 1182 1183 1184
f 1184 1183 1181
f 1186 1187 1185
f 1185 1187 1188
f 1189 1190 798
f 798 1190 799
f 1192 1193 1191
f 1191 1193 1194
f 1195 1196 1194
f 1194 1196 1191
f 1196 1195 1198
f 1198 1195 1197
f 1200 674 1199
f 1199 674 673
f 928 1201 1203
f 1203 1201 1202
f 861 1204 862
f 862 1204 921
f 1205 1206 913
f 913 1206 1207
f 882 1208 879
f 879 1208 1209
f 1210 1211 1167
f 1167 1211 1164
f 1212 769 1213
f 1213 769 768
f 727 1214 728
f 728 1214 1215
f 1217 1218 1216
f 1216 1218 1219
f 1220 813 1221
f 1221 813 812
f 827 828 427
f 427 828 454
f 1223 1224 1222
f 1222 1224 1165
f 1226 1227 1225
f 1225 1227 1228
f 851 1229 848
f 848 1229 1230
f 834 854 835
f 835 854 1231
f 1233 1234 1232
f 1232 1234 1235
f 1237 751 1236
f 1236 751 750
f 743 819 1238
f 1238 819 821
f 1240 1241 1239
f 1239 1241 1242
f 1244 1245 1243
f 1243 1245 1246
f 844 1247 841
f 841 1247 1248
f 1250 1251 1249
f 1249 1251 1252
f 1254 893 1253
f 1253 893 1237
f 1255 1256 1258
f 1258 1256 1257
f 1260 1261 1259
f 1259 1261 1262
f 945 903 855
f 855 903 852
f 855 1263 945
f 945 1263 1264
f 832 845 801
f 801 845 803
f 800 721 803
f 803 721 801
f 721 800 722
f 722 800 799
f 1266 1267 1265
f 1265 1267 1268
f 1270 795 1269
f 1269 795 726
f 725 1271 726
f 726 1271 1269
f 737 765 738
f 738 765 764
f 759 740 760
f 760 740 739
f 717 1272 1274
f 1274 1272 1273
f 1163 1226 1275
f 1275 1226 1225
f 1277 882 1276
f 1276 882 881
f 1041 1040 1027
f 1027 1040 1026
f 900 935 901
f 901 935 934
f 1164 1278 1165
f 1165 1278 1222
f 1211 1279 1164
f 1164 1279 1278
f 442 1280 453
f 453 1280 1281
f 788 1282 785
f 785 1282 1283
f 1285 1286 1284
f 1284 1286 1287
f 1284 1288 1285
f 1285 1288 1289
f 757 1289 754
f 754 1289 1288
f 605 604 675
f 675 604 676
f 1290 1291 1293
f 1293 1291 1292
f 1295 1296 1294
f 1294 1296 1297
f 696 699 694
f 694 699 931
f 1298 1299 592
f 592 1299 589
f 1299 1300 589
f 589 1300 700
f 1300 1301 700
f 700 1301 701
f 743 745 819
f 819 745 805
f 1303 1304 1302
f 1302 1304 1305
f 1306 1307 1305
f 1305 1307 1302
f 609 1298 610
f 610 1298 592
f 587 822 588
f 588 822 1308
f 703 588 1309
f 1309 588 1308
f 1310 703 571
f 571 703 1309
f 1311 1312 789
f 789 1312 790
f 825 223 1313
f 1313 223 220
f 219 1314 220
f 220 1314 1313
f 1315 1316 1311
f 1311 1316 1312
f 1317 1318 1319
f 1319 1318 1241
f 441 1320 442
f 442 1320 1280
f 1321 217 572
f 572 217 216
f 1323 1230 1322
f 1322 1230 1229
f 1324 1325 631
f 631 1325 656
f 1034 1168 1010
f 1010 1168 1012
f 1327 1328 1326
f 1326 1328 1329
f 1331 1202 1330
f 1330 1202 1201
f 571 1309 572
f 572 1309 1321
f 573 572 1332
f 1332 572 216
f 1334 1335 1333
f 1333 1335 1336
f 1337 1338 918
f 918 1338 859
f 1339 863 1340
f 1340 863 866
f 1341 1342 1344
f 1344 1342 1343
f 1345 1346 919
f 919 1346 920
f 1347 1348 673
f 673 1348 1199
f 693 1349 928
f 928 1349 1201
f 1351 1257 1350
f 1350 1257 1256
f 1350 1352 1351
f 1351 1352 1353
f 653 930 654
f 654 930 662
f 1279 1354 1278
f 1278 1354 1355
f 1357 1358 1356
f 1356 1358 1359
f 937 1360 1140
f 1140 1360 1361
f 1225 1228 909
f 909 1228 964
f 901 934 1362
f 1362 934 1139
f 1364 1365 1363
f 1363 1365 1362
f 1367 912 1366
f 1366 912 911
f 1143 1142 1368
f 1368 1142 1369
f 1144 1186 1145
f 1145 1186 1185
f 1146 1175 1144
f 1144 1175 1186
f 1175 1146 1172
f 1172 1146 1148
f 1147 1018 1148
f 1148 1018 1172
f 1018 1147 1019
f 1019 1147 1149
f 1149 1150 1019
f 1019 1150 1370
f 1150 1151 1370
f 1370 1151 1371
f 1151 1153 1371
f 1371 1153 1177
f 1152 1156 1178
f 1178 1156 1372
f 1155 1158 1373
f 1373 1158 1374
f 1157 1159 1376
f 1376 1159 1375
f 1378 1379 1377
f 1377 1379 1380
f 1382 1383 1381
f 1381 1383 1384
f 1382 1386 1385
f 1385 1386 1387
f 1386 1233 1387
f 1387 1233 1232
f 1389 1390 1388
f 1388 1390 1391
f 1393 1394 1392
f 1392 1394 1395
f 1397 1398 1396
f 1396 1398 1399
f 629 1397 630
f 630 1397 1396
f 1342 1400 1343
f 1343 1400 1401
f 1403 1404 1402
f 1402 1404 1405
f 1407 1408 1406
f 1406 1408 1409
f 1411 1412 1410
f 1410 1412 1413
f 793 1414 794
f 794 1414 1415
f 1417 1341 1416
f 1416 1341 1344
f 704 705 1347
f 1347 705 1418
f 741 1419 742
f 742 1419 1420
f 1422 669 1421
f 1421 669 672
f 645 1423 646
f 646 1423 1424
f 1196 1198 614
f 614 1198 611
f 613 1425 614
f 614 1425 1426
f 1427 616 659
f 659 616 660
f 614 1426 1196
f 1196 1426 1191
f 696 594 697
f 697 594 590
f 697 590 700
f 700 590 589
f 703 1310 702
f 702 1310 1428
f 1421 672 1192
f 1192 672 689
f 1271 648 1269
f 1269 648 622
f 621 1270 622
f 622 1270 1269
f 1429 1430 1417
f 1417 1430 1341
f 1431 1432 1434
f 1434 1432 1433
f 1436 1437 1435
f 1435 1437 1438
f 1440 1441 1439
f 1439 1441 1442
f 1443 1444 1446
f 1446 1444 1445
f 823 809 938
f 938 809 817
f 810 1447 811
f 811 1447 1448
f 1449 1450 679
f 679 1450 706
f 913 916 1205
f 1205 916 1451
f 1275 1225 912
f 912 1225 909
f 1452 1453 880
f 880 1453 881
f 1444 1401 1445
f 1445 1401 1400
f 936 1454 937
f 937 1454 1360
f 824 1455 810
f 810 1455 1447
f 631 656 632
f 632 656 655
f 966 1456 967
f 967 1456 1457
f 1459 1460 1458
f 1458 1460 1461
f 1460 1462 1461
f 1461 1462 1463
f 972 974 973
f 973 974 975
f 990 995 991
f 991 995 994
f 1464 1187 1033
f 1033 1187 1174
f 1018 1021 1172
f 1172 1021 1173
f 1000 999 1001
f 1001 999 998
f 976 979 1022
f 1022 979 1032
f 1023 1024 980
f 980 1024 982
f 989 986 1171
f 1171 986 1169
f 1171 1170 989
f 989 1170 990
f 1170 1027 990
f 990 1027 995
f 1041 1039 998
f 998 1039 1001
f 1051 1063 1000
f 1000 1063 999
f 1066 1064 1051
f 1051 1064 1063
f 1183 1081 1066
f 1066 1081 1064
f 1178 1372 1103
f 1103 1372 1104
f 1092 1091 1465
f 1465 1091 1182
f 1467 1465 1466
f 1466 1465 1468
f 1469 1470 1184
f 1184 1470 1468
f 1095 1098 1471
f 1471 1098 1101
f 1076 1374 1120
f 1120 1374 1376
f 1110 1472 1127
f 1127 1472 1132
f 1472 1473 1132
f 1132 1473 1129
f 1474 1475 1466
f 1466 1475 1473
f 1119 1118 1116
f 1116 1118 1113
f 1375 1121 1376
f 1376 1121 1120
f 1127 1132 1128
f 1128 1132 1131
f 1227 1476 1228
f 1228 1476 1361
f 1365 1477 1362
f 1362 1477 872
f 1478 1479 1323
f 1323 1479 1230
f 1480 1481 914
f 914 1481 915
f 913 1277 914
f 914 1277 1276
f 1168 1034 1022
f 1022 1034 1023
f 1035 1036 1024
f 1024 1036 1025
f 1039 1041 1170
f 1170 1041 1027
f 1042 1148 1028
f 1028 1148 1146
f 968 1459 969
f 969 1459 1458
f 1482 1483 664
f 664 1483 665
f 1485 1486 1484
f 1484 1486 1487
f 1489 1490 1488
f 1488 1490 1491
f 1492 1493 722
f 722 1493 634
f 1495 1496 1494
f 1494 1496 1497
f 1498 1207 1339
f 1339 1207 863
f 1224 1499 1165
f 1165 1499 1166
f 1160 1163 1500
f 1500 1163 1275
f 1500 877 1160
f 1160 877 1501
f 876 873 1502
f 1502 873 1479
f 945 1264 851
f 851 1264 1229
f 835 1231 839
f 839 1231 871
f 1503 1283 778
f 778 1283 1282
f 716 715 1505
f 1505 715 1504
f 1446 1445 1507
f 1507 1445 1506
f 779 792 1381
f 1381 792 791
f 1430 1409 1341
f 1341 1409 1342
f 1411 1429 1508
f 1508 1429 1417
f 635 1510 1509
f 1509 1510 1511
f 1377 1380 1315
f 1315 1380 1316
f 1445 1400 1506
f 1506 1400 1408
f 918 917 1336
f 1336 917 1333
f 1513 1514 1512
f 1512 1514 870
f 1515 1516 1363
f 1363 1516 1364
f 1453 1517 881
f 881 1517 1276
f 992 1518 993
f 993 1518 1519
f 1520 1029 1518
f 1518 1029 955
f 1520 1026 1521
f 1521 1026 1040
f 1522 1015 1521
f 1521 1015 1043
f 996 1523 997
f 997 1523 1522
f 1060 1016 1524
f 1524 1016 1523
f 1061 1525 1062
f 1062 1525 1524
f 1079 1527 1526
f 1526 1527 1528
f 1093 1529 1094
f 1094 1529 1528
f 1111 1530 1112
f 1112 1530 1531
f 1532 1533 1105
f 1105 1533 1123
f 934 937 1139
f 1139 937 1140
f 1138 1363 1139
f 1139 1363 1362
f 1534 1222 1355
f 1355 1222 1278
f 1535 1223 1534
f 1534 1223 1222
f 821 587 1238
f 1238 587 586
f 1319 711 1317
f 1317 711 1536
f 1538 1200 1537
f 1537 1200 1199
f 1508 1417 1539
f 1539 1417 1416
f 1540 1541 840
f 840 1541 837
f 1231 898 871
f 871 898 901
f 1500 1275 1367
f 1367 1275 912
f 1543 1379 1542
f 1542 1379 1395
f 1539 772 1508
f 1508 772 1544
f 1546 1403 1545
f 1545 1403 1402
f 1548 1549 1547
f 1547 1549 1550
f 1552 1548 1551
f 1551 1548 1547
f 1554 1555 1553
f 1553 1555 1556
f 1558 1559 1557
f 1557 1559 1560
f 1562 1563 1561
f 1561 1563 1564
f 1566 1567 1565
f 1565 1567 1568
f 1570 1571 1569
f 1569 1571 1572
f 1574 1575 1573
f 1573 1575 1576
f 1577 1578 1572
f 1572 1578 1569
f 1580 1581 1579
f 1579 1581 1582
f 1584 1585 1583
f 1583 1585 1586
f 1588 1555 1587
f 1587 1555 1589
f 1591 1592 1590
f 1590 1592 1593
f 1595 1596 1594
f 1594 1596 1597
f 1596 1581 1597
f 1597 1581 1576
f 1599 1570 1598
f 1598 1570 1569
f 1601 1602 1600
f 1600 1602 1603
f 1605 1606 1604
f 1604 1606 1607
f 1608 1609 1568
f 1568 1609 1565
f 1611 1612 1610
f 1610 1612 1613
f 1615 1616 1614
f 1614 1616 1617
f 1619 1617 1618
f 1618 1617 1616
f 1621 1622 1620
f 1620 1622 1623
f 1625 1626 1624
f 1624 1626 1627
f 1629 1630 1628
f 1628 1630 1631
f 1633 1634 1632
f 1632 1634 1635
f 1636 1637 1639
f 1639 1637 1638
f 1641 1642 1640
f 1640 1642 1643
f 1624 1627 1644
f 1644 1627 1645
f 1647 1648 1646
f 1646 1648 1649
f 1651 1652 1650
f 1650 1652 1653
f 1655 1656 1654
f 1654 1656 1657
f 1659 1660 1658
f 1658 1660 1661
f 1662 1663 1631
f 1631 1663 1628
f 1651 1665 1664
f 1664 1665 1666
f 1667 1656 1619
f 1619 1656 1617
f 1669 1670 1668
f 1668 1670 1671
f 1632 1635 1672
f 1672 1635 1673
f 1674 1675 1638
f 1638 1675 1639
f 1677 1678 1676
f 1676 1678 1679
f 1680 1640 1681
f 1681 1640 1643
f 1682 1683 1643
f 1643 1683 1681
f 1670 1669 1235
f 1235 1669 1232
f 1396 1399 1674
f 1674 1399 1675
f 627 630 1679
f 1679 630 1676
f 1681 1315 1680
f 1680 1315 1311
f 1683 1377 1681
f 1681 1377 1315
f 1672 1673 1387
f 1387 1673 1385
f 1636 1684 1646
f 1646 1684 1685
f 1687 1688 1686
f 1686 1688 1689
f 1585 1690 1586
f 1586 1690 1691
f 1599 1692 1551
f 1551 1692 1693
f 1552 1558 1694
f 1694 1558 1557
f 1696 1615 1695
f 1695 1615 1614
f 1698 1699 1697
f 1697 1699 1623
f 1700 1701 1703
f 1703 1701 1702
f 1705 1706 1704
f 1704 1706 1707
f 1708 1709 1640
f 1640 1709 1641
f 1710 1711 1713
f 1713 1711 1712
f 1652 1655 1653
f 1653 1655 1654
f 1714 1699 1712
f 1712 1699 1713
f 1715 1710 1716
f 1716 1710 1713
f 1717 1708 1680
f 1680 1708 1640
f 1393 1392 1715
f 1715 1392 1710
f 1719 1720 1718
f 1718 1720 1721
f 1680 1311 1717
f 1717 1311 789
f 1378 1711 1392
f 1392 1711 1710
f 1388 1391 1719
f 1719 1391 1720
f 1723 1606 1722
f 1722 1606 1689
f 1725 1568 1724
f 1724 1568 1567
f 1726 1647 1685
f 1685 1647 1646
f 1728 1554 1727
f 1727 1554 1553
f 1591 1687 1600
f 1600 1687 1686
f 1730 1595 1729
f 1729 1595 1594
f 1601 1605 1731
f 1731 1605 1604
f 1733 1663 1732
f 1732 1663 1734
f 1736 1639 1735
f 1735 1639 1675
f 1658 1644 1737
f 1737 1644 1645
f 1726 1662 1724
f 1724 1662 1631
f 1399 1738 1675
f 1675 1738 1735
f 1621 1667 1739
f 1739 1667 1619
f 1714 1740 1620
f 1620 1740 1741
f 1592 1549 1593
f 1593 1549 1742
f 1602 1571 1603
f 1603 1571 1550
f 1688 1690 1689
f 1689 1690 1722
f 1588 1559 1582
f 1582 1559 1579
f 1673 1735 1385
f 1385 1735 1738
f 1387 1232 1672
f 1672 1232 1669
f 1580 1692 1573
f 1573 1692 1743
f 1377 1683 1378
f 1378 1683 1711
f 1664 1666 1744
f 1744 1666 1745
f 1744 1696 1664
f 1664 1696 1695
f 1746 1747 1732
f 1732 1747 1748
f 1749 1750 1677
f 1677 1750 1678
f 1709 1708 1750
f 1750 1708 1678
f 1668 1632 1669
f 1669 1632 1672
f 1633 1746 1734
f 1734 1746 1732
f 1679 1678 1717
f 1717 1678 1708
f 789 627 1717
f 1717 627 1679
f 1563 1723 1564
f 1564 1723 1722
f 1728 1584 1751
f 1751 1584 1583
f 1674 1676 1396
f 1396 1676 630
f 1666 1566 1745
f 1745 1566 1565
f 1627 1629 1645
f 1645 1629 1628
f 1637 1749 1638
f 1638 1749 1677
f 1648 1665 1649
f 1649 1665 1752
f 1740 1642 1741
f 1741 1642 1657
f 1676 1674 1677
f 1677 1674 1638
f 1683 1682 1711
f 1711 1682 1712
f 1618 1753 1619
f 1619 1753 1739
f 1701 1739 1702
f 1702 1739 1753
f 1754 1214 1756
f 1756 1214 1755
f 647 1757 619
f 619 1757 941
f 1759 1193 1758
f 1758 1193 691
f 1419 1760 1420
f 1420 1760 1761
f 682 1762 683
f 683 1762 1763
f 1412 780 1413
f 1413 780 1384
f 1383 1398 1384
f 1384 1398 1413
f 1197 1424 1764
f 1764 1424 1423
f 1537 1287 1538
f 1538 1287 1286
f 1634 1684 1635
f 1635 1684 1736
f 1724 1631 1725
f 1725 1631 1630
f 1562 1730 1610
f 1610 1730 1729
f 1735 1673 1736
f 1736 1673 1635
f 1757 1195 941
f 941 1195 1194
f 1766 200 1765
f 1765 200 199
f 475 500 476
f 476 500 479
f 498 558 483
f 483 558 487
f 545 551 546
f 546 551 550
f 453 1281 219
f 219 1281 1314
f 298 453 208
f 208 453 219
f 368 1765 1767
f 1767 1765 199
f 523 405 363
f 363 405 404
f 523 533 405
f 405 533 402
f 298 208 299
f 299 208 207
f 299 207 176
f 176 207 300
f 176 300 173
f 173 300 202
f 173 202 174
f 174 202 201
f 1337 918 1768
f 1768 918 1336
f 1769 1770 1338
f 1338 1770 859
f 581 570 578
f 578 570 1771
f 555 562 580
f 580 562 561
f 504 1772 501
f 501 1772 548
f 517 542 584
f 584 542 543
f 515 514 516
f 516 514 544
f 542 517 544
f 544 517 516
f 561 575 580
f 580 575 581
f 575 569 581
f 581 569 570
f 501 548 1773
f 1773 548 547
f 1774 1775 570
f 570 1775 1771
f 369 368 1776
f 1776 368 1767
f 372 369 375
f 375 369 1776
f 822 1280 1308
f 1308 1280 1320
f 820 1281 822
f 822 1281 1280
f 818 1314 820
f 820 1314 1281
f 1314 818 1313
f 1313 818 804
f 807 814 825
f 825 814 826
f 814 813 826
f 826 813 827
f 813 1220 827
f 827 1220 828
f 580 579 555
f 555 579 547
f 1477 1540 872
f 872 1540 840
f 367 499 368
f 368 499 1765
f 1766 1765 525
f 525 1765 499
f 1777 1766 526
f 526 1766 525
f 520 527 362
f 362 527 384
f 361 1778 519
f 519 1778 528
f 371 1779 372
f 372 1779 369
f 369 1779 370
f 370 1779 478
f 1779 371 478
f 478 371 374
f 1778 1777 528
f 528 1777 526
f 1781 1782 1780
f 1780 1782 1783
f 431 460 67
f 67 460 64
f 68 338 74
f 74 338 72
f 1785 1782 1784
f 1784 1782 1786
f 1787 1788 1790
f 1790 1788 1789
f 1792 1789 1791
f 1791 1789 1793
f 1791 1794 1792
f 1792 1794 1795
f 1794 1796 1795
f 1795 1796 1797
f 1797 1798 938
f 938 1798 868
f 1798 1799 868
f 868 1799 869
f 1801 1802 1800
f 1800 1802 1451
f 1803 1804 1205
f 1205 1804 1206
f 1805 1806 864
f 864 1806 865
f 1806 1807 865
f 865 1807 1808
f 68 71 338
f 287 328 288
f 1320 1321 1308
f 1308 1321 1309
f 1320 441 1321
f 1321 441 217
f 441 152 217
f 217 152 218
f 151 286 152
f 152 286 218
f 297 310 151
f 151 310 286
f 296 307 297
f 297 307 310
f 296 143 307
f 307 143 284
f 143 56 284
f 284 56 104
f 56 59 104
f 104 59 63
f 59 102 63
f 63 102 60
f 102 94 60
f 60 94 282
f 93 459 279
f 279 459 77
f 459 460 77
f 77 460 78
f 460 431 78
f 78 431 295
f 431 49 295
f 295 49 292
f 48 421 49
f 49 421 292
f 276 278 418
f 418 278 429
f 317 432 278
f 278 432 429
f 432 317 433
f 433 317 316
f 326 324 316
f 316 324 433
f 1536 592 1809
f 1809 592 591
f 1810 744 1812
f 1812 744 1811
f 1814 1815 1813
f 1813 1815 1816
f 1817 748 1818
f 1818 748 747
f 1812 1819 1810
f 1810 1819 1817
f 1820 1821 748
f 748 1821 749
f 1823 1824 1822
f 1822 1824 1825
f 1827 1828 1826
f 1826 1828 1829
f 1831 1832 1830
f 1830 1832 1833
f 1834 1827 1243
f 1243 1827 1826
f 1313 804 825
f 825 804 807
f 1835 1253 1236
f 1236 1253 1237
f 1836 1837 1438
f 1438 1837 1435
f 1838 1505 1840
f 1840 1505 1839
f 1841 1842 716
f 716 1842 713
f 1843 1844 1510
f 1510 1844 1845
f 1847 1848 1846
f 1846 1848 1849
f 1850 1240 1822
f 1822 1240 1239
f 636 1831 637
f 637 1831 1830
f 1852 1853 1851
f 1851 1853 1854
f 1855 1856 1858
f 1858 1856 1857
f 1846 1849 1859
f 1859 1849 1860
f 1343 1401 1509
f 1509 1401 1861
f 1509 1861 635
f 635 1861 636
f 1863 1864 1862
f 1862 1864 1865
f 1283 1503 1867
f 1867 1503 1866
f 1868 1867 681
f 681 1867 682
f 1286 1285 683
f 683 1285 684
f 757 756 1274
f 1274 756 1869
f 1274 1869 717
f 717 1869 718
f 1434 1433 719
f 719 1433 720
f 1200 1538 1545
f 1545 1538 1763
f 1285 1289 684
f 684 1289 1273
f 684 1273 681
f 681 1273 1272
f 785 1283 1868
f 1868 1283 1867
f 786 785 1870
f 1870 785 1868
f 1289 757 1273
f 1273 757 1274
f 1539 1416 1871
f 1871 1416 1872
f 773 1871 1403
f 1403 1871 1404
f 675 674 1405
f 1405 674 1402
f 1864 1873 1865
f 1865 1873 1874
f 638 1843 635
f 635 1843 1510
f 1344 1343 1511
f 1511 1343 1509
f 772 1539 773
f 773 1539 1871
f 674 1200 1402
f 1402 1200 1545
f 1538 1286 1763
f 1763 1286 683
f 1444 1443 1875
f 1875 1443 1876
f 1875 1876 1831
f 1831 1876 1832
f 1416 1344 1872
f 1872 1344 1511
f 1877 1878 774
f 774 1878 1879
f 1878 1847 1879
f 1879 1847 1846
f 1880 714 1881
f 1881 714 1848
f 1401 1444 1861
f 1861 1444 1875
f 1861 1875 636
f 636 1875 1831
f 1823 1863 1882
f 1882 1863 1862
f 1441 1440 1884
f 1884 1440 1883
f 1883 1852 1884
f 1884 1852 1851
f 1886 1887 1885
f 1885 1887 1888
f 1358 1889 1359
f 1359 1889 1890
f 1891 1886 1892
f 1892 1886 1885
f 774 1879 775
f 775 1879 1893
f 1859 1893 1846
f 1846 1893 1879
f 713 1842 1849
f 1849 1842 1860
f 1318 1895 1894
f 1894 1895 1896
f 1873 1897 1874
f 1874 1897 1898
f 1898 605 1899
f 1899 605 675
f 1405 1844 675
f 675 1844 1899
f 1404 1845 1405
f 1405 1845 1844
f 593 1296 591
f 591 1296 1809
f 1295 1292 1900
f 1900 1292 1895
f 606 1897 1291
f 1291 1897 1896
f 1510 1845 1511
f 1511 1845 1872
f 1871 1872 1404
f 1404 1872 1845
f 1866 770 1762
f 1762 770 1546
f 1762 682 1866
f 1866 682 1867
f 1870 1868 1272
f 1272 1868 681
f 1272 717 1870
f 1870 717 720
f 1870 720 786
f 786 720 1433
f 786 1433 787
f 787 1433 1432
f 1261 1414 1432
f 1432 1414 787
f 1389 1234 1260
f 1260 1234 1415
f 1719 1670 1388
f 1388 1670 1235
f 1718 1671 1719
f 1719 1671 1670
f 1705 1747 1718
f 1718 1747 1671
f 1659 1901 1704
f 1704 1901 1748
f 1877 1903 1902
f 1902 1903 1904
f 1259 1905 1390
f 1390 1905 1394
f 1715 1720 1393
f 1393 1720 1391
f 1716 1721 1715
f 1715 1721 1720
f 1698 1706 1716
f 1716 1706 1721
f 277 276 47
f 47 276 48
f 84 96 81
f 81 96 82
f 80 70 81
f 81 70 85
f 99 97 88
f 88 97 89
f 90 100 88
f 88 100 99
f 101 95 102
f 102 95 94
f 1906 1907 280
f 280 1907 281
f 97 86 89
f 89 86 85
f 60 282 61
f 61 282 281
f 83 82 46
f 46 82 47
f 293 292 420
f 420 292 421
f 419 1908 420
f 420 1908 1909
f 92 95 91
f 91 95 90
f 279 282 93
f 93 282 94
f 276 418 48
f 48 418 421
f 1910 1660 1697
f 1697 1660 1707
f 1703 1624 1700
f 1700 1624 1644
f 1622 1910 1623
f 1623 1910 1697
f 1701 1700 1911
f 1911 1700 1661
f 1700 1644 1661
f 1661 1644 1658
f 1901 1737 1733
f 1733 1737 1645
f 1625 1912 1604
f 1604 1912 1731
f 1912 1913 1731
f 1731 1913 1914
f 1913 1577 1914
f 1914 1577 1572
f 1915 1578 1616
f 1616 1578 1618
f 1915 1916 1598
f 1598 1916 1743
f 1916 1574 1743
f 1743 1574 1573
f 1575 1917 1576
f 1576 1917 1597
f 1917 1609 1597
f 1597 1609 1594
f 1608 1611 1729
f 1729 1611 1610
f 1918 1612 1629
f 1629 1612 1630
f 1626 1918 1627
f 1627 1918 1629
f 1920 1921 1919
f 1919 1921 1922
f 1920 1924 1923
f 1923 1924 1925
f 1926 1927 1924
f 1924 1927 1925
f 1929 1930 1928
f 1928 1930 1931
f 1932 1933 1935
f 1935 1933 1934
f 1937 1938 1936
f 1936 1938 1939
f 1941 1942 1940
f 1940 1942 1943
f 1941 1945 1944
f 1944 1945 1946
f 1947 1948 1694
f 1694 1948 1949
f 1950 1951 1953
f 1953 1951 1952
f 1955 1956 1954
f 1954 1956 1589
f 1958 1956 1957
f 1957 1956 1932
f 1960 1934 1959
f 1959 1934 1933
f 1962 1963 1961
f 1961 1963 1964
f 1965 1955 1751
f 1751 1955 1954
f 1935 1930 1932
f 1932 1930 1957
f 1951 1950 1926
f 1926 1950 1929
f 1966 1967 1593
f 1593 1967 1590
f 1969 1967 1968
f 1968 1967 1964
f 1962 1921 1970
f 1970 1921 1971
f 1963 1945 1964
f 1964 1945 1968
f 1972 1948 1922
f 1922 1948 1919
f 1966 1972 1961
f 1961 1972 1922
f 1958 1953 1587
f 1587 1953 1560
f 1974 1975 1973
f 1973 1975 1976
f 1978 1979 1977
f 1977 1979 1691
f 1979 1975 1691
f 1691 1975 1586
f 1938 1942 1939
f 1939 1942 1980
f 1952 1947 1557
f 1557 1947 1694
f 1969 1978 1981
f 1981 1978 1977
f 1983 1984 1982
f 1982 1984 1985
f 1986 1987 1989
f 1989 1987 1988
f 1990 1991 1983
f 1983 1991 1984
f 1990 1993 1992
f 1992 1993 1994
f 1995 1996 1994
f 1994 1996 1997
f 1999 2000 1998
f 1998 2000 2001
f 2003 2004 2002
f 2002 2004 2005
f 2007 2008 2006
f 2006 2008 2009
f 2011 2012 2010
f 2010 2012 2013
f 2014 2015 2017
f 2017 2015 2016
f 2018 2019 2021
f 2021 2019 2020
f 2022 1989 2024
f 2024 1989 2023
f 1989 1988 2023
f 2023 1988 2025
f 2026 2027 2017
f 2017 2027 2014
f 2029 2030 2028
f 2028 2030 2031
f 2033 2034 2032
f 2032 2034 2035
f 2032 2035 2036
f 2036 2035 2037
f 2039 2040 2038
f 2038 2040 2041
f 1982 2042 1983
f 1983 2042 2043
f 2045 2046 2044
f 2044 2046 2047
f 2049 2050 2048
f 2048 2050 2051
f 2053 2054 2052
f 2052 2054 2055
f 2057 2058 2056
f 2056 2058 2059
f 2060 2061 2033
f 2033 2061 2034
f 2063 2064 2062
f 2062 2064 2065
f 2066 2035 2067
f 2067 2035 2034
f 2069 2039 2068
f 2068 2039 2038
f 2025 2070 2023
f 2023 2070 2071
f 2072 2024 2071
f 2071 2024 2023
f 2074 2020 2073
f 2073 2020 2019
f 2050 2049 2047
f 2047 2049 2075
f 1983 2043 1990
f 1990 2043 1993
f 2006 2050 2007
f 2007 2050 2076
f 2050 2006 2051
f 2051 2006 2077
f 2079 2080 2078
f 2078 2080 2081
f 2082 2083 2085
f 2085 2083 2084
f 2010 2013 2086
f 2086 2013 2087
f 2089 2033 2088
f 2088 2033 2032
f 2090 2060 2089
f 2089 2060 2033
f 2092 2093 2091
f 2091 2093 2094
f 2096 1986 2095
f 2095 1986 2097
f 2097 1986 2022
f 2022 1986 1989
f 2015 2094 2016
f 2016 2094 2098
f 2016 2098 2100
f 2100 2098 2099
f 2017 2016 2101
f 2101 2016 2100
f 2017 2101 2026
f 2026 2101 2102
f 2100 2099 2104
f 2104 2099 2103
f 2104 2105 2100
f 2100 2105 2101
f 2105 2106 2101
f 2101 2106 2102
f 2108 2061 2107
f 2107 2061 2109
f 2111 2112 2110
f 2110 2112 2020
f 2020 2074 2110
f 2110 2074 2113
f 2115 2116 2114
f 2114 2116 2117
f 2118 2119 1995
f 1995 2119 2120
f 2121 2122 2027
f 2027 2122 2014
f 2047 2075 2044
f 2044 2075 2123
f 2124 2125 2127
f 2127 2125 2126
f 2129 2130 2128
f 2128 2130 2131
f 2132 2133 2057
f 2057 2133 2058
f 2134 1999 2136
f 2136 1999 2135
f 2055 2138 2137
f 2137 2138 2139
f 2141 2142 2140
f 2140 2142 2143
f 2083 2082 2064
f 2064 2082 2065
f 2082 2144 2065
f 2065 2144 2145
f 2040 2146 2041
f 2041 2146 2147
f 2060 2090 2148
f 2148 2090 2149
f 2048 2051 2137
f 2137 2051 2150
f 2151 1997 2135
f 2135 1997 1996
f 2152 2150 2077
f 2077 2150 2051
f 2046 2045 2118
f 2118 2045 2119
f 2154 2155 2153
f 2153 2155 2156
f 2158 2159 2157
f 2157 2159 2160
f 2162 2163 2161
f 2161 2163 2164
f 2164 2163 2165
f 2165 2163 2166
f 2168 2169 2167
f 2167 2169 2170
f 2003 2172 2171
f 2171 2172 2173
f 2174 2175 2002
f 2002 2175 2176
f 2145 2177 2065
f 2065 2177 2062
f 2178 2179 2180
f 2180 2179 2134
f 2181 2052 2152
f 2152 2052 2150
f 2040 2127 2146
f 2146 2127 2182
f 2130 2162 2131
f 2131 2162 2161
f 2052 2055 2150
f 2150 2055 2137
f 2184 2185 2183
f 2183 2185 2186
f 2159 2030 2160
f 2160 2030 2187
f 2146 2182 2029
f 2029 2182 2188
f 2189 2190 2192
f 2192 2190 2191
f 2172 2003 2176
f 2176 2003 2002
f 1998 2151 1999
f 1999 2151 2135
f 2177 2172 2062
f 2062 2172 2176
f 2172 2177 2173
f 2173 2177 2193
f 2063 2194 2064
f 2064 2194 2195
f 2066 2197 2196
f 2196 2197 2198
f 2002 2005 2174
f 2174 2005 2199
f 2004 2003 2200
f 2200 2003 2171
f 2198 2201 2171
f 2171 2201 2200
f 2197 2202 2198
f 2198 2202 2201
f 2202 2197 2203
f 2203 2197 2204
f 2196 2198 2173
f 2173 2198 2171
f 2205 2069 2170
f 2170 2069 2206
f 2197 2066 2204
f 2204 2066 2067
f 2107 2207 2108
f 2108 2207 2208
f 2210 2208 2209
f 2209 2208 2207
f 2185 2211 2212
f 2213 2214 2211
f 2211 2214 2212
f 1998 2001 2213
f 2213 2001 2214
f 2134 2215 1999
f 1999 2215 2000
f 2216 2217 2219
f 2219 2217 2218
f 2206 2220 2170
f 2170 2220 2167
f 2069 2068 2206
f 2206 2068 2221
f 2151 1998 2222
f 2222 1998 2213
f 2124 2039 2205
f 2205 2039 2069
f 2142 2223 2143
f 2143 2223 2128
f 2203 2186 2202
f 2202 2186 2185
f 2185 2184 2211
f 2211 2184 2224
f 2224 2225 2222
f 2222 2225 2226
f 2071 2227 2072
f 2072 2227 2228
f 2229 2074 2230
f 2230 2074 2073
f 2074 2229 2113
f 2113 2229 2231
f 2232 2225 2227
f 2227 2225 2224
f 2233 2234 2031
f 2031 2234 2028
f 2236 2231 2235
f 2235 2231 2229
f 2230 2183 2229
f 2229 2183 2235
f 2237 1987 2096
f 2096 1987 1986
f 2152 2238 2181
f 2181 2238 2239
f 2080 2240 2081
f 2081 2240 2241
f 2236 2242 1971
f 1971 2242 1970
f 1925 2113 1923
f 1923 2113 2231
f 2110 1927 2111
f 2111 1927 1928
f 2103 2111 1931
f 1931 2111 1928
f 1931 2243 2103
f 2103 2243 2104
f 2105 2104 2244
f 2244 2104 2243
f 1939 1980 2148
f 2148 1980 2109
f 1980 1944 2109
f 2109 1944 2107
f 1946 2245 2207
f 2207 2245 2209
f 2245 1970 2209
f 2209 1970 2242
f 2231 2236 1923
f 1923 2236 1971
f 2113 1925 2110
f 2110 1925 1927
f 2234 2246 2028
f 2028 2246 2147
f 2247 2248 2058
f 2058 2248 2059
f 2114 2117 2249
f 2249 2117 2250
f 2252 2253 2251
f 2251 2253 2254
f 2094 2015 2091
f 2091 2015 2255
f 2256 2255 2014
f 2014 2255 2015
f 2257 2145 2258
f 2258 2145 2144
f 2131 2161 2123
f 2123 2161 2044
f 2045 2044 2164
f 2164 2044 2161
f 2045 2164 2119
f 2119 2164 2165
f 2259 2120 2165
f 2165 2120 2119
f 2260 2261 2259
f 2259 2261 2120
f 2205 2262 2124
f 2124 2262 2125
f 2180 2263 2178
f 2178 2263 2264
f 2265 2266 2092
f 2092 2266 2093
f 1992 2267 2268
f 2184 2228 2224
f 2224 2228 2227
f 2048 2269 2049
f 2049 2269 2141
f 2129 2168 2157
f 2157 2168 2167
f 2049 2141 2075
f 2075 2141 2140
f 2199 2215 2270
f 2270 2215 2271
f 2142 2141 2272
f 2272 2141 2269
f 2089 2026 2090
f 2090 2026 2102
f 2146 2029 2147
f 2147 2029 2028
f 2111 2103 2112
f 2112 2103 2099
f 2061 2060 2109
f 2109 2060 2148
f 2273 2274 2041
f 2041 2274 2038
f 2260 2275 2261
f 2261 2275 2136
f 2057 2138 2132
f 2132 2138 2276
f 2272 2269 2056
f 2056 2269 2139
f 2277 2278 2270
f 2270 2278 2199
f 2029 2188 2030
f 2030 2188 2187
f 2040 2039 2127
f 2127 2039 2124
f 2064 2195 2083
f 2083 2195 2279
f 2056 2139 2057
f 2057 2139 2138
f 2278 2277 2247
f 2247 2277 2248
f 2062 2176 2063
f 2063 2176 2175
f 2280 2210 2242
f 2242 2210 2209
f 2282 2233 2281
f 2281 2233 2031
f 2216 2219 2283
f 2283 2219 2221
f 2158 2220 2218
f 2218 2220 2219
f 2217 2282 2218
f 2218 2282 2281
f 2220 2158 2167
f 2167 2158 2157
f 2223 2264 2128
f 2128 2264 2263
f 2261 1996 2120
f 2120 1996 1995
f 2213 2211 2222
f 2222 2211 2224
f 2283 2221 2284
f 2284 2221 2068
f 2135 1996 2136
f 2136 1996 2261
f 2144 2081 2258
f 2258 2081 2241
f 2235 2280 2236
f 2236 2280 2242
f 2246 2273 2147
f 2147 2273 2041
f 2036 2285 2032
f 2032 2285 2088
f 2077 2286 2152
f 2152 2286 2238
f 1937 1960 1973
f 1973 1960 1959
f 2070 2232 2071
f 2071 2232 2227
f 2244 2287 2105
f 2105 2287 2106
f 1936 1939 2149
f 2149 1939 2148
f 1944 1946 2107
f 2107 1946 2207
f 2285 2121 2088
f 2088 2121 2027
f 2253 2249 2254
f 2254 2249 2250
f 2006 2009 2077
f 2077 2009 2286
f 2289 2086 2288
f 2288 2086 2087
f 2223 2142 2290
f 2290 2142 2272
f 2128 2131 2143
f 2143 2131 2123
f 2156 2291 2153
f 2153 2291 2175
f 2292 2293 2278
f 2278 2293 2294
f 2075 2140 2123
f 2123 2140 2143
f 2262 2169 2275
f 2275 2169 2180
f 2275 2180 2136
f 2136 2180 2134
f 2274 2284 2038
f 2038 2284 2068
f 2127 2126 2182
f 2182 2126 2166
f 2094 2093 2098
f 2098 2093 2021
f 2098 2021 2099
f 2099 2021 2112
f 2018 2021 2266
f 2266 2021 2093
f 2251 2289 2252
f 2252 2289 2288
f 1997 2151 2226
f 2226 2151 2222
f 2206 2221 2220
f 2220 2221 2219
f 2269 2048 2139
f 2139 2048 2137
f 2159 2158 2281
f 2281 2158 2218
f 2156 2155 2190
f 2190 2155 2191
f 1974 1965 1583
f 1583 1965 1751
f 2088 2027 2089
f 2089 2027 2026
f 2030 2159 2031
f 2031 2159 2281
f 2106 2149 2102
f 2102 2149 2090
f 2287 1936 2106
f 2106 1936 2149
f 2293 2154 2294
f 2294 2154 2153
f 2021 2020 2112
f 2247 2295 2278
f 2278 2295 2292
f 2284 2296 2283
f 2283 2296 2297
f 2298 2296 2274
f 2274 2296 2284
f 2273 2299 2274
f 2274 2299 2298
f 2246 2300 2273
f 2273 2300 2299
f 2283 2297 2216
f 2216 2297 2301
f 2216 2301 2217
f 2217 2301 2302
f 2302 2303 2217
f 2217 2303 2282
f 2304 2301 2305
f 2305 2301 2297
f 2307 2308 2306
f 2306 2308 2309
f 2306 2310 2307
f 2307 2310 2311
f 2307 2312 2308
f 2308 2312 2313
f 2314 2315 2312
f 2312 2315 2316
f 2316 2317 2312
f 2312 2317 2313
f 2317 2305 2313
f 2313 2305 2318
f 2314 2312 2311
f 2311 2312 2307
f 2319 2320 2322
f 2322 2320 2321
f 2322 2311 2319
f 2319 2311 2310
f 2313 2318 2308
f 2308 2318 2309
f 2296 2298 2318
f 2318 2298 2309
f 2309 2298 2323
f 2323 2298 2299
f 2306 2309 2324
f 2324 2309 2323
f 2310 2306 2325
f 2325 2306 2324
f 2296 2318 2297
f 2297 2318 2305
f 2319 2310 2326
f 2326 2310 2325
f 2328 2325 2327
f 2327 2325 2324
f 2325 2328 2326
f 2326 2328 2329
f 2331 2328 2330
f 2330 2328 2327
f 2332 2333 2327
f 2327 2333 2330
f 2328 2331 2329
f 2329 2331 2334
f 2324 2323 2327
f 2327 2323 2332
f 2300 2332 2299
f 2299 2332 2323
f 2326 2335 2319
f 2319 2335 2320
f 2305 2317 2336
f 2336 2317 2316
f 2336 2316 2337
f 2337 2316 2315
f 2338 2304 2336
f 2336 2304 2305
f 2337 2339 2336
f 2336 2339 2338
f 2337 2315 2341
f 2341 2315 2340
f 2342 2300 2234
f 2234 2300 2246
f 2303 2343 2282
f 2282 2343 2233
f 2234 2233 2342
f 2342 2233 2343
f 2342 2343 2333
f 2333 2343 2344
f 2333 2344 2330
f 2330 2344 2345
f 2346 2344 2303
f 2303 2344 2343
f 2332 2300 2333
f 2333 2300 2342
f 2347 2346 2302
f 2302 2346 2303
f 2301 2304 2302
f 2302 2304 2347
f 2304 2338 2347
f 2347 2338 2348
f 2348 2349 2347
f 2347 2349 2346
f 2350 2351 2348
f 2348 2351 2349
f 2349 2345 2346
f 2346 2345 2344
f 2345 2349 2352
f 2352 2349 2351
f 2338 2339 2348
f 2348 2339 2350
f 2350 2339 2353
f 2353 2339 2354
f 2356 2357 2355
f 2355 2357 2353
f 2351 2350 2357
f 2357 2350 2353
f 2353 2354 2355
f 2355 2354 2335
f 2320 2335 2341
f 2341 2335 2354
f 2339 2337 2354
f 2354 2337 2341
f 2352 2331 2345
f 2345 2331 2330
f 2356 2334 2352
f 2352 2334 2331
f 2356 2352 2357
f 2357 2352 2351
f 2355 2329 2356
f 2356 2329 2334
f 2335 2326 2355
f 2355 2326 2329
f 2321 2314 2322
f 2322 2314 2311
f 2321 2320 2340
f 2340 2320 2341
f 2315 2314 2340
f 2340 2314 2321
f 2125 2260 2126
f 2126 2260 2259
f 2157 2160 2129
f 2129 2160 2130
f 2188 2163 2187
f 2187 2163 2162
f 2182 2166 2188
f 2188 2166 2163
f 2180 2169 2263
f 2263 2169 2168
f 2160 2187 2130
f 2130 2187 2162
f 2275 2260 2262
f 2262 2260 2125
f 2128 2263 2129
f 2129 2263 2168
f 2262 2205 2169
f 2169 2205 2170
f 2165 2166 2259
f 2259 2166 2126
f 2359 2360 2358
f 2358 2360 2361
f 2363 2364 2362
f 2362 2364 2365
f 2367 2363 2366
f 2366 2363 2362
f 2368 2369 2371
f 2371 2369 2370
f 2372 2373 2248
f 2248 2373 2059
f 2364 2374 2365
f 2365 2374 2375
f 2377 2378 2376
f 2376 2378 2379
f 2290 2380 2223
f 2223 2380 2381
f 2223 2381 2264
f 2264 2381 2382
f 2384 2385 2383
f 2383 2385 2386
f 2364 2371 2374
f 2374 2371 2387
f 2059 2373 2290
f 2290 2373 2380
f 2378 2360 2379
f 2379 2360 2388
f 2374 2387 2359
f 2359 2387 2389
f 2390 2367 2386
f 2386 2367 2391
f 2393 2394 2392
f 2392 2394 2395
f 2386 2391 2383
f 2383 2391 2396
f 2367 2366 2391
f 2391 2366 2397
f 2363 2367 2368
f 2368 2367 2390
f 2398 2399 2361
f 2361 2399 2358
f 2399 2400 2358
f 2358 2400 2375
f 2390 2401 2368
f 2368 2401 2369
f 2372 2384 2376
f 2376 2384 2383
f 2374 2359 2375
f 2375 2359 2358
f 2402 2403 2365
f 2365 2403 2362
f 2359 2389 2360
f 2360 2389 2388
f 2364 2363 2371
f 2371 2363 2368
f 2405 2398 2404
f 2404 2398 2361
f 2392 2395 2406
f 2406 2395 2397
f 2377 2396 2394
f 2394 2396 2395
f 2394 2393 2404
f 2404 2393 2405
f 2396 2377 2383
f 2383 2377 2376
f 2406 2397 2407
f 2407 2397 2366
f 2400 2402 2375
f 2375 2402 2365
f 2385 2270 2401
f 2401 2270 2271
f 2403 2407 2362
f 2362 2407 2366
f 2371 2370 2387
f 2387 2370 2382
f 2391 2397 2396
f 2396 2397 2395
f 2378 2377 2404
f 2404 2377 2394
f 2360 2378 2361
f 2361 2378 2404
f 2407 2408 2406
f 2406 2408 2409
f 2410 2408 2403
f 2403 2408 2407
f 2411 2410 2402
f 2402 2410 2403
f 2412 2411 2400
f 2400 2411 2402
f 2406 2409 2392
f 2392 2409 2413
f 2392 2413 2393
f 2393 2413 2414
f 2415 2405 2414
f 2414 2405 2393
f 2416 2413 2417
f 2417 2413 2409
f 2419 2420 2418
f 2418 2420 2421
f 2420 2422 2421
f 2421 2422 2423
f 2420 2424 2422
f 2422 2424 2425
f 2426 2427 2424
f 2424 2427 2428
f 2428 2429 2424
f 2424 2429 2425
f 2426 2424 2419
f 2419 2424 2420
f 2419 2418 2431
f 2431 2418 2430
f 2425 2432 2422
f 2422 2432 2423
f 2408 2410 2432
f 2432 2410 2423
f 2423 2410 2433
f 2433 2410 2411
f 2421 2423 2434
f 2434 2423 2433
f 2435 2418 2434
f 2434 2418 2421
f 2429 2417 2425
f 2425 2417 2432
f 2408 2432 2409
f 2409 2432 2417
f 2418 2435 2430
f 2430 2435 2436
f 2438 2435 2437
f 2437 2435 2434
f 2435 2438 2436
f 2436 2438 2439
f 2441 2438 2440
f 2440 2438 2437
f 2442 2443 2437
f 2437 2443 2440
f 2439 2438 2444
f 2444 2438 2441
f 2433 2442 2434
f 2434 2442 2437
f 2412 2442 2411
f 2411 2442 2433
f 2436 2445 2430
f 2430 2445 2446
f 2430 2446 2431
f 2431 2446 2447
f 2417 2429 2448
f 2448 2429 2428
f 2427 2449 2428
f 2428 2449 2448
f 2450 2416 2448
f 2448 2416 2417
f 2451 2450 2449
f 2449 2450 2448
f 2427 2452 2449
f 2449 2452 2453
f 2447 2446 2452
f 2452 2446 2453
f 2454 2412 2399
f 2399 2412 2400
f 2415 2455 2405
f 2405 2455 2398
f 2399 2398 2454
f 2454 2398 2455
f 2454 2455 2443
f 2443 2455 2456
f 2443 2456 2440
f 2440 2456 2457
f 2458 2456 2415
f 2415 2456 2455
f 2443 2442 2454
f 2454 2442 2412
f 2459 2458 2414
f 2414 2458 2415
f 2413 2416 2414
f 2414 2416 2459
f 2459 2416 2460
f 2460 2416 2450
f 2460 2461 2459
f 2459 2461 2458
f 2462 2463 2460
f 2460 2463 2461
f 2461 2457 2458
f 2458 2457 2456
f 2457 2461 2464
f 2464 2461 2463
f 2451 2462 2450
f 2450 2462 2460
f 2462 2451 2465
f 2465 2451 2466
f 2468 2469 2467
f 2467 2469 2465
f 2463 2462 2469
f 2469 2462 2465
f 2465 2466 2467
f 2467 2466 2445
f 2446 2445 2453
f 2453 2445 2466
f 2451 2449 2466
f 2466 2449 2453
f 2464 2441 2457
f 2457 2441 2440
f 2468 2444 2464
f 2464 2444 2441
f 2468 2464 2469
f 2469 2464 2463
f 2467 2439 2468
f 2468 2439 2444
f 2445 2436 2467
f 2467 2436 2439
f 2447 2426 2431
f 2431 2426 2419
f 2427 2426 2452
f 2452 2426 2447
f 2369 2179 2370
f 2370 2179 2178
f 2376 2379 2372
f 2372 2379 2373
f 2389 2381 2388
f 2388 2381 2380
f 2387 2382 2389
f 2389 2382 2381
f 2270 2385 2277
f 2277 2385 2384
f 2379 2388 2373
f 2373 2388 2380
f 2401 2271 2369
f 2369 2271 2179
f 2248 2277 2372
f 2372 2277 2384
f 2401 2390 2385
f 2385 2390 2386
f 2264 2382 2178
f 2178 2382 2370
f 2215 2134 2271
f 2271 2134 2179
f 2005 2000 2199
f 2199 2000 2215
f 2004 2001 2005
f 2005 2001 2000
f 2200 2214 2004
f 2004 2214 2001
f 2470 2471 2473
f 2473 2471 2472
f 2475 2476 2474
f 2474 2476 2477
f 2479 2475 2478
f 2478 2475 2474
f 2481 2482 2480
f 2480 2482 2483
f 2476 2484 2477
f 2477 2484 2485
f 2487 2488 2486
f 2486 2488 2489
f 2133 2490 2058
f 2058 2490 2491
f 2058 2491 2247
f 2247 2491 2492
f 2494 2495 2493
f 2493 2495 2496
f 2476 2483 2484
f 2484 2483 2497
f 2472 2498 2488
f 2488 2498 2489
f 2484 2497 2471
f 2471 2497 2499
f 2500 2479 2496
f 2496 2479 2501
f 2502 2503 2505
f 2505 2503 2504
f 2496 2501 2493
f 2493 2501 2506
f 2479 2478 2501
f 2501 2478 2507
f 2475 2479 2480
f 2480 2479 2500
f 2508 2509 2473
f 2473 2509 2470
f 2509 2510 2470
f 2470 2510 2485
f 2511 2481 2500
f 2500 2481 2480
f 2512 2494 2486
f 2486 2494 2493
f 2485 2484 2470
f 2470 2484 2471
f 2513 2514 2477
f 2477 2514 2474
f 2471 2499 2472
f 2472 2499 2498
f 2476 2475 2483
f 2483 2475 2480
f 2516 2508 2515
f 2515 2508 2473
f 2502 2505 2517
f 2517 2505 2507
f 2504 2487 2505
f 2505 2487 2506
f 2503 2516 2504
f 2504 2516 2515
f 2506 2487 2493
f 2493 2487 2486
f 2517 2507 2518
f 2518 2507 2478
f 2510 2513 2485
f 2485 2513 2477
f 2511 2495 2293
f 2293 2495 2154
f 2514 2518 2474
f 2474 2518 2478
f 2483 2482 2497
f 2497 2482 2492
f 2501 2507 2506
f 2506 2507 2505
f 2488 2487 2515
f 2515 2487 2504
f 2472 2488 2473
f 2473 2488 2515
f 2518 2519 2517
f 2517 2519 2520
f 2521 2519 2514
f 2514 2519 2518
f 2522 2521 2513
f 2513 2521 2514
f 2523 2522 2510
f 2510 2522 2513
f 2517 2520 2502
f 2502 2520 2524
f 2502 2524 2503
f 2503 2524 2525
f 2525 2526 2503
f 2503 2526 2516
f 2527 2524 2528
f 2528 2524 2520
f 2530 2531 2529
f 2529 2531 2532
f 2531 2533 2532
f 2532 2533 2534
f 2531 2535 2533
f 2533 2535 2536
f 2537 2538 2535
f 2535 2538 2539
f 2539 2540 2535
f 2535 2540 2536
f 2537 2535 2530
f 2530 2535 2531
f 2529 2541 2530
f 2530 2541 2542
f 2543 2534 2536
f 2536 2534 2533
f 2519 2521 2543
f 2543 2521 2534
f 2534 2521 2544
f 2544 2521 2522
f 2532 2534 2545
f 2545 2534 2544
f 2529 2532 2546
f 2546 2532 2545
f 2536 2540 2543
f 2543 2540 2528
f 2519 2543 2520
f 2520 2543 2528
f 2541 2529 2547
f 2547 2529 2546
f 2548 2549 2545
f 2545 2549 2546
f 2549 2550 2546
f 2546 2550 2547
f 2551 2552 2548
f 2548 2552 2549
f 2548 2553 2551
f 2551 2553 2554
f 2550 2549 2555
f 2555 2549 2552
f 2545 2544 2548
f 2548 2544 2553
f 2523 2553 2522
f 2522 2553 2544
f 2547 2556 2541
f 2541 2556 2557
f 2541 2557 2542
f 2542 2557 2558
f 2528 2540 2559
f 2559 2540 2539
f 2538 2560 2539
f 2539 2560 2559
f 2561 2527 2559
f 2559 2527 2528
f 2560 2562 2559
f 2559 2562 2561
f 2560 2538 2564
f 2564 2538 2563
f 2558 2557 2563
f 2563 2557 2564
f 2565 2523 2509
f 2509 2523 2510
f 2526 2566 2516
f 2516 2566 2508
f 2509 2508 2565
f 2565 2508 2566
f 2565 2566 2554
f 2554 2566 2567
f 2554 2567 2551
f 2551 2567 2568
f 2569 2567 2526
f 2526 2567 2566
f 2553 2523 2554
f 2554 2523 2565
f 2570 2569 2525
f 2525 2569 2526
f 2524 2527 2525
f 2525 2527 2570
f 2527 2561 2570
f 2570 2561 2571
f 2571 2572 2570
f 2570 2572 2569
f 2573 2574 2571
f 2571 2574 2572
f 2572 2568 2569
f 2569 2568 2567
f 2568 2572 2575
f 2575 2572 2574
f 2562 2573 2561
f 2561 2573 2571
f 2573 2562 2576
f 2576 2562 2577
f 2579 2580 2578
f 2578 2580 2576
f 2574 2573 2580
f 2580 2573 2576
f 2576 2577 2578
f 2578 2577 2556
f 2557 2556 2564
f 2564 2556 2577
f 2562 2560 2577
f 2577 2560 2564
f 2575 2552 2568
f 2568 2552 2551
f 2579 2555 2575
f 2575 2555 2552
f 2579 2575 2580
f 2580 2575 2574
f 2550 2555 2578
f 2578 2555 2579
f 2556 2547 2578
f 2578 2547 2550
f 2558 2537 2542
f 2542 2537 2530
f 2538 2537 2563
f 2563 2537 2558
f 2292 2295 2481
f 2481 2295 2482
f 2486 2489 2512
f 2512 2489 2581
f 2499 2491 2498
f 2498 2491 2490
f 2497 2492 2499
f 2499 2492 2491
f 2155 2154 2494
f 2494 2154 2495
f 2581 2489 2490
f 2490 2489 2498
f 2293 2292 2511
f 2511 2292 2481
f 2191 2155 2512
f 2512 2155 2494
f 2500 2496 2511
f 2511 2496 2495
f 2247 2492 2295
f 2295 2492 2482
f 2583 2584 2582
f 2582 2584 2585
f 2587 2588 2586
f 2586 2588 2589
f 2591 2587 2590
f 2590 2587 2586
f 2593 2594 2592
f 2592 2594 2595
f 2596 2597 2599
f 2599 2597 2598
f 2588 2600 2589
f 2589 2600 2601
f 2602 2603 2605
f 2605 2603 2604
f 2606 2607 2609
f 2609 2607 2608
f 2609 2608 2190
f 2190 2608 2610
f 2611 2612 2614
f 2614 2612 2613
f 2600 2588 2615
f 2615 2588 2595
f 2599 2598 2606
f 2606 2598 2607
f 2584 2616 2604
f 2604 2616 2605
f 2600 2615 2583
f 2583 2615 2617
f 2591 2619 2618
f 2618 2619 2614
f 2621 2622 2620
f 2620 2622 2623
f 2619 2624 2614
f 2614 2624 2611
f 2591 2590 2619
f 2619 2590 2625
f 2587 2591 2592
f 2592 2591 2618
f 2626 2627 2585
f 2585 2627 2582
f 2627 2628 2582
f 2582 2628 2601
f 2629 2593 2618
f 2618 2593 2592
f 2602 2597 2611
f 2611 2597 2612
f 2600 2583 2601
f 2601 2583 2582
f 2630 2631 2589
f 2589 2631 2586
f 2583 2617 2584
f 2584 2617 2616
f 2588 2587 2595
f 2595 2587 2592
f 2633 2626 2632
f 2632 2626 2585
f 2620 2623 2634
f 2634 2623 2625
f 2622 2603 2623
f 2623 2603 2624
f 2621 2633 2622
f 2622 2633 2632
f 2611 2624 2602
f 2602 2624 2603
f 2634 2625 2635
f 2635 2625 2590
f 2628 2630 2601
f 2601 2630 2589
f 2613 2195 2629
f 2629 2195 2194
f 2631 2635 2586
f 2586 2635 2590
f 2595 2594 2615
f 2615 2594 2610
f 2619 2625 2624
f 2624 2625 2623
f 2632 2604 2622
f 2622 2604 2603
f 2585 2584 2632
f 2632 2584 2604
f 2635 2636 2634
f 2634 2636 2637
f 2638 2636 2631
f 2631 2636 2635
f 2639 2638 2630
f 2630 2638 2631
f 2640 2639 2628
f 2628 2639 2630
f 2634 2637 2620
f 2620 2637 2641
f 2620 2641 2621
f 2621 2641 2642
f 2642 2643 2621
f 2621 2643 2633
f 2641 2637 2644
f 2644 2637 2645
f 2646 2647 2649
f 2649 2647 2648
f 2648 2650 2649
f 2649 2650 2651
f 2648 2652 2650
f 2650 2652 2653
f 2652 2654 2656
f 2656 2654 2655
f 2656 2657 2652
f 2652 2657 2653
f 2654 2652 2647
f 2647 2652 2648
f 2647 2646 2659
f 2659 2646 2658
f 2660 2651 2653
f 2653 2651 2650
f 2636 2638 2660
f 2660 2638 2651
f 2651 2638 2661
f 2661 2638 2639
f 2651 2661 2649
f 2649 2661 2662
f 2663 2646 2662
f 2662 2646 2649
f 2653 2657 2660
f 2660 2657 2645
f 2636 2660 2637
f 2637 2660 2645
f 2646 2663 2658
f 2658 2663 2664
f 2665 2666 2662
f 2662 2666 2663
f 2666 2667 2663
f 2663 2667 2664
f 2668 2669 2665
f 2665 2669 2666
f 2665 2670 2668
f 2668 2670 2671
f 2667 2666 2672
f 2672 2666 2669
f 2662 2661 2665
f 2665 2661 2670
f 2640 2670 2639
f 2639 2670 2661
f 2673 2674 2664
f 2664 2674 2658
f 2658 2674 2659
f 2659 2674 2675
f 2645 2657 2676
f 2676 2657 2656
f 2677 2676 2655
f 2655 2676 2656
f 2676 2678 2645
f 2645 2678 2644
f 2677 2679 2676
f 2676 2679 2678
f 2655 2680 2677
f 2677 2680 2681
f 2675 2674 2680
f 2680 2674 2681
f 2682 2640 2627
f 2627 2640 2628
f 2643 2683 2633
f 2633 2683 2626
f 2682 2627 2683
f 2683 2627 2626
f 2683 2684 2682
f 2682 2684 2671
f 2684 2685 2671
f 2671 2685 2668
f 2686 2684 2643
f 2643 2684 2683
f 2670 2640 2671
f 2671 2640 2682
f 2687 2686 2642
f 2642 2686 2643
f 2642 2641 2687
f 2687 2641 2644
f 2687 2644 2688
f 2688 2644 2678
f 2688 2689 2687
f 2687 2689 2686
f 2690 2691 2688
f 2688 2691 2689
f 2689 2685 2686
f 2686 2685 2684
f 2685 2689 2692
f 2692 2689 2691
f 2679 2690 2678
f 2678 2690 2688
f 2690 2679 2693
f 2693 2679 2694
f 2696 2697 2695
f 2695 2697 2693
f 2691 2690 2697
f 2697 2690 2693
f 2693 2694 2695
f 2695 2694 2673
f 2674 2673 2681
f 2681 2673 2694
f 2679 2677 2694
f 2694 2677 2681
f 2685 2692 2668
f 2668 2692 2669
f 2696 2672 2692
f 2692 2672 2669
f 2696 2692 2697
f 2697 2692 2691
f 2695 2667 2696
f 2696 2667 2672
f 2673 2664 2695
f 2695 2664 2667
f 2675 2654 2659
f 2659 2654 2647
f 2655 2654 2680
f 2680 2654 2675
f 2291 2156 2593
f 2593 2156 2594
f 2597 2602 2598
f 2598 2602 2605
f 2616 2617 2607
f 2607 2617 2608
f 2615 2610 2617
f 2617 2610 2608
f 2597 2596 2612
f 2612 2596 2698
f 2598 2605 2607
f 2607 2605 2616
f 2194 2291 2629
f 2629 2291 2593
f 2629 2618 2613
f 2613 2618 2614
f 2190 2610 2156
f 2156 2610 2594
f 2700 2010 2699
f 2699 2010 2086
f 2267 2701 2116
f 2116 2701 2702
f 2116 2702 2117
f 2117 2702 2703
f 2704 2705 2250
f 2250 2705 2254
f 2011 2706 2267
f 2267 2706 2701
f 2699 2086 2707
f 2707 2086 2289
f 2010 2700 2011
f 2011 2700 2706
f 2708 2707 2251
f 2251 2707 2289
f 2703 2704 2117
f 2117 2704 2250
f 2705 2708 2254
f 2254 2708 2251
f 2709 2710 2708
f 2708 2710 2707
f 2711 2709 2705
f 2705 2709 2708
f 2712 2711 2704
f 2704 2711 2705
f 2713 2712 2703
f 2703 2712 2704
f 2707 2710 2699
f 2699 2710 2714
f 2699 2714 2700
f 2700 2714 2715
f 2716 2706 2715
f 2715 2706 2700
f 2714 2710 2717
f 2717 2710 2718
f 2720 2721 2719
f 2719 2721 2722
f 2721 2723 2722
f 2722 2723 2724
f 2721 2725 2723
f 2723 2725 2726
f 2727 2728 2725
f 2725 2728 2726
f 2729 2725 2720
f 2720 2725 2721
f 2731 2729 2730
f 2730 2729 2720
f 2719 2732 2720
f 2720 2732 2730
f 2726 2733 2723
f 2723 2733 2724
f 2709 2711 2733
f 2733 2711 2724
f 2724 2711 2734
f 2734 2711 2712
f 2722 2724 2735
f 2735 2724 2734
f 2719 2722 2736
f 2736 2722 2735
f 2726 2728 2733
f 2733 2728 2718
f 2709 2733 2710
f 2710 2733 2718
f 2732 2719 2737
f 2737 2719 2736
f 2738 2739 2735
f 2735 2739 2736
f 2739 2740 2736
f 2736 2740 2737
f 2741 2742 2738
f 2738 2742 2739
f 2738 2743 2741
f 2741 2743 2744
f 2740 2739 2745
f 2745 2739 2742
f 2735 2734 2738
f 2738 2734 2743
f 2713 2743 2712
f 2712 2743 2734
f 2737 2746 2732
f 2732 2746 2747
f 2732 2747 2730
f 2730 2747 2731
f 2718 2728 2748
f 2748 2728 2727
f 2749 2750 2727
f 2727 2750 2748
f 2748 2751 2718
f 2718 2751 2717
f 2750 2752 2748
f 2748 2752 2751
f 2750 2749 2754
f 2754 2749 2753
f 2731 2747 2753
f 2753 2747 2754
f 2727 2725 2749
f 2749 2725 2729
f 2749 2729 2753
f 2753 2729 2731
f 2702 2755 2703
f 2703 2755 2713
f 2706 2716 2701
f 2701 2716 2756
f 2755 2702 2756
f 2756 2702 2701
f 2756 2757 2755
f 2755 2757 2744
f 2757 2758 2744
f 2744 2758 2741
f 2759 2757 2716
f 2716 2757 2756
f 2743 2713 2744
f 2744 2713 2755
f 2760 2759 2715
f 2715 2759 2716
f 2715 2714 2760
f 2760 2714 2717
f 2760 2717 2761
f 2761 2717 2751
f 2761 2762 2760
f 2760 2762 2759
f 2763 2764 2761
f 2761 2764 2762
f 2762 2758 2759
f 2759 2758 2757
f 2758 2762 2765
f 2765 2762 2764
f 2752 2763 2751
f 2751 2763 2761
f 2763 2752 2766
f 2766 2752 2767
f 2768 2769 2766
f 2766 2769 2770
f 2764 2763 2770
f 2770 2763 2766
f 2766 2767 2768
f 2768 2767 2746
f 2747 2746 2754
f 2754 2746 2767
f 2752 2750 2767
f 2767 2750 2754
f 2758 2765 2741
f 2741 2765 2742
f 2769 2745 2765
f 2765 2745 2742
f 2769 2765 2770
f 2770 2765 2764
f 2768 2740 2769
f 2769 2740 2745
f 2746 2737 2768
f 2768 2737 2740
f 2201 2212 2200
f 2200 2212 2214
f 2201 2202 2212
f 2212 2202 2185
f 2512 2581 2191
f 2191 2581 2192
f 2059 2290 2056
f 2056 2290 2272
f 2174 2199 2294
f 2294 2199 2278
f 2063 2175 2194
f 2194 2175 2291
f 2192 2581 2133
f 2133 2581 2490
f 2133 2132 2192
f 2192 2132 2189
f 2054 2276 2055
f 2055 2276 2138
f 2083 2279 2084
f 2084 2279 2771
f 2771 2279 2599
f 2599 2279 2596
f 2606 2772 2599
f 2599 2772 2771
f 2772 2773 2771
f 2771 2773 2084
f 2773 2774 2084
f 2084 2774 2085
f 2085 2775 2082
f 2082 2775 2144
f 2774 2078 2085
f 2085 2078 2775
f 2078 2774 2079
f 2079 2774 2776
f 2774 2773 2776
f 2776 2773 2777
f 2773 2772 2777
f 2777 2772 2778
f 2190 2189 2609
f 2609 2189 2778
f 2053 2052 2779
f 2779 2052 2181
f 2144 2775 2081
f 2081 2775 2078
f 2294 2153 2174
f 2174 2153 2175
f 2132 2276 2189
f 2189 2276 2778
f 2606 2609 2772
f 2772 2609 2778
f 2195 2613 2698
f 2698 2613 2612
f 2596 2279 2698
f 2698 2279 2195
f 2054 2777 2276
f 2276 2777 2778
f 2777 2054 2776
f 2776 2054 2053
f 2053 2779 2776
f 2776 2779 2079
f 2779 2181 2079
f 2079 2181 2080
f 2181 2239 2080
f 2080 2239 2240
f 2122 2256 2014
f 2042 1982 2076
f 2076 1982 2007
f 1982 1985 2007
f 2007 1985 2008
f 2095 2097 2265
f 2265 2097 2266
f 2076 2050 2042
f 2042 2050 2047
f 2046 2043 2047
f 2047 2043 2042
f 2118 1993 2046
f 2046 1993 2043
f 1995 1994 2118
f 2118 1994 1993
f 2267 1992 2011
f 2011 1992 2012
f 1997 2012 1994
f 1994 2012 1992
f 2226 2013 1997
f 1997 2013 2012
f 2225 2087 2226
f 2226 2087 2013
f 2225 2232 2087
f 2087 2232 2288
f 2232 2070 2288
f 2288 2070 2252
f 2070 2025 2252
f 2252 2025 2253
f 1988 2249 2025
f 2025 2249 2253
f 2116 2115 2267
f 2267 2115 2268
f 2096 1984 2237
f 2237 1984 1991
f 2095 1985 2096
f 2096 1985 1984
f 2265 2008 2095
f 2095 2008 1985
f 2092 2009 2265
f 2265 2009 2008
f 2091 2286 2092
f 2092 2286 2009
f 2255 2238 2091
f 2091 2238 2286
f 2256 2239 2255
f 2255 2239 2238
f 2122 2240 2256
f 2256 2240 2239
f 2121 2241 2122
f 2122 2241 2240
f 2022 2018 2097
f 2097 2018 2266
f 2022 2024 2018
f 2018 2024 2019
f 2024 2072 2019
f 2019 2072 2073
f 2072 2228 2073
f 2073 2228 2230
f 2228 2184 2230
f 2230 2184 2183
f 2121 2285 2241
f 2241 2285 2258
f 2285 2036 2258
f 2258 2036 2257
f 2177 2145 2193
f 2193 2145 2257
f 2173 2193 2196
f 2196 2193 2037
f 2036 2037 2257
f 2257 2037 2193
f 2196 2037 2066
f 2066 2037 2035
f 2061 2108 2034
f 2034 2108 2067
f 2108 2208 2067
f 2067 2208 2204
f 2208 2210 2204
f 2204 2210 2203
f 2210 2280 2203
f 2203 2280 2186
f 2183 2186 2235
f 2235 2186 2280
f 1987 2114 1988
f 1988 2114 2249
f 2237 2115 1987
f 1987 2115 2114
f 1991 2268 2237
f 2237 2268 2115
f 1991 1990 2268
f 2268 1990 1992
f 107 110 2781
f 2781 110 2780
f 117 2782 118
f 118 2782 2783
f 119 2784 120
f 120 2784 2785
f 125 2786 126
f 126 2786 2787
f 127 2788 128
f 128 2788 2789
f 127 132 2788
f 2788 132 2790
f 231 230 2792
f 2792 230 2791
f 118 2783 119
f 119 2783 2784
f 241 243 2794
f 2794 243 2793
f 2781 2795 107
f 107 2795 352
f 120 2785 437
f 437 2785 2796
f 126 2787 110
f 110 2787 2780
f 455 2797 456
f 456 2797 2798
f 128 2789 457
f 457 2789 2799
f 456 2798 117
f 117 2798 2782
f 2794 2797 241
f 241 2797 455
f 457 2799 125
f 125 2799 2786
f 132 231 2790
f 2790 231 2792
f 230 437 2791
f 2791 437 2796
f 2792 2789 2790
f 2790 2789 2788
f 2785 2784 2801
f 2801 2784 2800
f 2786 2802 2787
f 2787 2802 2803
f 2792 2791 2805
f 2805 2791 2804
f 2784 2783 2800
f 2800 2783 2806
f 2785 2801 2796
f 2796 2801 2807
f 2787 2803 2780
f 2780 2803 2808
f 2789 2809 2799
f 2799 2809 2810
f 2799 2810 2786
f 2786 2810 2802
f 2791 2796 2804
f 2804 2796 2807
f 2789 2792 2809
f 2809 2792 2805
f 2812 2797 2811
f 2811 2797 2794
f 2809 2805 2810
f 2810 2805 2804
f 2810 2804 2802
f 2802 2804 2807
f 2802 2807 2803
f 2803 2807 2801
f 2808 2803 2800
f 2800 2803 2801
f 2814 699 2813
f 2813 699 698
f 2808 2815 2780
f 2780 2815 2781
f 2817 2782 2816
f 2816 2782 2798
f 2815 2818 2781
f 2781 2818 2795
f 2797 2812 2798
f 2798 2812 2816
f 2783 2782 2806
f 2806 2782 2817
f 2800 2806 2808
f 2808 2806 2815
f 2794 2793 2811
f 2811 2793 2819
f 174 201 384
f 384 201 362
f 200 1766 390
f 390 1766 1777
f 1777 1778 390
f 390 1778 398
f 1778 361 398
f 398 361 222
f 2820 2821 628
f 628 2821 629
f 1406 2820 790
f 790 2820 628
f 794 1415 1233
f 1233 1415 1234
f 1406 790 1407
f 1407 790 1312
f 1407 1312 2822
f 2822 1312 1316
f 2823 1380 1543
f 1543 1380 1379
f 1385 1738 1382
f 1382 1738 1383
f 1381 791 1382
f 1382 791 1386
f 791 794 1386
f 1386 794 1233
f 1259 1390 1260
f 1260 1390 1389
f 1905 1542 1394
f 1394 1542 1395
f 1410 1413 1397
f 1397 1413 1398
f 2821 1410 629
f 629 1410 1397
f 2823 2822 1380
f 1380 2822 1316
f 1392 1395 1378
f 1378 1395 1379
f 1738 1399 1383
f 1383 1399 1398
f 1388 1235 1389
f 1389 1235 1234
f 1393 1391 1394
f 1394 1391 1390
f 1381 1384 779
f 779 1384 780
f 1282 788 792
f 792 788 793
f 1431 1262 1432
f 1432 1262 1261
f 1400 1342 1408
f 1408 1342 1409
f 1508 1544 1411
f 1411 1544 1412
f 788 787 793
f 793 787 1414
f 2821 2820 1429
f 1429 2820 1430
f 2822 2823 1506
f 1506 2823 1507
f 778 1282 779
f 779 1282 792
f 2820 1406 1430
f 1430 1406 1409
f 1410 2821 1411
f 1411 2821 1429
f 1407 2822 1408
f 1408 2822 1506
f 1544 781 1412
f 1412 781 780
f 1260 1415 1261
f 1261 1415 1414
f 1334 2824 923
f 923 2824 924
f 2826 1268 2825
f 2825 1268 1267
f 769 1212 2827
f 2827 1212 2828
f 1492 1190 1266
f 1266 1190 1267
f 1488 2829 1489
f 1489 2829 2830
f 922 1329 923
f 923 1329 1328
f 1484 2831 1485
f 1485 2831 2832
f 1482 2833 1485
f 1485 2833 1486
f 1324 1493 1489
f 1489 1493 1490
f 1265 1491 1266
f 1266 1491 1490
f 2835 2836 2834
f 2834 2836 2837
f 1250 2838 2827
f 2827 2838 2839
f 1488 1491 2840
f 2840 1491 2841
f 1268 2826 2842
f 2842 2826 2843
f 2844 2845 1495
f 1495 2845 1496
f 1427 2847 2846
f 2846 2847 926
f 2829 1488 2848
f 2848 1488 2840
f 1329 922 2849
f 2849 922 927
f 2850 2851 768
f 768 2851 1213
f 1265 1268 2852
f 2852 1268 2842
f 1491 1265 2841
f 2841 1265 2852
f 2854 2855 2853
f 2853 2855 2856
f 2855 2857 2856
f 2856 2857 598
f 2857 2858 598
f 598 2858 595
f 2858 2859 595
f 595 2859 626
f 649 652 2860
f 2860 652 2861
f 639 642 2862
f 2862 642 2863
f 2864 705 2862
f 2862 705 639
f 2865 1418 2864
f 2864 1418 705
f 2866 2867 2865
f 2865 2867 1418
f 1760 1348 1761
f 1761 1348 2867
f 1764 2868 1197
f 1197 2868 1198
f 2869 611 2868
f 2868 611 1198
f 2870 612 2869
f 2869 612 611
f 1352 1350 944
f 944 1350 688
f 1350 1256 688
f 688 1256 685
f 1256 1255 685
f 685 1255 692
f 1255 2871 692
f 692 2871 2872
f 701 2873 698
f 698 2873 2813
f 2872 1349 692
f 692 1349 693
f 1696 1744 1574
f 1574 1744 1575
f 1753 1618 1577
f 1577 1618 1578
f 1729 1594 1608
f 1608 1594 1609
f 1725 1630 1611
f 1611 1630 1612
f 1604 1607 1625
f 1625 1607 1626
f 1624 1703 1625
f 1625 1703 1912
f 1703 1702 1912
f 1912 1702 1913
f 1702 1753 1913
f 1913 1753 1577
f 1598 1569 1915
f 1915 1569 1578
f 1616 1615 1915
f 1915 1615 1916
f 1615 1696 1916
f 1916 1696 1574
f 1744 1745 1575
f 1575 1745 1917
f 1745 1565 1917
f 1917 1565 1609
f 1568 1725 1608
f 1608 1725 1611
f 2874 1613 1918
f 1918 1613 1612
f 1607 2874 1626
f 1626 2874 1918
f 1610 1613 1562
f 1562 1613 1563
f 1547 1550 1570
f 1570 1550 1571
f 1573 1576 1580
f 1580 1576 1581
f 1553 1556 1595
f 1595 1556 1596
f 1556 1582 1596
f 1596 1582 1581
f 1551 1547 1599
f 1599 1547 1570
f 1731 1914 1601
f 1601 1914 1602
f 1686 1689 1605
f 1605 1689 1606
f 1598 1743 1599
f 1599 1743 1692
f 2874 1607 1723
f 1723 1607 1606
f 1727 1553 1730
f 1730 1553 1595
f 1600 1686 1601
f 1601 1686 1605
f 1914 1572 1602
f 1602 1572 1571
f 1579 1693 1580
f 1580 1693 1692
f 1613 2874 1563
f 1563 2874 1723
f 1561 1727 1562
f 1562 1727 1730
f 1949 1742 1548
f 1548 1742 1549
f 1694 1949 1552
f 1552 1949 1548
f 1954 1589 1554
f 1554 1589 1555
f 1693 1579 1558
f 1558 1579 1559
f 1561 1564 1584
f 1584 1564 1585
f 1582 1556 1588
f 1588 1556 1555
f 1600 1603 1591
f 1591 1603 1592
f 1981 1977 1687
f 1687 1977 1688
f 1564 1722 1585
f 1585 1722 1690
f 1551 1693 1552
f 1552 1693 1558
f 1751 1954 1728
f 1728 1954 1554
f 1590 1981 1591
f 1591 1981 1687
f 1603 1550 1592
f 1592 1550 1549
f 1977 1691 1688
f 1688 1691 1690
f 1587 1560 1588
f 1588 1560 1559
f 1727 1561 1728
f 1728 1561 1584
f 2875 1919 1947
f 1947 1919 1948
f 1557 1560 1952
f 1952 1560 1953
f 1933 1932 1955
f 1955 1932 1956
f 1587 1589 1958
f 1958 1589 1956
f 1959 1933 1965
f 1965 1933 1955
f 1961 1964 1966
f 1966 1964 1967
f 1981 1590 1969
f 1969 1590 1967
f 1742 1949 1972
f 1972 1949 1948
f 1593 1742 1966
f 1966 1742 1972
f 1957 1950 1958
f 1958 1950 1953
f 1583 1586 1974
f 1974 1586 1975
f 1940 1943 1978
f 1978 1943 1979
f 1943 1976 1979
f 1979 1976 1975
f 1951 2875 1952
f 1952 2875 1947
f 1968 1940 1969
f 1969 1940 1978
f 1973 1959 1974
f 1974 1959 1965
f 1923 1971 1920
f 1920 1971 1921
f 1919 2875 1920
f 1920 2875 1924
f 2875 1951 1924
f 1924 1951 1926
f 1950 1957 1929
f 1929 1957 1930
f 2244 2243 1934
f 1934 2243 1935
f 1973 1976 1937
f 1937 1976 1938
f 1944 1980 1941
f 1941 1980 1942
f 1940 1968 1941
f 1941 1968 1945
f 2287 2244 1960
f 1960 2244 1934
f 1970 2245 1962
f 1962 2245 1963
f 2243 1931 1935
f 1935 1931 1930
f 1927 1926 1928
f 1928 1926 1929
f 1961 1922 1962
f 1962 1922 1921
f 2245 1946 1963
f 1963 1946 1945
f 1976 1943 1938
f 1938 1943 1942
f 1936 2287 1937
f 1937 2287 1960
f 743 1238 608
f 608 1238 609
f 607 1811 608
f 608 1811 744
f 1304 2876 1305
f 1305 2876 2877
f 586 585 1298
f 1298 585 1299
f 585 702 1299
f 1299 702 1300
f 702 1428 1300
f 1300 1428 1301
f 1238 586 609
f 609 586 1298
f 2878 2879 1218
f 1218 2879 2877
f 2880 2881 1812
f 1812 2881 1819
f 2883 1821 2882
f 2882 1821 1820
f 2840 2841 620
f 620 2841 621
f 2842 2843 795
f 795 2843 796
f 892 895 2844
f 2844 895 2845
f 2848 2840 942
f 942 2840 620
f 2849 927 1202
f 1202 927 1203
f 2852 2842 1270
f 1270 2842 795
f 2841 2852 621
f 621 2852 1270
f 941 1759 942
f 942 1759 2884
f 659 929 1427
f 1427 929 2847
f 1237 2851 751
f 751 2851 2850
f 1216 2885 1217
f 1217 2885 1754
f 2887 734 2886
f 2886 734 733
f 2889 1816 2888
f 2888 1816 1815
f 2890 1245 2889
f 2889 1245 1816
f 1824 2891 1825
f 1825 2891 1246
f 2892 2893 2895
f 2895 2893 2894
f 1854 1833 1851
f 1851 1833 1832
f 1851 1832 1884
f 1884 1832 1876
f 1884 1876 1441
f 1441 1876 1443
f 1441 1443 1442
f 1442 1443 1446
f 1442 1446 2896
f 2896 1446 1507
f 2897 2823 2898
f 2898 2823 1543
f 1542 2899 1543
f 1543 2899 2898
f 1542 1905 2899
f 2899 1905 2900
f 1905 1259 2900
f 2900 1259 2901
f 1262 1431 2902
f 2902 1431 1904
f 1431 1434 1904
f 1904 1434 1902
f 1902 1434 2903
f 2903 1434 719
f 2903 719 2904
f 2904 719 718
f 1869 1881 718
f 718 1881 2904
f 1881 1869 1880
f 1880 1869 756
f 1880 756 2905
f 2905 756 755
f 2905 755 2906
f 2906 755 758
f 762 2907 763
f 763 2907 2908
f 724 723 2909
f 2909 723 894
f 796 895 723
f 723 895 894
f 2843 2845 796
f 796 2845 895
f 2826 1496 2843
f 2843 1496 2845
f 2825 1497 2826
f 2826 1497 1496
f 1189 2836 2825
f 2825 2836 1497
f 797 891 798
f 798 891 2837
f 802 888 797
f 797 888 891
f 2910 2911 2913
f 2913 2911 2912
f 1780 1783 2915
f 2915 1783 2914
f 2916 2917 831
f 831 2917 832
f 2918 2919 845
f 845 2919 846
f 2920 2916 847
f 847 2916 831
f 2921 2922 857
f 857 2922 858
f 2923 2924 860
f 860 2924 861
f 2919 2912 846
f 846 2912 887
f 2925 2920 940
f 940 2920 847
f 2924 2926 861
f 861 2926 1204
f 2917 2918 832
f 832 2918 845
f 2927 2928 1449
f 1449 2928 1450
f 2929 2930 889
f 889 2930 2931
f 2896 1507 2897
f 2897 1507 2823
f 2902 2901 1262
f 1262 2901 1259
f 2932 2933 750
f 750 2933 1236
f 2933 2934 1236
f 1236 2934 1835
f 2936 2937 2935
f 2935 2937 2938
f 2940 2941 2939
f 2939 2941 2942
f 2943 2944 1841
f 1841 2944 1842
f 2945 1860 2944
f 2944 1860 1842
f 2945 2946 1860
f 1860 2946 1859
f 1889 2947 1890
f 1890 2947 1856
f 1856 2947 1857
f 1857 2947 2948
f 2950 709 2949
f 2949 709 1829
f 2952 730 2951
f 2951 730 729
f 2866 2953 2867
f 2867 2953 1761
f 2953 2954 1761
f 1761 2954 1420
f 2954 2955 1420
f 1420 2955 742
f 2955 2956 742
f 742 2956 739
f 2956 2957 739
f 739 2957 760
f 2957 2958 760
f 760 2958 761
f 2958 2959 761
f 761 2959 2960
f 2959 2961 2960
f 2960 2961 2962
f 2963 2964 1839
f 1839 2964 1840
f 2964 2965 1840
f 1840 2965 2942
f 2966 2950 2939
f 2939 2950 2949
f 2935 2967 2936
f 2936 2967 2968
f 2969 2970 736
f 736 2970 735
f 734 2887 1815
f 1815 2887 2888
f 2887 2882 2888
f 2888 2882 2881
f 1819 1820 1817
f 1817 1820 748
f 1195 1757 1197
f 1197 1757 1424
f 1757 647 1424
f 1424 647 646
f 647 648 646
f 646 648 643
f 648 1271 643
f 643 1271 737
f 1271 725 737
f 737 725 765
f 725 724 765
f 765 724 762
f 762 724 2907
f 2907 724 2909
f 1254 1437 2909
f 2909 1437 2907
f 1438 1253 1836
f 1836 1253 1835
f 1836 1835 2938
f 2938 1835 2934
f 2971 2972 2935
f 2935 2972 2967
f 897 896 2969
f 2969 896 2970
f 1815 1814 734
f 734 1814 731
f 728 1215 896
f 896 1215 732
f 2885 1216 733
f 733 1216 2886
f 1216 1219 2886
f 2886 1219 2883
f 2876 1304 1821
f 1821 1304 749
f 1304 1303 749
f 749 1303 746
f 1818 2973 1817
f 1817 2973 1810
f 747 2974 1818
f 1818 2974 2973
f 747 746 2974
f 2974 746 1303
f 2976 2977 2975
f 2975 2977 2978
f 2976 2979 2901
f 2901 2979 2900
f 2980 2981 2982
f 2982 2981 2979
f 2981 2980 2983
f 2983 2980 2984
f 2985 2897 2983
f 2983 2897 2898
f 2987 2988 2986
f 2986 2988 2985
f 2896 2988 1442
f 1442 2988 1439
f 1903 2977 1904
f 1904 2977 2902
f 1856 1855 1890
f 1890 1855 2989
f 2989 2990 1890
f 1890 2990 1359
f 2990 2991 1359
f 1359 2991 1356
f 2946 2992 1859
f 1859 2992 1893
f 2992 2993 1893
f 1893 2993 775
f 2993 2994 775
f 775 2994 776
f 2986 1356 2987
f 2987 1356 2991
f 2975 2978 776
f 776 2978 777
f 2982 2994 2980
f 2980 2994 2995
f 1357 2984 2995
f 2995 2984 2980
f 2995 2996 1357
f 1357 2996 1358
f 2996 2997 1358
f 1358 2997 1889
f 2998 2999 2932
f 2932 2999 2933
f 2999 2971 2933
f 2933 2971 2934
f 1837 1836 2937
f 2937 1836 2938
f 2943 1841 2941
f 2941 1841 1838
f 3001 2944 3000
f 3000 2944 2943
f 3001 3002 2944
f 2944 3002 2945
f 3002 3003 2945
f 2945 3003 2946
f 2997 3003 1889
f 1889 3003 2947
f 2947 3003 2948
f 2948 3003 3002
f 3001 3004 3002
f 3002 3004 2948
f 3000 3005 3001
f 3001 3005 3004
f 2940 3006 3000
f 3000 3006 3005
f 2999 3007 2971
f 2971 3007 2972
f 2998 2951 2999
f 2999 2951 3007
f 3008 2952 2998
f 2998 2952 2951
f 2966 2965 2936
f 2936 2965 2937
f 2935 2938 2971
f 2971 2938 2934
f 3003 2997 2946
f 2946 2997 2992
f 2997 2996 2992
f 2992 2996 2993
f 2996 2995 2993
f 2993 2995 2994
f 1356 2986 1357
f 1357 2986 2984
f 2982 2975 2994
f 2994 2975 776
f 1844 1843 1899
f 1899 1843 3009
f 1843 638 3009
f 3009 638 3010
f 638 637 3010
f 3010 637 3011
f 637 1830 3011
f 3011 1830 3012
f 1830 1833 3012
f 3012 1833 2894
f 1833 1854 2894
f 2894 1854 2895
f 1854 1853 2895
f 2895 1853 1888
f 1858 1857 1885
f 1885 1857 1892
f 1899 3009 1898
f 1898 3009 1874
f 3009 3010 1874
f 1874 3010 1865
f 3010 3011 1865
f 1865 3011 1862
f 3011 3012 1862
f 1862 3012 1882
f 3012 2894 1882
f 1882 2894 2893
f 1850 2890 782
f 782 2890 2889
f 783 2880 1811
f 1811 2880 1812
f 744 1810 745
f 745 1810 2973
f 745 2973 805
f 805 2973 806
f 2973 2974 806
f 806 2974 815
f 1303 812 2974
f 2974 812 815
f 1303 1302 812
f 812 1302 1221
f 1307 3013 1302
f 1302 3013 1221
f 1734 3014 1633
f 1633 3014 1634
f 1646 1649 1636
f 1636 1649 1637
f 1654 1657 1641
f 1641 1657 1642
f 1639 1736 1636
f 1636 1736 1684
f 1716 1713 1698
f 1698 1713 1699
f 1718 1721 1705
f 1705 1721 1706
f 1653 1654 1709
f 1709 1654 1641
f 1620 1623 1714
f 1714 1623 1699
f 1712 1682 1714
f 1714 1682 1740
f 1668 1671 1746
f 1746 1671 1747
f 1752 1650 1749
f 1749 1650 1750
f 1750 1650 1709
f 1709 1650 1653
f 1632 1668 1633
f 1633 1668 1746
f 1649 1752 1637
f 1637 1752 1749
f 1682 1643 1740
f 1740 1643 1642
f 3014 1685 1634
f 1634 1685 1684
f 1704 1748 1705
f 1705 1748 1747
f 1697 1707 1698
f 1698 1707 1706
f 1739 1701 1621
f 1621 1701 1622
f 1567 1566 1647
f 1647 1566 1648
f 1664 1695 1651
f 1651 1695 1652
f 1614 1617 1655
f 1655 1617 1656
f 1704 1707 1659
f 1659 1707 1660
f 3014 1734 1662
f 1662 1734 1663
f 1650 1752 1651
f 1651 1752 1665
f 1741 1657 1667
f 1667 1657 1656
f 1695 1614 1652
f 1652 1614 1655
f 1724 1567 1726
f 1726 1567 1647
f 1645 1628 1733
f 1733 1628 1663
f 1685 3014 1726
f 1726 3014 1662
f 1620 1741 1621
f 1621 1741 1667
f 1566 1666 1648
f 1648 1666 1665
f 1658 1737 1659
f 1659 1737 1901
f 1911 1661 1910
f 1910 1661 1660
f 1701 1911 1622
f 1622 1911 1910
f 1732 1748 1733
f 1733 1748 1901
f 1857 2948 1892
f 1892 2948 3004
f 1892 3004 1891
f 1891 3004 3005
f 1828 3006 1829
f 1829 3006 2949
f 2967 736 2968
f 2968 736 710
f 2972 2969 2967
f 2967 2969 736
f 2969 2972 897
f 897 2972 3007
f 897 3007 729
f 729 3007 2951
f 3016 753 3015
f 3015 753 752
f 3018 767 3017
f 3017 767 766
f 3019 3020 1249
f 1249 3020 3021
f 2915 2914 3019
f 3019 2914 3020
f 3023 2914 3022
f 3022 2914 1783
f 2827 2839 769
f 769 2839 766
f 3025 2838 3024
f 3024 2838 3021
f 768 767 2850
f 2850 767 3026
f 2850 3026 751
f 751 3026 752
f 750 753 2932
f 2932 753 3027
f 3008 2998 3027
f 3027 2998 2932
f 3028 3029 3008
f 3008 3029 2952
f 3029 3030 2952
f 2952 3030 730
f 3032 3033 3031
f 3031 3033 3034
f 3036 3037 3035
f 3035 3037 3038
f 2870 3039 612
f 612 3039 3040
f 3041 3042 3031
f 3031 3042 3038
f 3034 1352 3043
f 3043 1352 944
f 612 3040 613
f 613 3040 3044
f 613 3044 1425
f 1425 3044 1422
f 3045 3042 669
f 669 3042 670
f 3041 3043 599
f 599 3043 600
f 772 771 1544
f 1544 771 781
f 1503 771 1866
f 1866 771 770
f 771 1503 781
f 781 1503 778
f 61 281 416
f 416 281 1907
f 283 103 3046
f 3046 103 3047
f 76 79 3048
f 3048 79 3049
f 280 76 1906
f 1906 76 3048
f 3051 335 3050
f 3050 335 334
f 3053 417 3052
f 3052 417 416
f 3055 435 3054
f 3054 435 434
f 428 435 419
f 419 435 1908
f 420 1909 293
f 293 1909 443
f 79 294 3049
f 3049 294 444
f 3057 444 3056
f 3056 444 443
f 3051 3058 335
f 335 3058 452
f 216 215 1332
f 1332 215 452
f 308 283 462
f 462 283 3046
f 3050 334 3059
f 3059 334 462
f 103 62 3047
f 3047 62 417
f 313 312 434
f 434 312 463
f 3061 574 3060
f 3060 574 573
f 1310 3062 1428
f 1428 3062 3063
f 1258 3064 1255
f 1255 3064 2871
f 932 3065 2853
f 2853 3065 3066
f 699 2814 931
f 931 2814 3067
f 3068 1301 3063
f 3063 1301 1428
f 571 574 1310
f 1310 574 3062
f 3060 573 3069
f 3069 573 1332
f 3070 3071 1906
f 1906 3071 1907
f 3072 3073 1908
f 1908 3073 1909
f 3075 2814 3074
f 3074 2814 2813
f 2854 3076 1258
f 1258 3076 3064
f 2871 3077 2872
f 2872 3077 3078
f 3074 2813 3079
f 3079 2813 2873
f 2872 3078 1349
f 1349 3078 3080
f 2873 701 3068
f 3068 701 1301
f 1330 1201 3080
f 3080 1201 1349
f 1264 1263 3081
f 3081 1263 3082
f 3083 3084 3082
f 3082 3084 3081
f 811 1448 3086
f 3086 1448 3085
f 808 811 3087
f 3087 811 3086
f 3088 3083 833
f 833 3083 3082
f 884 3089 885
f 885 3089 3090
f 3087 1790 808
f 808 1790 816
f 1790 3087 1787
f 1787 3087 3091
f 3092 3091 3086
f 3086 3091 3087
f 3093 3094 3084
f 3084 3094 3095
f 3089 3096 3090
f 3090 3096 3088
f 3097 3093 3083
f 3083 3093 3084
f 3099 3100 3098
f 3098 3100 1786
f 3101 1788 2913
f 2913 1788 3102
f 838 837 885
f 885 837 886
f 886 837 3103
f 3103 837 1541
f 3094 3093 3104
f 3104 3093 3097
f 3105 3106 3089
f 3089 3106 3096
f 3108 3109 3107
f 3107 3109 3110
f 3111 3112 3091
f 3091 3112 1787
f 3114 3108 3113
f 3113 3108 3107
f 3114 3115 3112
f 3112 3115 3102
f 3091 3092 3111
f 3111 3092 3116
f 839 838 835
f 835 838 836
f 885 3090 838
f 838 3090 836
f 3110 3117 1247
f 1247 3117 3118
f 1247 3118 1248
f 1248 3118 3119
f 3120 3121 3119
f 3119 3121 1248
f 1247 844 3110
f 3110 844 3107
f 844 843 3107
f 3107 843 3113
f 843 3099 3113
f 3113 3099 3122
f 1781 3123 3098
f 3098 3123 3124
f 2915 2931 1780
f 1780 2931 2930
f 3019 3125 2915
f 2915 3125 2931
f 890 3125 2834
f 2834 3125 1252
f 3125 3019 1252
f 1252 3019 1249
f 907 908 946
f 946 908 947
f 1185 1188 1369
f 1369 1188 948
f 954 957 951
f 951 957 952
f 910 965 953
f 953 965 950
f 905 958 960
f 960 958 961
f 3126 978 949
f 949 978 962
f 936 935 967
f 967 935 968
f 994 993 969
f 969 993 966
f 902 904 971
f 971 904 972
f 983 985 973
f 973 985 970
f 906 905 974
f 974 905 960
f 977 981 959
f 959 981 975
f 911 910 1143
f 1143 910 953
f 952 957 1142
f 1142 957 1145
f 911 1143 1366
f 1366 1143 1368
f 1185 1369 1145
f 1145 1369 1142
f 993 1519 966
f 966 1519 1456
f 965 1454 950
f 950 1454 1457
f 900 899 1459
f 1459 899 1460
f 988 991 1461
f 1461 991 1458
f 899 963 1460
f 1460 963 1462
f 985 987 970
f 970 987 1463
f 904 906 972
f 972 906 974
f 981 983 975
f 975 983 973
f 935 900 968
f 968 900 1459
f 991 994 1458
f 1458 994 969
f 1154 1526 1088
f 1088 1526 1089
f 1109 1112 1092
f 1092 1112 1093
f 1083 1098 1084
f 1084 1098 1097
f 1078 1471 1100
f 1100 1471 1101
f 1075 1078 1104
f 1104 1078 1100
f 1152 1154 1156
f 1156 1154 1088
f 1156 1155 1372
f 1372 1155 1373
f 1372 1373 1104
f 1104 1373 1075
f 1467 1109 1465
f 1465 1109 1092
f 1465 1182 1468
f 1468 1182 1184
f 1474 1470 1096
f 1096 1470 1097
f 1102 1101 1083
f 1083 1101 1098
f 1112 1531 1093
f 1093 1531 1529
f 1102 1073 1099
f 1099 1073 1072
f 1526 1154 1079
f 1079 1154 1080
f 1081 1091 1082
f 1082 1091 1094
f 1069 1068 1085
f 1085 1068 1086
f 1153 1151 1080
f 1080 1151 1058
f 1371 1177 1179
f 1179 1177 1176
f 1099 1072 1103
f 1103 1072 1176
f 1068 1071 1086
f 1086 1071 1073
f 1085 1084 1180
f 1180 1084 1469
f 1066 1065 1183
f 1183 1065 1181
f 1153 1152 1177
f 1177 1152 1178
f 1091 1081 1182
f 1182 1081 1183
f 1057 1525 1079
f 1079 1525 1527
f 1120 1117 1076
f 1076 1117 1077
f 1087 1090 1107
f 1107 1090 1108
f 1127 1126 1110
f 1110 1126 1111
f 1095 1116 1096
f 1096 1116 1115
f 1471 1078 1119
f 1119 1078 1077
f 1087 1107 1155
f 1155 1107 1158
f 1376 1374 1157
f 1157 1374 1158
f 1076 1075 1374
f 1374 1075 1373
f 1109 1467 1110
f 1110 1467 1472
f 1467 1466 1472
f 1472 1466 1473
f 1135 1475 1114
f 1114 1475 1115
f 1471 1119 1095
f 1095 1119 1116
f 1126 1532 1111
f 1111 1532 1530
f 914 1276 1480
f 1480 1276 1517
f 3127 3128 1223
f 1223 3128 1224
f 824 933 1455
f 1455 933 3129
f 3131 1448 3130
f 3130 1448 1447
f 3132 3133 1452
f 1452 3133 1453
f 3130 1447 1322
f 1322 1447 1455
f 933 1514 3129
f 3129 1514 3134
f 1161 3135 1480
f 1480 3135 1481
f 3128 3136 1224
f 1224 3136 1499
f 3133 1162 1453
f 1453 1162 1517
f 1515 3127 1535
f 1535 3127 1223
f 3095 3085 3131
f 3131 3085 1448
f 3137 3092 3085
f 3085 3092 3086
f 3138 3116 3137
f 3137 3116 3092
f 3110 3109 3117
f 3117 3109 3139
f 3105 3140 3117
f 3117 3140 3118
f 3140 3141 3118
f 3118 3141 3119
f 3142 3120 3141
f 3141 3120 3119
f 1498 3143 1277
f 1277 3143 882
f 3144 3145 1340
f 1340 3145 1339
f 1340 3146 3144
f 3144 3146 3147
f 3145 3144 3143
f 3143 3144 3148
f 871 901 872
f 872 901 1362
f 3149 3148 3147
f 3147 3148 3144
f 1208 3150 1209
f 3098 1786 1781
f 1781 1786 1782
f 2930 2929 3123
f 3123 2929 2911
f 1794 1791 2916
f 2916 1791 2917
f 1793 3101 2918
f 2918 3101 2919
f 1796 1794 2920
f 2920 1794 2916
f 3151 3152 2921
f 2921 3152 2922
f 3153 3154 2923
f 2923 3154 2924
f 2919 3101 2912
f 2912 3101 2913
f 3155 1796 2925
f 2925 1796 2920
f 3154 3156 2924
f 2924 3156 2926
f 1791 1793 2917
f 2917 1793 2918
f 3157 3158 2927
f 2927 3158 2928
f 1780 2930 1781
f 1781 2930 3123
f 2825 1267 1189
f 1189 1267 1190
f 2827 2828 1250
f 1250 2828 1251
f 1489 2830 1324
f 1324 2830 1325
f 923 1328 1334
f 1334 1328 1335
f 1485 2832 1482
f 1482 2832 1483
f 1266 1490 1492
f 1492 1490 1493
f 1333 1346 1334
f 1334 1346 2824
f 722 799 1492
f 1492 799 1190
f 664 657 1482
f 1482 657 2833
f 631 634 1324
f 1324 634 1493
f 2828 1494 1251
f 1251 1494 2835
f 1249 3021 1250
f 1250 3021 2838
f 798 2837 1189
f 1189 2837 2836
f 3100 842 3160
f 3160 842 3159
f 1788 3101 1789
f 1789 3101 1793
f 1792 816 1789
f 1789 816 1790
f 817 816 1795
f 1795 816 1792
f 938 817 1797
f 1797 817 1795
f 1796 3155 1797
f 1797 3155 1798
f 3155 3158 1798
f 1798 3158 1799
f 3157 3152 1801
f 1801 3152 1802
f 3151 3156 1803
f 1803 3156 1804
f 3154 3153 1805
f 1805 3153 1806
f 3153 3161 1806
f 1806 3161 1807
f 3099 843 3100
f 3100 843 842
f 1788 1787 3102
f 3102 1787 3112
f 2910 3115 3124
f 3124 3115 3122
f 3099 3098 3122
f 3122 3098 3124
f 416 1907 3052
f 3052 1907 3071
f 3046 3047 3163
f 3163 3047 3162
f 249 445 259
f 259 445 3164
f 425 3165 424
f 424 3165 461
f 408 410 329
f 329 410 330
f 39 331 40
f 40 331 332
f 305 304 423
f 423 304 464
f 385 254 458
f 458 254 392
f 250 415 251
f 251 415 412
f 233 337 234
f 234 337 3166
f 435 3055 1908
f 1908 3055 3072
f 443 1909 3056
f 3056 1909 3073
f 3167 3049 3057
f 3057 3049 444
f 452 3058 1332
f 1332 3058 3069
f 234 3166 346
f 346 3166 411
f 3046 3163 462
f 462 3163 3059
f 259 3164 260
f 260 3164 336
f 3047 417 3162
f 3162 417 3053
f 463 3168 434
f 434 3168 3054
f 454 830 425
f 425 830 3165
f 3062 3169 3063
f 3063 3169 3170
f 1355 1354 1534
f 1534 1354 3171
f 3063 3170 3068
f 3068 3170 3172
f 574 3061 3062
f 3062 3061 3169
f 1534 3171 1535
f 1535 3171 3173
f 3079 2873 3172
f 3172 2873 3068
f 2838 3025 2839
f 2839 3025 3174
f 3176 3177 3175
f 3175 3177 3178
f 3180 1125 3179
f 3179 1125 1128
f 3182 3183 3181
f 3181 3183 3184
f 1134 3185 1130
f 1130 3185 3182
f 3186 3187 3189
f 3189 3187 3188
f 3191 3189 3190
f 3190 3189 3188
f 1137 1122 3190
f 3190 1122 3192
f 3175 3178 3193
f 3193 3178 3194
f 3181 3184 3179
f 3179 3184 3195
f 3197 3198 3196
f 3196 3198 3180
f 3200 3178 3199
f 3199 3178 3177
f 3202 3196 3201
f 3201 3196 3195
f 3204 3184 3203
f 3203 3184 3183
f 3206 3207 3205
f 3205 3207 3186
f 3205 3186 3208
f 3208 3186 3189
f 3209 3208 3191
f 3191 3208 3189
f 3210 3194 3200
f 3200 3194 3178
f 3201 3195 3204
f 3204 3195 3184
f 3197 3211 3177
f 3177 3211 3199
f 3213 3214 3212
f 3212 3214 3215
f 3217 3218 3216
f 3216 3218 3219
f 3221 3222 3220
f 3220 3222 3223
f 3225 3226 3224
f 3224 3226 3227
f 3229 3230 3228
f 3228 3230 3231
f 3233 3234 3232
f 3232 3234 3235
f 3237 3238 3236
f 3236 3238 3239
f 3238 3240 3239
f 3239 3240 3241
f 3232 3235 3242
f 3242 3235 3243
f 3245 3246 3244
f 3244 3246 3247
f 3248 3249 3245
f 3245 3249 3246
f 3251 3252 3250
f 3250 3252 3253
f 3255 3252 3254
f 3254 3252 3251
f 3256 3257 3259
f 3259 3257 3258
f 3261 3262 3260
f 3260 3262 3263
f 3265 3263 3264
f 3264 3263 3262
f 3256 3259 3266
f 3266 3259 3267
f 3269 3270 3268
f 3268 3270 3271
f 3269 3272 3270
f 3270 3272 3273
f 3274 3275 3277
f 3277 3275 3276
f 3278 3279 3276
f 3276 3279 3277
f 3281 3282 3280
f 3280 3282 3283
f 3280 3284 3281
f 3281 3284 3285
f 3287 3288 3286
f 3286 3288 3289
f 3290 3291 3288
f 3288 3291 3289
f 3234 3218 3235
f 3235 3218 3217
f 3232 3292 3233
f 3233 3292 3293
f 3239 3294 3236
f 3236 3294 3219
f 3233 3293 3237
f 3237 3293 3295
f 3296 3294 3241
f 3241 3294 3239
f 3240 3238 3297
f 3297 3238 3298
f 3217 3216 3235
f 3235 3216 3243
f 3297 3299 3240
f 3240 3299 3242
f 3246 3300 3247
f 3247 3300 3223
f 3301 3302 3254
f 3254 3302 3244
f 3249 3303 3246
f 3246 3303 3300
f 3245 3304 3248
f 3248 3304 3292
f 3252 3221 3253
f 3253 3221 3220
f 3250 3248 3299
f 3299 3248 3292
f 3222 3221 3255
f 3255 3221 3252
f 3297 3301 3251
f 3251 3301 3254
f 3258 3214 3259
f 3259 3214 3213
f 3257 3256 3304
f 3304 3256 3305
f 3263 3306 3260
f 3260 3306 3215
f 3261 3257 3302
f 3302 3257 3304
f 3307 3306 3265
f 3265 3306 3263
f 3262 3301 3264
f 3264 3301 3308
f 3259 3213 3267
f 3267 3213 3212
f 3308 3309 3264
f 3264 3309 3266
f 3270 3310 3271
f 3271 3310 3231
f 3311 3312 3278
f 3278 3312 3268
f 3270 3273 3310
f 3310 3273 3313
f 3272 3269 3305
f 3305 3269 3314
f 3277 3229 3274
f 3274 3229 3228
f 3275 3272 3309
f 3309 3272 3305
f 3279 3230 3277
f 3277 3230 3229
f 3276 3308 3278
f 3278 3308 3311
f 3281 3315 3282
f 3282 3315 3227
f 3290 3316 3283
f 3283 3316 3317
f 3281 3285 3315
f 3315 3285 3318
f 3284 3280 3314
f 3314 3280 3319
f 3289 3225 3286
f 3286 3225 3224
f 3287 3284 3312
f 3284 3314 3312
f 3291 3226 3289
f 3289 3226 3225
f 3288 3311 3290
f 3290 3311 3316
f 3212 3215 3307
f 3307 3215 3306
f 3294 3296 3219
f 3219 3296 3216
f 3303 3220 3300
f 3300 3220 3223
f 3224 3227 3318
f 3318 3227 3315
f 3228 3231 3313
f 3313 3231 3310
f 3234 3233 3236
f 3236 3233 3237
f 3243 3241 3242
f 3242 3241 3240
f 3247 3255 3244
f 3244 3255 3254
f 3253 3249 3250
f 3250 3249 3248
f 3260 3258 3261
f 3261 3258 3257
f 3266 3267 3264
f 3264 3267 3265
f 3268 3271 3278
f 3278 3271 3279
f 3274 3273 3275
f 3275 3273 3272
f 3283 3282 3290
f 3290 3282 3291
f 3286 3285 3287
f 3287 3285 3284
f 3218 3234 3219
f 3219 3234 3236
f 3295 3298 3237
f 3237 3298 3238
f 3216 3296 3243
f 3243 3296 3241
f 3242 3299 3232
f 3232 3299 3292
f 3223 3222 3247
f 3247 3222 3255
f 3244 3302 3245
f 3245 3302 3304
f 3303 3249 3220
f 3220 3249 3253
f 3297 3251 3299
f 3299 3251 3250
f 3215 3214 3260
f 3260 3214 3258
f 3301 3262 3302
f 3302 3262 3261
f 3212 3307 3267
f 3267 3307 3265
f 3266 3309 3256
f 3256 3309 3305
f 3271 3231 3279
f 3279 3231 3230
f 3268 3312 3269
f 3269 3312 3314
f 3228 3313 3274
f 3274 3313 3273
f 3308 3276 3309
f 3309 3276 3275
f 3282 3227 3291
f 3291 3227 3226
f 3317 3319 3283
f 3283 3319 3280
f 3224 3318 3286
f 3286 3318 3285
f 3312 3311 3287
f 3311 3288 3287
f 3320 3321 3194
f 3194 3321 3193
f 1375 3321 1121
f 1121 3321 3322
f 3323 3324 3322
f 3322 3324 3192
f 3175 1124 3176
f 3176 1124 1123
f 3179 3195 3180
f 3180 3195 3196
f 3181 1131 3182
f 3182 1131 1130
f 3207 3185 3186
f 3186 3185 3187
f 1136 3188 1133
f 1133 3188 3187
f 3190 3188 1137
f 1137 3188 1136
f 3193 1159 3175
f 3175 1159 1124
f 3179 1128 3181
f 3181 1128 1131
f 1533 3198 1123
f 1123 3198 3176
f 3321 1375 3193
f 3193 1375 1159
f 3321 3320 3322
f 3322 3320 3323
f 1122 1121 3192
f 3192 1121 3322
f 3194 3210 3320
f 3320 3210 3325
f 3324 3323 3327
f 3327 3323 3326
f 3320 3325 3323
f 3323 3325 3326
f 3208 3328 3205
f 3205 3328 3329
f 3330 3206 3329
f 3329 3206 3205
f 3203 3331 3204
f 3204 3331 3332
f 3210 3333 3325
f 3325 3333 3334
f 3325 3334 3326
f 3326 3334 3335
f 3327 3326 3336
f 3336 3326 3335
f 3327 3209 3324
f 3324 3209 3191
f 3190 3192 3191
f 3191 3192 3324
f 3338 3339 3337
f 3337 3339 3340
f 3338 3341 3339
f 3339 3341 3342
f 3341 3343 3342
f 3342 3343 3344
f 3343 3345 3344
f 3344 3345 3346
f 3345 3347 3346
f 3346 3347 3348
f 3347 3349 3348
f 3348 3349 3350
f 3337 3340 3351
f 3351 3340 3352
f 3351 3352 3353
f 3353 3352 3354
f 3353 3354 3355
f 3355 3354 3356
f 3350 3349 3357
f 3357 3349 3358
f 3355 3356 3359
f 3359 3356 3360
f 3359 3360 3361
f 3361 3360 3362
f 3361 3362 3363
f 3363 3362 3364
f 3363 3364 3358
f 3358 3364 3357
f 3339 3342 3365
f 3365 3342 3366
f 3342 3344 3366
f 3366 3344 3367
f 3344 3346 3367
f 3367 3346 3368
f 3346 3348 3368
f 3368 3348 3369
f 3348 3350 3369
f 3369 3350 3370
f 3368 3369 3371
f 3371 3369 3372
f 3369 3370 3372
f 3372 3370 3373
f 3373 3374 3372
f 3372 3374 3375
f 3377 3378 3376
f 3376 3378 3379
f 3377 3375 3378
f 3378 3375 3374
f 3375 3380 3372
f 3372 3380 3371
f 3377 3381 3375
f 3375 3381 3380
f 3376 3382 3377
f 3377 3382 3381
f 3384 3385 3383
f 3383 3385 3386
f 3384 3383 3388
f 3388 3383 3387
f 3388 3387 3389
f 3389 3387 3390
f 3392 3385 3391
f 3391 3385 3384
f 3388 3393 3384
f 3384 3393 3391
f 3389 3394 3388
f 3388 3394 3393
f 3389 3395 3394
f 3394 3395 3396
f 3395 3389 3397
f 3397 3389 3390
f 3339 3365 3340
f 3340 3365 3398
f 3340 3398 3352
f 3352 3398 3399
f 3371 3400 3368
f 3368 3400 3367
f 3400 3401 3367
f 3367 3401 3366
f 3366 3401 3365
f 3365 3401 3402
f 3398 3365 3403
f 3403 3365 3402
f 3398 3403 3399
f 3399 3403 3404
f 3403 3405 3404
f 3404 3405 3406
f 3352 3399 3354
f 3354 3399 3407
f 3399 3404 3407
f 3407 3404 3408
f 3404 3406 3408
f 3408 3406 3409
f 3405 3410 3406
f 3406 3410 3411
f 3410 3412 3411
f 3411 3412 3413
f 3397 3414 3395
f 3395 3414 3415
f 3417 3415 3416
f 3416 3415 3412
f 3410 3418 3412
f 3412 3418 3416
f 3410 3405 3418
f 3418 3405 3419
f 3405 3403 3419
f 3419 3403 3402
f 3370 3350 3420
f 3420 3350 3357
f 3373 3370 3421
f 3421 3370 3420
f 3374 3373 3422
f 3422 3373 3421
f 3378 3374 3423
f 3423 3374 3422
f 3378 3423 3379
f 3379 3423 3424
f 3424 3425 3379
f 3379 3425 3386
f 3383 3426 3387
f 3387 3426 3427
f 3387 3427 3390
f 3390 3427 3428
f 3390 3428 3397
f 3397 3428 3429
f 3429 3430 3397
f 3397 3430 3414
f 3411 3413 3431
f 3431 3413 3432
f 3406 3411 3409
f 3409 3411 3431
f 3401 3400 3335
f 3335 3400 3336
f 3401 3335 3402
f 3402 3335 3334
f 3402 3334 3419
f 3419 3334 3333
f 3419 3333 3418
f 3418 3333 3433
f 3418 3433 3416
f 3416 3433 3434
f 3435 3417 3434
f 3434 3417 3416
f 3394 3396 3436
f 3436 3396 3437
f 3393 3394 3332
f 3332 3394 3436
f 3393 3332 3391
f 3391 3332 3331
f 3330 3392 3331
f 3331 3392 3391
f 3382 3329 3381
f 3381 3329 3328
f 3354 3407 3356
f 3356 3407 3438
f 3356 3438 3360
f 3360 3438 3439
f 3360 3439 3362
f 3362 3439 3440
f 3362 3440 3364
f 3364 3440 3441
f 3364 3441 3357
f 3357 3441 3420
f 3421 3420 3442
f 3442 3420 3441
f 3442 3441 3443
f 3443 3441 3440
f 3443 3440 3444
f 3444 3440 3439
f 3444 3439 3445
f 3445 3439 3438
f 3445 3438 3408
f 3408 3438 3407
f 3422 3421 3446
f 3446 3421 3442
f 3446 3442 3447
f 3447 3442 3443
f 3447 3443 3448
f 3448 3443 3444
f 3448 3444 3449
f 3449 3444 3445
f 3449 3445 3409
f 3409 3445 3408
f 3409 3431 3449
f 3449 3431 3450
f 3449 3450 3448
f 3448 3450 3451
f 3451 3452 3448
f 3448 3452 3447
f 3447 3452 3446
f 3446 3452 3453
f 3446 3453 3422
f 3422 3453 3423
f 3424 3423 3454
f 3454 3423 3453
f 3452 3455 3453
f 3453 3455 3454
f 3452 3451 3455
f 3455 3451 3456
f 3450 3457 3451
f 3451 3457 3456
f 3431 3432 3450
f 3450 3432 3457
f 3454 3458 3424
f 3424 3458 3425
f 3427 3426 3459
f 3459 3426 3460
f 3428 3427 3461
f 3461 3427 3459
f 3428 3461 3429
f 3429 3461 3462
f 3462 3463 3429
f 3429 3463 3430
f 3464 3465 3462
f 3462 3465 3463
f 3455 3466 3454
f 3454 3466 3458
f 3465 3464 3466
f 3466 3464 3467
f 3461 3459 3468
f 3468 3459 3469
f 3468 3469 3464
f 3464 3469 3467
f 3464 3462 3468
f 3468 3462 3461
f 3459 3460 3469
f 3469 3460 3467
f 3295 3351 3298
f 3298 3351 3353
f 3353 3355 3298
f 3298 3355 3297
f 3297 3355 3301
f 3301 3355 3359
f 3301 3359 3308
f 3308 3359 3361
f 3308 3361 3311
f 3311 3361 3363
f 3311 3363 3316
f 3316 3363 3358
f 3316 3358 3317
f 3317 3358 3349
f 3349 3347 3317
f 3317 3347 3319
f 3347 3345 3319
f 3319 3345 3314
f 3345 3343 3314
f 3314 3343 3305
f 3343 3341 3305
f 3305 3341 3304
f 3304 3341 3292
f 3292 3341 3338
f 3292 3338 3293
f 3293 3338 3337
f 3293 3337 3295
f 3295 3337 3351
f 3437 3202 3436
f 3436 3202 3201
f 3436 3201 3332
f 3332 3201 3204
f 3433 3200 3434
f 3434 3200 3199
f 3211 3435 3199
f 3199 3435 3434
f 3333 3210 3433
f 3433 3210 3200
f 3380 3470 3371
f 3400 3371 3336
f 3336 3371 3470
f 3381 3328 3380
f 3380 3328 3470
f 3470 3328 3209
f 3209 3328 3208
f 3336 3470 3327
f 3327 3470 3209
f 1545 1763 1546
f 1546 1763 1762
f 1403 1546 773
f 773 1546 770
f 1221 3013 1220
f 1220 3013 3471
f 1305 2877 1306
f 1306 2877 2879
f 1220 3471 828
f 828 3471 829
f 1217 1754 3472
f 3472 1754 1756
f 1049 3473 1048
f 1048 3473 3474
f 1371 1179 3473
f 3473 1179 3474
f 1074 3475 1179
f 1179 3475 3474
f 3474 3475 1048
f 1048 3475 1056
f 919 666 1345
f 1345 666 665
f 856 680 919
f 919 680 666
f 679 680 1449
f 1449 680 858
f 1367 878 1500
f 1500 878 877
f 1366 908 1367
f 1367 908 878
f 1512 916 1513
f 1513 916 915
f 947 1368 948
f 948 1368 1369
f 1047 1021 1044
f 1044 1021 1020
f 1370 1049 1019
f 1019 1049 1020
f 1173 1030 1174
f 1174 1030 1033
f 3126 1188 1464
f 1464 1188 1187
f 1800 1451 1512
f 1512 1451 916
f 1175 1174 1186
f 1186 1174 1187
f 1030 1173 1047
f 1047 1173 1021
f 1513 915 3476
f 3476 915 1481
f 1345 665 3477
f 3477 665 1483
f 1502 1501 876
f 876 1501 877
f 1205 1451 1803
f 1803 1451 1802
f 3479 2832 3478
f 3478 2832 2831
f 1449 858 2927
f 2927 858 2922
f 908 1366 947
f 947 1366 1368
f 949 948 3126
f 3126 948 1188
f 3480 3135 1502
f 1502 3135 1501
f 2927 2922 3157
f 3157 2922 3152
f 3477 1483 3479
f 3479 1483 2832
f 1803 1802 3151
f 3151 1802 3152
f 663 658 664
f 664 658 657
f 655 658 939
f 939 658 706
f 1512 870 1800
f 1800 870 869
f 875 874 876
f 876 874 873
f 849 874 905
f 905 874 958
f 949 962 946
f 946 962 961
f 978 3126 979
f 979 3126 1464
f 1031 1168 1032
f 1032 1168 1022
f 1045 1013 1046
f 1046 1013 1012
f 1045 1044 1056
f 1056 1044 1048
f 1047 1046 1030
f 1030 1046 1031
f 939 706 940
f 940 706 1450
f 979 1464 1032
f 1032 1464 1033
f 3480 1478 3476
f 3476 1478 3134
f 2829 1487 2830
f 2830 1487 1486
f 848 1230 873
f 873 1230 1479
f 867 870 933
f 933 870 1514
f 1800 869 1801
f 1801 869 1799
f 2830 1486 1325
f 1325 1486 2833
f 940 1450 2925
f 2925 1450 2928
f 946 961 907
f 907 961 958
f 959 962 977
f 977 962 978
f 3476 3134 1513
f 1513 3134 1514
f 2925 2928 3155
f 3155 2928 3158
f 1325 2833 656
f 656 2833 657
f 1801 1799 3157
f 3157 1799 3158
f 1074 1055 3475
f 3475 1055 1056
f 1371 3473 1370
f 1370 3473 1049
f 2884 615 3481
f 3481 615 618
f 3478 2831 2846
f 2846 2831 617
f 2831 1484 617
f 617 1484 618
f 1484 1487 618
f 618 1487 3481
f 2848 3481 2829
f 2829 3481 1487
f 1480 1517 1161
f 1161 1517 1162
f 3129 1323 1455
f 1455 1323 1322
f 3129 3134 1323
f 1323 3134 1478
f 1535 3173 1515
f 1515 3173 1516
f 3085 3095 3137
f 3137 3095 3094
f 3137 3094 3138
f 3138 3094 3104
f 3117 3139 3105
f 3105 3139 3106
f 1138 1141 3127
f 3127 1141 3128
f 3081 3131 1264
f 1264 3131 3130
f 1227 1226 3132
f 3132 1226 3133
f 1264 3130 1229
f 1229 3130 1322
f 1160 1501 1161
f 1161 1501 3135
f 1141 1476 3128
f 3128 1476 3136
f 1226 1163 3133
f 3133 1163 1162
f 1363 1138 1515
f 1515 1138 3127
f 3084 3095 3081
f 3081 3095 3131
f 3089 884 3105
f 3105 884 3140
f 884 883 3140
f 3140 883 3141
f 883 3482 3141
f 3141 3482 3142
f 3476 1481 3480
f 3480 1481 3135
f 1502 1479 3480
f 3480 1479 1478
f 3168 463 440
f 714 1880 715
f 715 1880 2905
f 896 732 2970
f 2970 732 731
f 1263 834 3082
f 3082 834 833
f 898 1231 853
f 853 1231 854
f 3125 890 2931
f 2931 890 889
f 1237 893 2851
f 2851 893 892
f 898 853 899
f 899 853 963
f 988 987 989
f 989 987 986
f 1002 1007 1003
f 1003 1007 1006
f 1038 1036 1007
f 1007 1036 1004
f 1070 1052 1005
f 1005 1052 1006
f 1069 1067 1070
f 1070 1067 1052
f 1130 1129 1134
f 1134 1129 1135
f 879 1167 880
f 880 1167 1166
f 1171 1169 1037
f 1037 1169 1038
f 1085 1180 1069
f 1069 1180 1067
f 1209 1210 879
f 879 1210 1167
f 2885 1215 1754
f 1754 1215 1214
f 1263 855 834
f 834 855 854
f 708 1244 1826
f 1826 1244 1243
f 2909 894 1254
f 1254 894 893
f 1228 1361 964
f 964 1361 1360
f 2908 2907 1436
f 1436 2907 1437
f 2990 1440 2991
f 2991 1440 1439
f 964 1360 965
f 965 1360 1454
f 950 1457 951
f 951 1457 1456
f 970 1463 971
f 971 1463 1462
f 1025 1169 984
f 984 1169 986
f 1084 1097 1469
f 1469 1097 1470
f 1096 1115 1474
f 1474 1115 1475
f 1140 1361 1141
f 1141 1361 1476
f 1212 1495 2828
f 2828 1495 1494
f 880 1166 1452
f 1452 1166 1499
f 715 2905 1504
f 1504 2905 2906
f 954 1519 955
f 955 1519 1518
f 1026 1520 992
f 992 1520 1518
f 1029 1520 1043
f 1043 1520 1521
f 997 1522 1040
f 1040 1522 1521
f 1015 1522 1016
f 1016 1522 1523
f 1523 996 1524
f 1524 996 1062
f 1057 1060 1525
f 1525 1060 1524
f 1094 1528 1082
f 1082 1528 1527
f 1526 1528 1089
f 1089 1528 1529
f 1090 1531 1108
f 1108 1531 1530
f 1125 1533 1126
f 1126 1533 1532
f 3483 1755 727
f 727 1755 1214
f 735 1814 707
f 707 1814 1813
f 2891 1834 1246
f 1246 1834 1243
f 2904 1881 1847
f 1847 1881 1848
f 1852 1855 1853
f 1853 1855 1858
f 1902 2903 1877
f 1877 2903 1878
f 2903 2904 1878
f 1878 2904 1847
f 714 713 1848
f 1848 713 1849
f 1440 2990 1883
f 1883 2990 2989
f 1883 2989 1852
f 1852 2989 1855
f 2895 1888 2892
f 2892 1888 1887
f 774 777 1877
f 1877 777 1903
f 1251 2835 1252
f 1252 2835 2834
f 1213 2844 1212
f 1212 2844 1495
f 2851 892 1213
f 1213 892 2844
f 3123 2911 3124
f 3124 2911 2910
f 887 2929 888
f 888 2929 889
f 1435 2963 1436
f 1436 2963 2961
f 1253 1438 1254
f 1254 1438 1437
f 2970 731 735
f 735 731 1814
f 733 732 2885
f 2885 732 1215
f 2901 2902 2976
f 2976 2902 2977
f 2975 2982 2976
f 2976 2982 2979
f 2899 2900 2981
f 2981 2900 2979
f 2899 2981 2898
f 2898 2981 2983
f 2986 2985 2984
f 2984 2985 2983
f 2897 2985 2896
f 2896 2985 2988
f 2991 1439 2987
f 2987 1439 2988
f 777 2978 1903
f 1903 2978 2977
f 1885 1888 1858
f 1858 1888 1853
f 3090 3088 836
f 836 3088 833
f 3083 3088 3097
f 3097 3088 3096
f 3097 3096 3104
f 3104 3096 3106
f 3111 3116 3108
f 3108 3116 3109
f 3112 3111 3114
f 3114 3111 3108
f 3113 3122 3114
f 3114 3122 3115
f 891 890 2837
f 2837 890 2834
f 951 1456 954
f 954 1456 1519
f 967 1457 936
f 936 1457 1454
f 971 1462 902
f 902 1462 963
f 1461 1463 988
f 988 1463 987
f 1466 1468 1474
f 1474 1468 1470
f 1089 1529 1090
f 1090 1529 1531
f 1184 1181 1469
f 1469 1181 1180
f 1082 1527 1061
f 1061 1527 1525
f 1129 1473 1135
f 1135 1473 1475
f 1108 1530 1105
f 1105 1530 1532
f 1452 1499 3132
f 3132 1499 3136
f 3109 3116 3139
f 3139 3116 3138
f 2912 2911 887
f 887 2911 2929
f 2836 2835 1497
f 1497 2835 1494
f 2913 3102 2910
f 2910 3102 3115
f 1133 3187 1134
f 1134 3187 3185
f 3177 3176 3197
f 3197 3176 3198
f 3203 3183 3206
f 3206 3183 3207
f 3196 3202 3197
f 3197 3202 3211
f 3183 3182 3207
f 3207 3182 3185
f 1125 3180 1533
f 1533 3180 3198
f 3331 3203 3330
f 3330 3203 3206
f 3376 3379 3385
f 3385 3379 3386
f 3382 3376 3392
f 3392 3376 3385
f 3412 3415 3413
f 3413 3415 3414
f 3417 3396 3415
f 3415 3396 3395
f 3383 3386 3426
f 3426 3386 3425
f 3413 3414 3432
f 3432 3414 3430
f 3437 3396 3435
f 3435 3396 3417
f 3329 3382 3330
f 3330 3382 3392
f 3426 3425 3460
f 3460 3425 3458
f 3432 3430 3457
f 3457 3430 3463
f 3457 3463 3456
f 3456 3463 3465
f 3460 3458 3467
f 3467 3458 3466
f 3466 3455 3465
f 3465 3455 3456
f 3202 3437 3211
f 3211 3437 3435
f 3104 3106 3138
f 3138 3106 3139
f 3132 3136 1227
f 1227 3136 1476
f 943 687 600
f 600 687 601
f 596 625 667
f 667 625 1297
f 687 686 601
f 601 686 653
f 1319 784 711
f 711 784 712
f 1811 607 783
f 783 607 712
f 862 921 917
f 917 921 920
f 3478 925 3479
f 3479 925 924
f 2846 926 3478
f 3478 926 925
f 659 662 929
f 929 662 930
f 856 921 857
f 857 921 1204
f 1206 864 1207
f 1207 864 863
f 2876 1219 2877
f 2877 1219 1218
f 667 1297 593
f 593 1297 1296
f 917 920 1333
f 1333 920 1346
f 686 693 653
f 653 693 930
f 1277 913 1498
f 1498 913 1207
f 592 1536 610
f 610 1536 711
f 864 1206 1805
f 1805 1206 1804
f 1317 1536 1900
f 1900 1536 1809
f 1900 1809 1295
f 1295 1809 1296
f 3479 924 3477
f 3477 924 2824
f 927 926 1203
f 1203 926 2847
f 3484 2859 3032
f 3032 2859 3033
f 3472 2878 1217
f 1217 2878 1218
f 2889 2888 2880
f 2880 2888 2881
f 2886 2883 2887
f 2887 2883 2882
f 929 928 2847
f 2847 928 1203
f 857 1204 2921
f 2921 1204 2926
f 1820 1819 2882
f 2882 1819 2881
f 1821 2883 2876
f 2876 2883 1219
f 782 2889 783
f 783 2889 2880
f 1352 3034 1353
f 1353 3034 3033
f 3031 3034 3041
f 3041 3034 3043
f 944 943 3043
f 3043 943 600
f 1339 3145 1498
f 1498 3145 3143
f 1208 882 3148
f 3148 882 3143
f 2921 2926 3151
f 3151 2926 3156
f 3477 2824 1345
f 1345 2824 1346
f 1805 1804 3154
f 3154 1804 3156
f 886 3103 883
f 883 3103 3482
f 841 1248 3485
f 3485 1248 3121
f 2811 2819 2812
f 2812 2819 2816
f 2818 2815 2817
f 2817 2815 2806
f 2817 2816 2818
f 2818 2816 2819
f 2793 2795 2819
f 2819 2795 2818
f 243 352 2793
f 2793 352 2795
f 242 353 243
f 243 353 352
f 359 191 242
f 242 191 353
f 247 192 359
f 359 192 191
f 157 193 247
f 247 193 192
f 156 194 157
f 157 194 193
f 378 261 156
f 156 261 194
f 378 381 261
f 261 381 195
f 195 381 196
f 196 381 376
f 196 376 198
f 198 376 375
f 375 1776 198
f 198 1776 197
f 1776 1767 197
f 197 1767 274
f 181 274 199
f 199 274 1767
f 568 566 564
f 564 566 563
f 568 569 566
f 566 569 567
f 501 1773 1771
f 1771 1773 578
f 547 579 1773
f 1773 579 578
f 3486 470 474
f 474 470 469
f 450 582 3487
f 3487 582 3488
f 582 583 3488
f 3488 583 3489
f 583 584 3489
f 3489 584 3490
f 3490 584 3491
f 3491 584 543
f 470 3486 466
f 466 3486 467
f 3489 3490 503
f 503 3490 504
f 503 3492 3489
f 3489 3492 3488
f 3492 503 3493
f 3493 503 502
f 3495 3492 3494
f 3494 3492 3493
f 3487 3488 3495
f 3495 3488 3492
f 468 1774 465
f 465 1774 570
f 3494 3493 1775
f 1775 3493 1771
f 3490 3491 504
f 504 3491 1772
f 3491 543 1772
f 1772 543 548
f 450 3487 474
f 474 3487 3486
f 3495 467 3487
f 3487 467 3486
f 3494 468 3495
f 3495 468 467
f 468 3494 1774
f 1774 3494 1775
f 501 1771 502
f 502 1771 3493
f 527 366 384
f 384 366 365
f 522 524 527
f 527 524 366
f 521 534 522
f 522 534 524
f 530 535 521
f 521 535 534
f 508 486 513
f 513 486 532
f 513 532 541
f 541 532 535
f 667 668 596
f 596 668 597
f 1294 1297 624
f 624 1297 625
f 603 641 604
f 604 641 640
f 1290 1293 650
f 650 1293 651
f 1758 691 660
f 660 691 661
f 602 671 599
f 599 671 670
f 654 662 690
f 690 662 661
f 2856 598 695
f 695 598 597
f 602 654 671
f 671 654 690
f 604 640 676
f 676 640 704
f 1826 1829 708
f 708 1829 709
f 1288 1284 740
f 740 1284 741
f 755 754 758
f 758 754 759
f 2853 2856 932
f 932 2856 695
f 689 691 1192
f 1192 691 1193
f 784 1319 1240
f 1240 1319 1241
f 1813 1816 1244
f 1244 1816 1245
f 754 1288 759
f 759 1288 740
f 1894 1242 1318
f 1318 1242 1241
f 2867 1348 1418
f 1418 1348 1347
f 676 704 673
f 673 704 1347
f 1284 1287 741
f 741 1287 1419
f 1421 1426 1422
f 1422 1426 1425
f 1758 660 615
f 615 660 616
f 1192 1191 1421
f 1421 1191 1426
f 2962 1839 1504
f 1504 1839 1505
f 941 1194 1759
f 1759 1194 1193
f 1287 1537 1419
f 1419 1537 1760
f 1882 2893 1823
f 1823 2893 1824
f 1886 1891 1827
f 1827 1891 1828
f 1887 1886 1834
f 1834 1886 1827
f 1841 716 1838
f 1838 716 1505
f 782 784 1850
f 1850 784 1240
f 1239 1242 1863
f 1863 1242 1864
f 1242 1894 1864
f 1864 1894 1873
f 1822 1239 1823
f 1823 1239 1863
f 1318 1317 1895
f 1895 1317 1900
f 1894 1896 1873
f 1873 1896 1897
f 1291 1896 1292
f 1292 1896 1895
f 605 1898 606
f 606 1898 1897
f 1258 1257 2854
f 2854 1257 2855
f 1257 1351 2855
f 2855 1351 2857
f 1351 1353 2857
f 2857 1353 2858
f 1353 3033 2858
f 2858 3033 2859
f 2860 2861 3036
f 3036 2861 3037
f 2862 2863 2870
f 2870 2863 3039
f 2870 2869 2862
f 2862 2869 2864
f 2868 2865 2869
f 2869 2865 2864
f 1764 2866 2868
f 2868 2866 2865
f 1537 1199 1760
f 1760 1199 1348
f 615 2884 1758
f 1758 2884 1759
f 1825 1246 2890
f 2890 1246 1245
f 2893 2892 1824
f 1824 2892 2891
f 761 2960 758
f 758 2960 2906
f 3000 2943 2940
f 2940 2943 2941
f 2968 710 2950
f 2950 710 709
f 1764 1423 2866
f 2866 1423 2953
f 1423 645 2953
f 2953 645 2954
f 645 644 2954
f 2954 644 2955
f 644 738 2955
f 2955 738 2956
f 738 764 2956
f 2956 764 2957
f 764 763 2957
f 2957 763 2958
f 763 2908 2958
f 2958 2908 2959
f 2908 1436 2959
f 2959 1436 2961
f 1837 2964 1435
f 1435 2964 2963
f 1837 2937 2964
f 2964 2937 2965
f 2936 2968 2966
f 2966 2968 2950
f 1840 2942 1838
f 1838 2942 2941
f 2939 2949 2940
f 2940 2949 3006
f 2939 2942 2966
f 2966 2942 2965
f 1822 1825 1850
f 1850 1825 2890
f 1891 3005 1828
f 1828 3005 3006
f 3035 3038 3045
f 3045 3038 3042
f 3045 3044 3035
f 3035 3044 3040
f 669 1422 3045
f 3045 1422 3044
f 599 670 3041
f 3041 670 3042
f 931 3067 932
f 932 3067 3065
f 2853 3066 2854
f 2854 3066 3076
f 3067 3496 3065
f 3065 3496 3497
f 3066 3498 3076
f 3076 3498 3499
f 707 1813 708
f 708 1813 1244
f 2960 2962 2906
f 2906 2962 1504
f 2892 1887 2891
f 2891 1887 1834
f 1839 2962 2963
f 2963 2962 2961
f 595 626 596
f 596 626 625
f 623 626 3484
f 3484 626 2859
f 1291 1290 606
f 606 1290 603
f 1290 650 603
f 603 650 641
f 641 650 642
f 642 650 649
f 2860 2863 649
f 649 2863 642
f 3036 3039 2860
f 2860 3039 2863
f 3035 3040 3036
f 3036 3040 3039
f 1294 1293 1295
f 1295 1293 1292
f 624 651 1294
f 1294 651 1293
f 623 652 624
f 624 652 651
f 3484 2861 623
f 623 2861 652
f 3032 3037 3484
f 3484 3037 2861
f 3031 3038 3032
f 3032 3038 3037
f 3481 2848 2884
f 2884 2848 942
f 2846 617 1427
f 1427 617 616
f 3049 3167 3048
f 3048 3167 3500
f 1906 3048 3070
f 3070 3048 3500
f 1337 1768 3501
f 3501 1768 3502
f 3020 3503 3021
f 3021 3503 3024
f 2914 3023 3020
f 3020 3023 3503
f 859 1770 860
f 860 1770 3504
f 1336 3505 1768
f 1768 3505 3502
f 3065 3497 3066
f 3066 3497 3498
f 2814 3075 3067
f 3067 3075 3496
f 2839 3174 766
f 766 3174 3017
f 1337 3501 1338
f 1338 3501 1769
f 767 3018 3026
f 3026 3018 3506
f 3076 3499 3064
f 3064 3499 3507
f 727 730 3483
f 3483 730 3030
f 3064 3507 2871
f 2871 3507 3077
f 3100 3160 1786
f 1786 3160 1784
f 3026 3506 752
f 752 3506 3015
f 860 3504 2923
f 2923 3504 3508
f 753 3016 3027
f 3027 3016 3509
f 3027 3509 3008
f 3008 3509 3028
f 1782 1785 1783
f 1783 1785 3022
f 2923 3508 3153
f 3153 3508 3161
f 3148 3149 1208
f 1208 3149 3150
f 1335 1328 3510
f 3510 1328 1327
f 1336 1335 3505
f 3505 1335 3510
f 866 3511 1340
f 1340 3511 3146
f 865 1808 866
f 866 1808 3511
f 842 841 3159
f 3159 841 3485
f 2849 3512 1329
f 1329 3512 1326
f 1202 1331 2849
f 2849 1331 3512
f 3514 3515 3513
f 3513 3515 3516
f 3518 3516 3517
f 3517 3516 3515
f 3519 3520 3514
f 3514 3520 3515
f 3522 3523 3521
f 3521 3523 3524
f 3526 3527 3525
f 3525 3527 3528
f 3530 3531 3529
f 3529 3531 3532
f 3534 3535 3533
f 3533 3535 3536
f 3529 3532 3537
f 3537 3532 3538
f 3537 3539 3529
f 3529 3539 3540
f 3542 3543 3541
f 3541 3543 3544
f 3546 3547 3545
f 3545 3547 3548
f 3550 3534 3549
f 3549 3534 3533
f 3550 3543 3551
f 3551 3543 3552
f 3537 3545 3539
f 3539 3545 3548
f 3553 3554 3556
f 3556 3554 3555
f 3537 3557 3545
f 3545 3557 3546
f 3558 3559 3561
f 3561 3559 3560
f 3563 3564 3562
f 3562 3564 3565
f 3564 3563 3566
f 3566 3563 3567
f 3569 3570 3568
f 3568 3570 3571
f 3573 3574 3572
f 3572 3574 3575
f 3577 3578 3576
f 3576 3578 3579
f 3581 3582 3580
f 3580 3582 3583
f 3585 3586 3584
f 3584 3586 3579
f 3586 3587 3579
f 3579 3587 3576
f 3589 3590 3588
f 3588 3590 3591
f 3592 3593 3595
f 3595 3593 3594
f 3597 3598 3596
f 3596 3598 3595
f 3583 3600 3599
f 3599 3600 3601
f 3603 3599 3602
f 3602 3599 3601
f 3605 3606 3604
f 3604 3606 3607
f 3608 3555 3596
f 3596 3555 3554
f 3597 3610 3609
f 3609 3610 3565
f 3564 3611 3565
f 3565 3611 3609
f 3611 3564 3612
f 3612 3564 3566
f 3613 3614 3569
f 3569 3614 3570
f 3615 3616 3573
f 3573 3616 3574
f 3517 3617 3518
f 3518 3617 3618
f 3620 3621 3619
f 3619 3621 3622
f 3624 3625 3623
f 3623 3625 3626
f 3628 3629 3627
f 3627 3629 3630
f 3632 3633 3631
f 3631 3633 3634
f 3636 3637 3635
f 3635 3637 3638
f 3640 3641 3639
f 3639 3641 3642
f 3643 3644 3639
f 3639 3644 3640
f 3646 3513 3645
f 3645 3513 3647
f 3648 3514 3646
f 3646 3514 3513
f 3649 3519 3648
f 3648 3519 3514
f 3650 3651 3527
f 3527 3651 3652
f 3654 3651 3653
f 3653 3651 3650
f 3568 3571 3655
f 3655 3571 3656
f 3657 3658 3653
f 3653 3658 3659
f 3661 3662 3660
f 3660 3662 3658
f 3664 3665 3663
f 3663 3665 3666
f 3667 3657 3650
f 3650 3657 3653
f 3669 3523 3668
f 3668 3523 3670
f 3672 3673 3671
f 3671 3673 3674
f 3676 3677 3675
f 3675 3677 3678
f 3671 3674 3676
f 3676 3674 3677
f 3680 3681 3679
f 3679 3681 3682
f 3683 3684 3680
f 3680 3684 3681
f 3685 3686 3661
f 3661 3686 3662
f 3686 3687 3662
f 3662 3687 3688
f 3684 3683 3689
f 3689 3683 3690
f 3692 3693 3691
f 3691 3693 3694
f 3691 3694 3695
f 3695 3694 3696
f 3698 3699 3697
f 3697 3699 3700
f 3702 3703 3701
f 3701 3703 3704
f 3705 3706 3519
f 3519 3706 3520
f 3673 3672 3707
f 3707 3672 3708
f 3709 3710 3682
f 3682 3710 3679
f 3711 3712 3692
f 3692 3712 3693
f 3714 3715 3713
f 3713 3715 3716
f 3718 3700 3717
f 3717 3700 3699
f 3720 3721 3719
f 3719 3721 3722
f 3724 3725 3723
f 3723 3725 3726
f 3727 3728 3730
f 3730 3728 3729
f 3722 3721 3731
f 3731 3721 3732
f 3697 3700 3733
f 3733 3700 3714
f 3733 3714 3734
f 3734 3714 3713
f 3721 3723 3732
f 3732 3723 3735
f 3720 3736 3724
f 3724 3736 3737
f 3700 3718 3714
f 3714 3718 3715
f 3717 3699 3738
f 3738 3699 3739
f 3536 3740 3533
f 3533 3740 3540
f 3742 3743 3741
f 3741 3743 3744
f 3746 3747 3745
f 3745 3747 3748
f 3750 3751 3749
f 3749 3751 3752
f 3627 3632 3628
f 3628 3632 3631
f 3754 3755 3753
f 3753 3755 3626
f 3562 3565 3756
f 3756 3565 3610
f 3527 3652 3528
f 3528 3652 3757
f 3758 3524 3669
f 3669 3524 3523
f 3582 3598 3583
f 3583 3598 3600
f 3759 3670 3522
f 3522 3670 3523
f 3675 3678 3760
f 3760 3678 3761
f 3762 3763 3690
f 3690 3763 3689
f 3765 3766 3764
f 3764 3766 3767
f 3768 3739 3698
f 3698 3739 3699
f 3726 3725 3770
f 3770 3725 3769
f 3645 3647 3771
f 3771 3647 3772
f 3645 3678 3646
f 3646 3678 3677
f 3646 3677 3648
f 3648 3677 3674
f 3673 3649 3674
f 3674 3649 3648
f 3707 3773 3673
f 3673 3773 3649
f 3775 3776 3774
f 3774 3776 3777
f 3779 3526 3778
f 3778 3526 3525
f 3526 3779 3667
f 3667 3779 3780
f 3780 3781 3667
f 3667 3781 3657
f 3672 3679 3708
f 3708 3679 3710
f 3671 3680 3672
f 3672 3680 3679
f 3676 3683 3671
f 3671 3683 3680
f 3675 3690 3676
f 3676 3690 3683
f 3760 3762 3675
f 3675 3762 3690
f 3682 3681 3783
f 3783 3681 3782
f 3689 3784 3684
f 3684 3784 3785
f 3684 3785 3681
f 3681 3785 3782
f 3786 3709 3783
f 3783 3709 3682
f 3784 3689 3787
f 3787 3689 3763
f 3789 3557 3788
f 3788 3557 3790
f 3792 3793 3791
f 3791 3793 3794
f 3616 3615 3795
f 3795 3615 3796
f 3797 3798 3727
f 3727 3798 3728
f 3800 3801 3799
f 3799 3801 3802
f 3803 3578 3592
f 3592 3578 3593
f 3805 3806 3804
f 3804 3806 3807
f 3599 3603 3585
f 3585 3603 3586
f 3587 3586 3604
f 3604 3586 3603
f 3588 3591 3794
f 3794 3591 3791
f 3581 3803 3582
f 3582 3803 3592
f 3594 3561 3608
f 3608 3561 3790
f 3662 3688 3808
f 3808 3688 3809
f 3665 3664 3810
f 3810 3664 3811
f 3719 3812 3720
f 3720 3812 3736
f 3717 3813 3718
f 3718 3813 3737
f 3723 3721 3724
f 3724 3721 3720
f 3813 3717 3814
f 3814 3717 3738
f 3815 3816 303
f 303 3816 304
f 3818 3819 3817
f 3817 3819 3820
f 3578 3803 3579
f 3579 3803 3584
f 3558 3593 3577
f 3577 3593 3578
f 3822 3823 3821
f 3821 3823 3824
f 3546 3826 3825
f 3825 3826 3827
f 3828 3829 3547
f 3547 3829 3541
f 3831 3542 3830
f 3830 3542 3832
f 3834 3822 3833
f 3833 3822 3821
f 3835 3836 3827
f 3827 3836 3825
f 3800 3799 3828
f 3828 3799 3829
f 3830 3832 3837
f 3837 3832 3838
f 331 330 3551
f 3551 330 3839
f 3831 333 3552
f 3552 333 332
f 3819 3797 3841
f 3841 3797 3840
f 3513 3516 3647
f 3647 3516 3746
f 337 336 3745
f 3745 336 3772
f 3525 3528 3775
f 3775 3528 3749
f 3610 3597 3554
f 3554 3597 3596
f 3706 3702 3520
f 3520 3702 3701
f 3756 3610 3553
f 3553 3610 3554
f 3757 3750 3528
f 3528 3750 3749
f 3517 3515 3701
f 3701 3515 3520
f 3842 3584 3581
f 3581 3584 3803
f 3525 3775 3778
f 3778 3775 3774
f 3638 3843 3635
f 3635 3843 3618
f 3617 3621 3618
f 3618 3621 3635
f 3617 3517 3704
f 3704 3517 3701
f 3521 3624 3522
f 3522 3624 3623
f 3749 3844 3775
f 3775 3844 3776
f 3846 3847 3845
f 3845 3847 3848
f 3843 3747 3618
f 3618 3747 3518
f 3850 3851 3849
f 3849 3851 3748
f 3853 3854 3852
f 3852 3854 3855
f 3856 3857 3622
f 3622 3857 3619
f 3859 3860 3858
f 3858 3860 3861
f 3862 3844 3752
f 3752 3844 3749
f 3863 3759 3623
f 3623 3759 3522
f 3864 3777 3630
f 3630 3777 3776
f 3713 3865 3734
f 3734 3865 3866
f 3868 3869 3867
f 3867 3869 3870
f 3872 3873 3871
f 3871 3873 3874
f 3876 3877 3875
f 3875 3877 3878
f 3879 3880 3878
f 3878 3880 3881
f 3882 3883 3885
f 3885 3883 3884
f 3780 3886 3781
f 3781 3886 3887
f 3888 3685 3869
f 3869 3685 3661
f 3880 3879 3883
f 3883 3879 3884
f 3693 3783 3694
f 3694 3783 3782
f 3696 3785 3764
f 3764 3785 3784
f 3694 3782 3696
f 3696 3782 3785
f 3693 3786 3783
f 3787 3765 3784
f 3784 3765 3764
f 386 385 3765
f 3765 385 3766
f 3695 3889 3691
f 3691 3889 3890
f 3691 3890 3692
f 3692 3890 3891
f 3892 3711 3891
f 3891 3711 3692
f 3767 3893 3695
f 3695 3893 3889
f 3766 3894 3767
f 3767 3894 3893
f 3882 3885 3895
f 3895 3885 3896
f 3898 3698 3897
f 3897 3698 3697
f 3897 3697 3899
f 3899 3697 3733
f 3899 3733 3900
f 3900 3733 3734
f 3901 3768 3898
f 3898 3768 3698
f 3901 3902 3768
f 3768 3902 3903
f 3904 3905 3907
f 3907 3905 3906
f 3869 3661 3870
f 3870 3661 3660
f 3908 3909 3896
f 3896 3909 3895
f 3909 3758 3895
f 3895 3758 3669
f 3751 3531 3752
f 3752 3531 3848
f 3858 3536 3854
f 3854 3536 3535
f 3652 3562 3757
f 3757 3562 3756
f 3651 3654 3563
f 3563 3654 3567
f 3655 3656 3808
f 3808 3656 3659
f 3530 3740 3845
f 3845 3740 3861
f 3751 3750 3556
f 3556 3750 3553
f 3817 3820 3796
f 3796 3820 3795
f 410 409 3910
f 3910 409 3855
f 3750 3757 3553
f 3553 3757 3756
f 3908 3886 3909
f 3909 3886 3780
f 409 411 3855
f 3855 411 3851
f 413 412 3760
f 3760 412 3762
f 415 414 3763
f 3763 414 3787
f 3790 3557 3538
f 3538 3557 3537
f 3555 3608 3538
f 3538 3608 3790
f 3574 3911 3575
f 3575 3911 3912
f 3535 3534 3910
f 3910 3534 3839
f 3831 3552 3542
f 3542 3552 3543
f 3534 3550 3839
f 3839 3550 3551
f 3543 3550 3544
f 3544 3550 3549
f 3913 3914 3916
f 3916 3914 3915
f 3806 3805 3589
f 3589 3805 3590
f 3849 3843 3917
f 3917 3843 3638
f 3853 3644 3859
f 3859 3644 3742
f 3747 3746 3518
f 3518 3746 3516
f 3695 3696 3767
f 3767 3696 3764
f 3903 3918 3768
f 3768 3918 3739
f 3738 3739 3816
f 3816 3739 3918
f 3919 3920 3769
f 3769 3920 3770
f 3921 3726 3922
f 3922 3726 3770
f 3678 3645 3761
f 3761 3645 3771
f 3924 3913 3923
f 3923 3913 3916
f 3802 3925 3838
f 3838 3925 3837
f 3577 3926 3558
f 3558 3926 3559
f 3815 3919 3814
f 3814 3919 3769
f 3927 3928 3822
f 3822 3928 3823
f 3829 3832 3541
f 3541 3832 3542
f 3834 3927 3822
f 3832 3829 3838
f 3838 3829 3799
f 3745 3772 3746
f 3746 3772 3647
f 3849 3748 3843
f 3843 3748 3747
f 3854 3853 3858
f 3858 3853 3859
f 3854 3535 3855
f 3855 3535 3910
f 3557 3789 3546
f 3546 3789 3826
f 3923 3823 3924
f 3924 3823 3928
f 3823 3923 3929
f 3929 3923 3930
f 3531 3751 3532
f 3532 3751 3556
f 3532 3556 3538
f 3538 3556 3555
f 3932 3634 3931
f 3931 3634 3633
f 3814 3769 3813
f 3813 3769 3725
f 3620 3636 3621
f 3621 3636 3635
f 3847 3862 3848
f 3848 3862 3752
f 3531 3530 3848
f 3848 3530 3845
f 3933 3934 3830
f 3830 3934 3831
f 3925 3933 3837
f 3837 3933 3830
f 3934 440 3831
f 3831 440 333
f 3925 3802 3833
f 3833 3802 3801
f 3776 3844 3630
f 3630 3844 3627
f 3808 3659 3662
f 3662 3659 3658
f 3667 3650 3526
f 3526 3650 3527
f 3935 3666 3936
f 3936 3666 3665
f 3718 3737 3715
f 3715 3737 3736
f 3663 3809 3664
f 3664 3809 3688
f 3807 3806 3938
f 3938 3806 3937
f 445 413 3761
f 3761 413 3760
f 3902 447 3903
f 3903 447 446
f 3897 3890 3898
f 3898 3890 3889
f 3899 3891 3897
f 3897 3891 3890
f 3898 3889 3901
f 3901 3889 3893
f 3893 3894 3901
f 3901 3894 3902
f 414 386 3787
f 3787 386 3765
f 3940 3941 3939
f 3939 3941 3942
f 3840 3797 3943
f 3943 3797 3727
f 3665 3810 3936
f 3936 3810 3944
f 3921 3735 3726
f 3726 3735 3723
f 3920 3945 3770
f 3770 3945 3922
f 3521 3524 3774
f 3774 3524 3778
f 3864 3946 3625
f 3625 3946 3947
f 3773 3705 3649
f 3649 3705 3519
f 3779 3778 3758
f 3758 3778 3524
f 3812 3716 3736
f 3736 3716 3715
f 3624 3521 3777
f 3777 3521 3774
f 3703 3856 3704
f 3704 3856 3622
f 3900 3892 3899
f 3899 3892 3891
f 3641 3917 3642
f 3642 3917 3948
f 3895 3669 3882
f 3882 3669 3668
f 3855 3851 3852
f 3852 3851 3850
f 3894 458 3902
f 3902 458 447
f 3781 3887 3660
f 3660 3887 3870
f 3570 3566 3571
f 3571 3566 3567
f 3950 3576 3949
f 3949 3576 3587
f 3605 3602 3614
f 3614 3602 3612
f 3614 3612 3570
f 3570 3612 3566
f 3571 3567 3656
f 3656 3567 3654
f 3660 3658 3781
f 3781 3658 3657
f 3604 3607 3587
f 3587 3607 3949
f 3653 3659 3654
f 3654 3659 3656
f 3529 3540 3530
f 3530 3540 3740
f 3687 3811 3688
f 3688 3811 3664
f 3813 3725 3737
f 3737 3725 3724
f 3919 3815 461
f 461 3815 303
f 3818 3798 3819
f 3819 3798 3797
f 3819 3841 3820
f 3820 3841 3951
f 3816 3815 3738
f 3738 3815 3814
f 3540 3539 3533
f 3533 3539 3549
f 3548 3547 3544
f 3544 3547 3541
f 3539 3548 3549
f 3549 3548 3544
f 3741 3931 3860
f 3860 3931 3846
f 3801 3800 3835
f 3835 3800 3836
f 3934 3933 3824
f 3824 3933 3821
f 3825 3828 3546
f 3546 3828 3547
f 3833 3821 3925
f 3925 3821 3933
f 3800 3828 3836
f 3836 3828 3825
f 3824 3952 3934
f 3934 3952 440
f 3860 3846 3861
f 3861 3846 3845
f 3629 3946 3630
f 3630 3946 3864
f 3740 3536 3861
f 3861 3536 3858
f 3833 3801 3834
f 3834 3801 3835
f 3583 3599 3580
f 3580 3599 3585
f 3651 3563 3652
f 3652 3563 3562
f 3758 3909 3779
f 3779 3909 3780
f 3621 3617 3622
f 3622 3617 3704
f 3625 3947 3626
f 3626 3947 3753
f 3633 3632 3847
f 3847 3632 3862
f 3852 3850 3640
f 3640 3850 3641
f 3644 3853 3640
f 3640 3853 3852
f 3859 3742 3860
f 3860 3742 3741
f 3632 3627 3862
f 3862 3627 3844
f 3755 3863 3626
f 3626 3863 3623
f 3917 3638 3948
f 3948 3638 3637
f 3644 3643 3742
f 3742 3643 3743
f 3931 3633 3846
f 3846 3633 3847
f 3625 3624 3864
f 3864 3624 3777
f 3917 3641 3849
f 3849 3641 3850
f 3744 3932 3741
f 3741 3932 3931
f 3903 446 3918
f 3918 446 464
f 3953 3954 3956
f 3956 3954 3955
f 3958 3959 3957
f 3957 3959 3960
f 3876 3958 3877
f 3877 3958 3957
f 3877 3957 3961
f 3961 3957 3962
f 3963 3964 3958
f 3958 3964 3959
f 3965 3966 3876
f 3876 3966 3958
f 3966 3963 3958
f 3966 3967 3963
f 3963 3967 3968
f 3878 3877 3879
f 3879 3877 3961
f 3967 3969 3968
f 3968 3969 3970
f 3969 3971 3970
f 3970 3971 3972
f 3974 3904 3973
f 3973 3904 3907
f 3971 3975 3972
f 3972 3975 3976
f 3976 3975 3978
f 3978 3975 3977
f 3979 3980 3977
f 3977 3980 3978
f 3981 3982 3979
f 3979 3982 3980
f 3983 3984 3981
f 3981 3984 3982
f 3972 3985 3970
f 3970 3985 3986
f 3871 3987 3969
f 3969 3987 3971
f 3872 3871 3967
f 3967 3871 3969
f 3965 3872 3966
f 3966 3872 3967
f 3970 3986 3968
f 3968 3986 3988
f 3879 3961 3884
f 3884 3961 3940
f 3884 3940 3885
f 3885 3940 3939
f 3989 3990 3992
f 3992 3990 3991
f 3942 3993 3995
f 3995 3993 3994
f 3994 3996 3995
f 3995 3996 3974
f 3997 3998 3994
f 3994 3998 3996
f 3999 3997 3993
f 3993 3997 3994
f 4001 3996 4000
f 4000 3996 3998
f 4000 3998 4002
f 4002 3998 4003
f 4004 4003 3997
f 3997 4003 3998
f 3997 3999 4004
f 4004 3999 4005
f 4006 3995 3973
f 3973 3995 3974
f 3939 3942 4006
f 4006 3942 3995
f 3906 3887 3907
f 3907 3887 3886
f 3887 3906 3870
f 3870 3906 3867
f 3908 3973 3886
f 3886 3973 3907
f 3865 4007 3866
f 3866 4007 4008
f 3984 3983 4009
f 4009 3983 4010
f 3961 3962 3940
f 3940 3962 3941
f 4012 3868 4011
f 4011 3868 3867
f 4013 3975 3987
f 3987 3975 3971
f 4014 3977 4013
f 4013 3977 3975
f 4015 4010 4007
f 4007 4010 3983
f 4007 3983 4008
f 4008 3983 3981
f 4008 3981 4016
f 4016 3981 3979
f 4017 3984 4018
f 4018 3984 4009
f 3977 4014 3979
f 3979 4014 4016
f 3982 3984 4019
f 4019 3984 4017
f 4021 4022 4020
f 4020 4022 4023
f 4022 4012 4023
f 4023 4012 4011
f 4023 3904 4020
f 4020 3904 3974
f 4024 4025 4018
f 4018 4025 4017
f 4026 4027 4024
f 4024 4027 4025
f 4028 4026 4029
f 4029 4026 4024
f 4018 4021 4024
f 4024 4021 4029
f 4030 4031 4026
f 4026 4031 4027
f 4032 4030 4028
f 4028 4030 4026
f 4029 4001 4028
f 4028 4001 4000
f 4028 4000 4032
f 4032 4000 4002
f 4034 4035 4033
f 4033 4035 4036
f 4037 4038 4019
f 4019 4038 4039
f 4041 4039 4040
f 4040 4039 4038
f 4040 4038 4042
f 4042 4038 4036
f 4042 4036 4043
f 4043 4036 4035
f 3985 4044 4046
f 4046 4044 4045
f 4047 4048 4045
f 4045 4048 4046
f 4047 4049 4048
f 4048 4049 4050
f 4042 4047 4040
f 4040 4047 4045
f 4043 4049 4042
f 4042 4049 4047
f 4040 4045 4041
f 4041 4045 4044
f 4052 3959 4051
f 4051 3959 3964
f 4053 4054 4051
f 4051 4054 4055
f 3956 3960 4052
f 4052 3960 3959
f 3953 3956 4056
f 4056 3956 4052
f 4058 3953 4057
f 4057 3953 4056
f 4060 4061 4059
f 4059 4061 4062
f 4063 4064 4054
f 4054 4064 4057
f 4054 4053 4063
f 4063 4053 4065
f 4066 4067 4069
f 4069 4067 4068
f 4048 4050 4063
f 4063 4050 4064
f 4063 4065 4048
f 4048 4065 4046
f 3985 4046 3986
f 3986 4046 4065
f 3986 4065 3988
f 3988 4065 4053
f 3988 4053 3964
f 3964 4053 4051
f 3976 3978 4044
f 4044 3978 4041
f 3980 3982 4039
f 4039 3982 4019
f 4039 4041 3980
f 3980 4041 3978
f 3973 3908 4006
f 4006 3908 3896
f 3885 3939 3896
f 3896 3939 4006
f 4031 4034 4027
f 4027 4034 4033
f 4027 4033 4025
f 4025 4033 4037
f 4019 4017 4037
f 4037 4017 4025
f 3993 3942 4070
f 4070 3942 3941
f 3999 3993 4071
f 4071 3993 4070
f 3999 4071 4005
f 4005 4071 4072
f 4073 4074 4076
f 4076 4074 4075
f 4078 4079 4077
f 4077 4079 4080
f 4082 4080 4081
f 4081 4080 4079
f 4084 4085 4083
f 4083 4085 4086
f 4087 4088 4090
f 4090 4088 4089
f 4092 4093 4091
f 4091 4093 4094
f 4096 4097 4095
f 4095 4097 4098
f 4100 4101 4099
f 4099 4101 4102
f 4103 4104 4106
f 4106 4104 4105
f 4108 4109 4107
f 4107 4109 4110
f 4112 4113 4111
f 4111 4113 4114
f 4116 4117 4115
f 4115 4117 4118
f 4120 4121 4119
f 4119 4121 4122
f 4123 4124 4126
f 4126 4124 4125
f 4127 4128 4130
f 4130 4128 4129
f 4132 4133 4131
f 4131 4133 4134
f 4136 4108 4135
f 4135 4108 4107
f 4138 4139 4137
f 4137 4139 4140
f 4141 4142 4088
f 4088 4142 4089
f 4144 4145 4143
f 4143 4145 4146
f 4148 4149 4147
f 4147 4149 4150
f 4152 4153 4151
f 4151 4153 4154
f 4156 4082 4155
f 4155 4082 4081
f 4157 4158 4160
f 4160 4158 4159
f 4161 4162 4164
f 4164 4162 4163
f 4166 4122 4165
f 4165 4122 4121
f 4168 4152 4167
f 4167 4152 4151
f 4169 4170 4172
f 4172 4170 4171
f 4174 4175 4173
f 4173 4175 4176
f 4178 4149 4177
f 4177 4149 4179
f 4173 4176 4180
f 4180 4176 4181
f 4156 4085 4182
f 4182 4085 4183
f 4182 4184 4156
f 4156 4184 4082
f 4185 4186 4184
f 4184 4186 4187
f 4186 4188 4187
f 4187 4188 4189
f 4190 4191 4073
f 4073 4191 4074
f 4177 4179 4158
f 4158 4179 4159
f 4193 4127 4192
f 4192 4127 4130
f 4144 4194 4151
f 4151 4194 4167
f 4196 4197 4195
f 4195 4197 4198
f 4095 4199 4096
f 4096 4199 4200
f 4201 4202 4204
f 4204 4202 4203
f 4205 4206 4208
f 4208 4206 4207
f 4121 4120 4209
f 4209 4120 4210
f 4212 4213 4211
f 4211 4213 4214
f 4216 4217 4215
f 4215 4217 4218
f 4220 4221 4219
f 4219 4221 4222
f 4224 4196 4223
f 4223 4196 4195
f 4225 4226 4134
f 4134 4226 4131
f 4228 4229 4227
f 4227 4229 4230
f 4232 4233 4231
f 4231 4233 4098
f 4235 4236 4234
f 4234 4236 4237
f 4239 4240 4238
f 4238 4240 4241
f 4242 4243 4245
f 4245 4243 4244
f 4246 4247 4249
f 4249 4247 4248
f 4251 4252 4250
f 4250 4252 4253
f 4255 4256 4254
f 4254 4256 4257
f 4259 4260 4258
f 4258 4260 4261
f 4263 4264 4262
f 4262 4264 4265
f 4267 4268 4266
f 4266 4268 4269
f 4271 4199 4270
f 4270 4199 4272
f 4273 4274 4276
f 4276 4274 4275
f 4115 4118 4277
f 4277 4118 4278
f 4280 4281 4279
f 4279 4281 4282
f 4211 4283 4212
f 4212 4283 4284
f 4286 4287 4285
f 4285 4287 4288
f 4165 4121 4289
f 4289 4121 4209
f 4291 4286 4290
f 4290 4286 4285
f 4293 4294 4292
f 4292 4294 4295
f 4297 4298 4296
f 4296 4298 4299
f 4301 4302 4300
f 4300 4302 4303
f 4299 4304 4296
f 4296 4304 4305
f 4306 4292 4307
f 4307 4292 4295
f 4307 4308 4306
f 4306 4308 4309
f 4310 4309 4075
f 4075 4309 4308
f 4299 4298 4312
f 4312 4298 4311
f 4302 4301 4293
f 4293 4301 4294
f 3735 3921 4313
f 4313 3921 4314
f 4315 4314 3922
f 3922 4314 3921
f 4316 3945 829
f 829 3945 830
f 4289 4317 4165
f 4165 4317 4318
f 4320 4321 4319
f 4319 4321 4322
f 4324 4325 4323
f 4323 4325 4326
f 4327 4328 4330
f 4330 4328 4329
f 4290 4331 4291
f 4291 4331 4332
f 4165 4318 4166
f 4166 4318 4333
f 4334 4335 4337
f 4337 4335 4336
f 4339 4340 4338
f 4338 4340 4341
f 4168 4343 4342
f 4342 4343 4344
f 4346 4347 4345
f 4345 4347 4348
f 4350 4351 4349
f 4349 4351 4352
f 4354 4355 4353
f 4353 4355 4356
f 4357 4358 4324
f 4324 4358 4325
f 4337 4359 4334
f 4334 4359 4360
f 4362 4363 4361
f 4361 4363 4364
f 4366 4367 4365
f 4365 4367 4368
f 4369 4370 4372
f 4372 4370 4371
f 4331 4290 4374
f 4374 4290 4373
f 4373 4376 4375
f 4375 4376 4377
f 4379 4380 4378
f 4378 4380 4381
f 4217 4382 4218
f 4218 4382 4383
f 4385 4386 4384
f 4384 4386 4387
f 4388 4389 4338
f 4338 4389 4390
f 4337 4336 4392
f 4392 4336 4391
f 4394 4362 4393
f 4393 4362 4361
f 4396 4397 4395
f 4395 4397 4398
f 4400 4401 4399
f 4399 4401 4402
f 4345 4403 4346
f 4346 4403 4404
f 4405 4406 4342
f 4342 4406 4407
f 4409 4410 4408
f 4408 4410 4411
f 4408 4412 4409
f 4409 4412 4413
f 4181 4415 4414
f 4414 4415 4416
f 4182 4183 4417
f 4417 4183 4418
f 4419 4353 4311
f 4311 4353 4312
f 4421 4422 4420
f 4420 4422 4423
f 4353 4356 4312
f 4312 4356 4424
f 4166 4333 4425
f 4425 4333 4426
f 4425 4143 4166
f 4166 4143 4122
f 4427 4107 4428
f 4428 4107 4110
f 4429 4430 4174
f 4174 4430 4175
f 4335 4431 4336
f 4336 4431 4390
f 4336 4390 4391
f 4391 4390 4389
f 4432 4433 4435
f 4435 4433 4434
f 4437 4438 4436
f 4436 4438 4439
f 4441 4442 4440
f 4440 4442 4443
f 4359 4444 4361
f 4361 4444 4393
f 4446 4447 4445
f 4445 4447 4448
f 4338 4341 4388
f 4388 4341 4449
f 4450 4451 4398
f 4398 4451 4395
f 4453 4454 4452
f 4452 4454 4455
f 4457 4458 4456
f 4456 4458 4459
f 4460 4461 4448
f 4448 4461 4445
f 4463 4464 4462
f 4462 4464 4465
f 4462 4465 4466
f 4466 4465 4467
f 4468 4469 4467
f 4467 4469 4466
f 4469 4468 4470
f 4470 4468 4471
f 4472 4473 4471
f 4471 4473 4470
f 4475 4476 4474
f 4474 4476 4477
f 4479 4480 4478
f 4478 4480 4481
f 4483 4484 4482
f 4482 4484 4485
f 4487 4488 4486
f 4486 4488 4489
f 4491 4492 4490
f 4490 4492 4493
f 4494 4495 4493
f 4493 4495 4490
f 4496 4497 4494
f 4494 4497 4495
f 4497 4496 4498
f 4498 4496 4499
f 4500 4501 4503
f 4503 4501 4502
f 4505 4506 4504
f 4504 4506 4507
f 4466 4508 4462
f 4462 4508 4509
f 4470 4510 4469
f 4469 4510 4511
f 4513 4479 4512
f 4512 4479 4478
f 4515 4443 4514
f 4514 4443 4442
f 4516 4517 4519
f 4519 4517 4518
f 4521 4495 4520
f 4520 4495 4497
f 4522 4490 4521
f 4521 4490 4495
f 4491 4523 4488
f 4488 4523 4524
f 4525 4489 4524
f 4524 4489 4488
f 4484 4526 4485
f 4485 4526 4527
f 4503 4528 4500
f 4500 4528 4529
f 4530 4531 4533
f 4533 4531 4532
f 4535 4506 4534
f 4534 4506 4530
f 4486 4536 4487
f 4487 4536 4537
f 4487 4537 4492
f 4492 4537 4538
f 4494 4539 4496
f 4496 4539 4540
f 4542 4533 4541
f 4541 4533 4499
f 4544 4545 4543
f 4543 4545 4546
f 4548 4549 4547
f 4547 4549 4550
f 4536 4551 4537
f 4537 4551 4552
f 4537 4552 4538
f 4538 4552 4553
f 4554 4539 4556
f 4556 4539 4555
f 4557 4540 4554
f 4554 4540 4539
f 4559 4557 4558
f 4558 4557 4560
f 4540 4557 4541
f 4541 4557 4559
f 4562 4563 4561
f 4561 4563 4564
f 4546 4565 4543
f 4543 4565 4566
f 4547 4567 4548
f 4548 4567 4568
f 4570 4571 4569
f 4569 4571 4572
f 4574 4575 4573
f 4573 4575 4576
f 4578 4579 4577
f 4577 4579 4580
f 4582 4583 4581
f 4581 4583 4584
f 4585 4586 4588
f 4588 4586 4587
f 4589 4585 4590
f 4590 4585 4588
f 4592 4593 4591
f 4591 4593 4594
f 4596 4597 4595
f 4595 4597 4598
f 4600 4601 4599
f 4599 4601 4602
f 4563 4604 4603
f 4603 4604 4605
f 4603 4606 4608
f 4608 4606 4607
f 4609 4610 4594
f 4594 4610 4591
f 4611 4612 4614
f 4614 4612 4613
f 4616 4617 4615
f 4615 4617 4618
f 4602 4620 4619
f 4619 4620 4621
f 4619 4622 4602
f 4602 4622 4599
f 4605 4599 4623
f 4623 4599 4622
f 4605 4623 4603
f 4603 4623 4606
f 4625 4626 4624
f 4624 4626 4627
f 4438 4437 4628
f 4628 4437 4629
f 4442 4441 4630
f 4630 4441 4631
f 4630 4632 4442
f 4442 4632 4514
f 4633 4634 4529
f 4529 4634 4500
f 4500 4634 4501
f 4501 4634 4635
f 4637 4546 4636
f 4636 4546 4545
f 4639 4565 4638
f 4638 4565 4640
f 4573 4576 4641
f 4641 4576 4642
f 4593 4643 4594
f 4594 4643 4644
f 4645 4609 4644
f 4644 4609 4594
f 4647 4648 4646
f 4646 4648 4649
f 4651 4652 4650
f 4650 4652 4653
f 4654 4498 4519
f 4519 4498 4532
f 4520 4508 4521
f 4521 4508 4511
f 4522 4510 4523
f 4523 4510 4655
f 4524 4656 4525
f 4525 4656 4657
f 4514 4529 4515
f 4515 4529 4528
f 4658 4659 4661
f 4661 4659 4660
f 4496 4540 4499
f 4499 4540 4541
f 4493 4555 4494
f 4494 4555 4539
f 4549 4483 4550
f 4550 4483 4482
f 4545 4544 4501
f 4501 4544 4502
f 4636 4545 4635
f 4635 4545 4501
f 4589 4663 4662
f 4662 4663 4664
f 4662 4665 4558
f 4558 4665 4559
f 4569 4586 4570
f 4570 4586 4560
f 4552 4666 4553
f 4553 4666 4667
f 4668 4669 4670
f 4670 4669 4666
f 4672 4673 4671
f 4671 4673 4674
f 4287 4675 4288
f 4288 4675 4676
f 4678 4679 4677
f 4677 4679 4680
f 4681 4678 4682
f 4682 4678 4677
f 4682 4683 4681
f 4681 4683 4684
f 4161 4164 4685
f 4685 4164 4686
f 4414 4687 4689
f 4689 4687 4688
f 4405 4690 4346
f 4346 4690 4347
f 4691 4399 4693
f 4693 4399 4692
f 1209 4694 4365
f 4365 4694 4366
f 4650 1211 4651
f 4651 1211 1210
f 4695 4696 4255
f 4255 4696 4256
f 4697 4698 4218
f 4218 4698 4215
f 4700 4701 4699
f 4699 4701 4702
f 4703 4704 4303
f 4303 4704 4300
f 4315 3922 4316
f 4316 3922 3945
f 4653 4706 4705
f 4705 4706 4707
f 4709 4710 4708
f 4708 4710 4711
f 4335 4334 4713
f 4713 4334 4712
f 4714 4340 4321
f 4321 4340 4322
f 4716 4717 4715
f 4715 4717 4718
f 4238 4241 4719
f 4719 4241 4720
f 4231 4721 4307
f 4307 4721 4308
f 4723 4724 4722
f 4722 4724 4725
f 4727 4728 4726
f 4726 4728 4729
f 4730 4731 4327
f 4327 4731 4328
f 4733 4734 4732
f 4732 4734 4735
f 4720 4381 4736
f 4736 4381 4737
f 4738 4739 4741
f 4741 4739 4740
f 4743 4744 4742
f 4742 4744 4745
f 4338 4390 4339
f 4339 4390 4431
f 4746 4747 4431
f 4431 4747 4339
f 4291 4332 4289
f 4289 4332 4317
f 4289 4209 4291
f 4291 4209 4286
f 4287 4286 4210
f 4210 4286 4209
f 4749 4750 4748
f 4748 4750 4751
f 4212 4284 4752
f 4752 4284 4753
f 4752 4754 4212
f 4212 4754 4213
f 4252 4251 4225
f 4225 4251 4226
f 4227 4230 4248
f 4248 4230 4249
f 4205 4755 4757
f 4757 4755 4756
f 4708 4711 4758
f 4758 4711 4647
f 4367 4366 4759
f 4759 4366 4760
f 4526 4513 4527
f 4527 4513 4512
f 4420 4423 4385
f 4385 4423 4386
f 4705 4761 4653
f 4653 4761 4650
f 4761 1279 4650
f 4650 1279 1211
f 4762 4763 3944
f 3944 4763 3936
f 4274 4273 4765
f 4765 4273 4764
f 4767 4768 4766
f 4766 4768 4769
f 4770 4771 4769
f 4769 4771 4766
f 4771 4770 4242
f 4242 4770 4243
f 4093 4163 4094
f 4094 4163 4162
f 4772 4773 4775
f 4775 4773 4774
f 4777 4778 4776
f 4776 4778 4779
f 4417 4185 4182
f 4182 4185 4184
f 4780 4078 4781
f 4781 4078 4077
f 4781 4077 4782
f 4782 4077 4189
f 4188 4783 4189
f 4189 4783 4782
f 4295 4232 4307
f 4307 4232 4231
f 4785 4786 4784
f 4784 4786 4787
f 4784 1307 4785
f 4785 1307 1306
f 4078 4780 4096
f 4096 4780 4097
f 4075 4074 4310
f 4310 4074 4788
f 4788 4074 4789
f 4789 4074 4191
f 4789 4191 4059
f 4059 4191 4790
f 4791 4277 4792
f 4792 4277 4278
f 3732 3735 4793
f 4793 3735 4313
f 4793 4794 3732
f 3732 4794 3731
f 4792 4795 4791
f 4791 4795 4796
f 4797 4798 4799
f 4799 4798 4724
f 4763 4800 3936
f 3936 4800 3935
f 4801 4062 3729
f 3729 4062 3730
f 4713 4712 4802
f 4802 4712 4803
f 4146 4804 4119
f 4119 4804 4805
f 4498 4654 4497
f 4497 4654 4520
f 4806 4807 1326
f 1326 4807 1327
f 4689 4688 1330
f 1330 4688 1331
f 4801 4789 4062
f 4062 4789 4059
f 3730 4062 4808
f 4808 4062 4061
f 4810 4811 4809
f 4809 4811 4812
f 4813 4403 4814
f 4814 4403 4345
f 4815 4816 4349
f 4349 4816 4350
f 4817 4818 4820
f 4820 4818 4819
f 4406 4821 4407
f 4407 4821 4822
f 4823 4161 4824
f 4824 4161 4685
f 4181 4414 4825
f 4825 4414 4689
f 4741 4740 4826
f 4826 4740 4827
f 4828 4829 4827
f 4827 4829 4826
f 4142 4141 4415
f 4415 4141 4148
f 4830 1354 4761
f 4761 1354 1279
f 4832 4833 4831
f 4831 4833 4834
f 4835 4836 4626
f 4626 4836 4421
f 4451 4709 4395
f 4395 4709 4708
f 4627 4420 4837
f 4837 4420 4385
f 4837 1365 4838
f 4838 1365 1364
f 4397 4396 4839
f 4839 4396 4840
f 4842 4628 4841
f 4841 4628 4629
f 4671 4674 4631
f 4631 4674 4630
f 4674 4659 4630
f 4630 4659 4632
f 4633 4632 4658
f 4658 4632 4659
f 4658 4504 4633
f 4633 4504 4634
f 4635 4634 4507
f 4507 4634 4504
f 4843 4636 4507
f 4507 4636 4635
f 4844 4637 4843
f 4843 4637 4636
f 4637 4844 4640
f 4640 4844 4664
f 4638 4663 4642
f 4642 4663 4845
f 4847 4643 4846
f 4846 4643 4641
f 4644 4848 4645
f 4645 4848 4849
f 4851 4852 4850
f 4850 4852 4853
f 4855 4856 4854
f 4854 4856 4857
f 4859 4860 4858
f 4858 4860 4857
f 4715 4718 4859
f 4859 4718 4860
f 4862 4863 4861
f 4861 4863 4864
f 4866 4867 4865
f 4865 4867 4868
f 4870 4871 4869
f 4869 4871 4872
f 4869 4872 4116
f 4116 4872 4117
f 4820 4819 4874
f 4874 4819 4873
f 4876 4877 4875
f 4875 4877 4878
f 4880 4881 4879
f 4879 4881 4882
f 4884 4885 4883
f 4883 4885 4886
f 4887 4888 4280
f 4280 4888 4281
f 4818 4817 4889
f 4889 4817 4890
f 4891 4193 4823
f 4823 4193 4192
f 4892 4893 4228
f 4228 4893 4229
f 4158 4157 4894
f 4894 4157 4895
f 4896 4897 4132
f 4132 4897 4133
f 4099 4683 4100
f 4100 4683 4682
f 4101 4100 4899
f 4899 4100 4898
f 4150 4106 4147
f 4147 4106 4900
f 4100 4682 4898
f 4898 4682 4677
f 4080 4082 4187
f 4187 4082 4184
f 4077 4080 4189
f 4189 4080 4187
f 4191 4190 4790
f 4790 4190 4901
f 4177 4158 4680
f 4680 4158 4894
f 4108 4136 4752
f 4752 4136 4754
f 4752 4753 4108
f 4108 4753 4109
f 4817 4902 4890
f 4890 4902 4903
f 4904 4905 4907
f 4907 4905 4906
f 4909 4910 4908
f 4908 4910 4911
f 4913 4914 4912
f 4912 4914 4915
f 4916 4917 4919
f 4919 4917 4918
f 4312 4424 4299
f 4299 4424 4304
f 4920 4921 4297
f 4297 4921 4298
f 4194 4922 4167
f 4167 4922 4923
f 4924 4400 4691
f 4691 4400 4399
f 4395 4708 4396
f 4396 4708 4758
f 4367 4925 4368
f 4368 4925 4926
f 4919 4918 4873
f 4873 4918 4874
f 4836 4927 4421
f 4421 4927 4422
f 4921 4928 4298
f 4298 4928 4311
f 4143 4146 4122
f 4122 4146 4119
f 4929 4930 4455
f 4455 4930 4452
f 4932 4933 4931
f 4931 4933 4934
f 4935 4936 4932
f 4932 4936 4933
f 4461 4460 4457
f 4457 4460 4458
f 4480 4479 4475
f 4475 4479 4476
f 4660 4673 4517
f 4517 4673 4937
f 4661 4505 4658
f 4658 4505 4504
f 4484 4483 4489
f 4489 4483 4486
f 4462 4509 4463
f 4463 4509 4518
f 4469 4511 4466
f 4466 4511 4508
f 4655 4473 4656
f 4656 4473 4477
f 4476 4657 4477
f 4477 4657 4656
f 4479 4513 4476
f 4476 4513 4657
f 4489 4525 4484
f 4484 4525 4526
f 4483 4549 4486
f 4486 4549 4536
f 4549 4548 4536
f 4536 4548 4551
f 4548 4568 4551
f 4551 4568 4670
f 4663 4589 4845
f 4845 4589 4590
f 4668 4577 4938
f 4938 4577 4580
f 4940 4938 4939
f 4939 4938 4941
f 4940 4942 4669
f 4669 4942 4943
f 4587 4582 4944
f 4944 4582 4581
f 4848 4847 4608
f 4608 4847 4564
f 4616 4945 4613
f 4613 4945 4598
f 4615 4946 4616
f 4616 4946 4945
f 4947 4939 4948
f 4948 4939 4946
f 4599 4605 4600
f 4600 4605 4604
f 4608 4607 4848
f 4848 4607 4849
f 4613 4612 4616
f 4616 4612 4617
f 4835 4949 4709
f 4709 4949 4710
f 4357 1477 4837
f 4837 1477 1365
f 4712 4950 4803
f 4803 4950 4951
f 4401 4952 4402
f 4402 4952 4953
f 4759 4760 4402
f 4402 4760 4399
f 4508 4520 4509
f 4509 4520 4654
f 4510 4522 4511
f 4511 4522 4521
f 4513 4526 4657
f 4657 4526 4525
f 4632 4633 4514
f 4514 4633 4529
f 4931 4934 4453
f 4453 4934 4454
f 4153 4954 4154
f 4154 4954 4955
f 4957 4958 4956
f 4956 4958 4959
f 4961 4962 4960
f 4960 4962 4963
f 4120 4964 4210
f 4210 4964 4965
f 4967 4968 4966
f 4966 4968 4969
f 4349 4692 4815
f 4815 4692 4970
f 4652 4971 4653
f 4653 4971 4706
f 4758 4647 4972
f 4972 4647 4646
f 4973 4363 4646
f 4646 4363 4972
f 4950 4360 4974
f 4974 4360 4364
f 4431 4335 4746
f 4746 4335 4713
f 4358 4714 4325
f 4325 4714 4321
f 4765 4764 4266
f 4266 4764 4975
f 4202 4976 4203
f 4203 4976 4977
f 4917 4978 4918
f 4918 4978 4979
f 4279 4282 4854
f 4854 4282 4269
f 4820 4880 4817
f 4817 4880 4902
f 4890 4903 4980
f 4980 4903 4886
f 4982 4983 4981
f 4981 4983 4123
f 4795 4851 4796
f 4796 4851 4850
f 4918 4979 4874
f 4874 4979 4881
f 4809 4404 4810
f 4810 4404 4403
f 4354 4985 4984
f 4984 4985 4986
f 1364 1516 4838
f 4838 1516 4987
f 4759 4988 4367
f 4367 4988 4925
f 4989 4990 4481
f 4481 4990 4478
f 4443 4515 4990
f 4990 4515 4991
f 4527 4512 4992
f 4992 4512 4991
f 4528 4503 4992
f 4992 4503 4993
f 4993 4994 4485
f 4485 4994 4482
f 4544 4995 4502
f 4502 4995 4994
f 4995 4996 4550
f 4550 4996 4547
f 4998 4999 4997
f 4997 4999 4566
f 4998 5000 4578
f 4578 5000 4579
f 5001 5002 4596
f 4596 5002 4597
f 5003 4591 5004
f 5004 4591 4610
f 4626 4421 4627
f 4627 4421 4420
f 4837 4838 4627
f 4627 4838 4624
f 4761 4705 4830
f 4830 4705 5005
f 4705 4707 5005
f 5005 4707 5006
f 4308 4721 4075
f 4075 4721 4076
f 5007 4200 4797
f 4797 4200 4798
f 4685 4686 5008
f 5008 4686 5009
f 4889 4890 5010
f 5010 4890 4980
f 4323 1541 4324
f 4324 1541 1540
f 4385 4384 4358
f 4358 4384 4714
f 4396 4758 4840
f 4840 4758 4972
f 4866 4852 5011
f 5011 4852 5012
f 5013 4260 4980
f 4980 4260 5010
f 4875 4878 5014
f 5014 4878 5015
f 5017 5018 5016
f 5016 5018 5019
f 5016 5019 5020
f 5020 5019 5021
f 5023 5024 5022
f 5022 5024 5025
f 5027 5028 5026
f 5026 5028 5029
f 5031 5032 5030
f 5030 5032 5033
f 5035 5036 5034
f 5034 5036 5037
f 5039 5040 5038
f 5038 5040 5041
f 5043 5044 5042
f 5042 5044 5045
f 5038 5046 5039
f 5039 5046 5047
f 5049 5050 5048
f 5048 5050 5051
f 5053 5054 5052
f 5052 5054 5055
f 5057 5024 5056
f 5056 5024 5058
f 5060 5061 5059
f 5059 5061 5062
f 5064 5065 5063
f 5063 5065 5066
f 5043 5050 5064
f 5064 5050 5065
f 5038 5041 5067
f 5067 5041 5068
f 5070 5071 5069
f 5069 5071 5072
f 5074 5075 5073
f 5073 5075 5076
f 5034 5077 5035
f 5035 5077 5078
f 5080 5081 5079
f 5079 5081 5082
f 5084 5085 5083
f 5083 5085 5086
f 5085 5084 5087
f 5087 5084 5088
f 5090 5091 5089
f 5089 5091 5092
f 5094 5095 5093
f 5093 5095 5096
f 5098 5099 5097
f 5097 5099 5100
f 5102 5103 5101
f 5101 5103 5104
f 5105 5106 5108
f 5108 5106 5107
f 5110 5111 5109
f 5109 5111 5112
f 5114 5094 5113
f 5113 5094 5093
f 5116 5117 5115
f 5115 5117 5118
f 5120 5121 5119
f 5119 5121 5122
f 5124 5125 5123
f 5123 5125 5126
f 5128 5129 5127
f 5127 5129 5130
f 5097 5131 5098
f 5098 5131 5132
f 5134 5135 5133
f 5133 5135 5122
f 5084 5125 5088
f 5088 5125 5136
f 5138 5139 5137
f 5137 5139 5140
f 5142 5102 5141
f 5141 5102 5101
f 5106 5143 5107
f 5107 5143 5144
f 5146 5147 5145
f 5145 5147 5148
f 5149 5150 5109
f 5109 5150 5110
f 5151 5110 5152
f 5152 5110 5150
f 4715 5140 4716
f 4716 5140 5139
f 5143 4870 5144
f 5144 4870 4869
f 4115 5146 4116
f 4116 5146 5145
f 4791 4796 5149
f 5149 4796 5150
f 4796 4850 5150
f 5150 4850 5152
f 4858 5142 4859
f 4859 5142 5141
f 5153 5154 5115
f 5115 5154 5105
f 5156 5157 5155
f 5155 5157 5158
f 5159 5160 5053
f 5053 5160 5054
f 5161 5162 5020
f 5020 5162 5068
f 5026 5029 5163
f 5163 5029 5021
f 5083 5086 5164
f 5164 5086 5165
f 5090 5167 5166
f 5166 5167 5168
f 5169 5170 5172
f 5172 5170 5171
f 5174 5175 5173
f 5173 5175 5176
f 5177 5109 5178
f 5178 5109 5112
f 5179 5180 5182
f 5182 5180 5181
f 5123 5126 5120
f 5120 5126 5121
f 5180 5167 5181
f 5181 5167 5183
f 5184 5185 5179
f 5179 5185 5180
f 5186 5149 5177
f 5177 5149 5109
f 4868 5184 4865
f 4865 5184 5179
f 5188 5189 5187
f 5187 5189 5190
f 4277 4791 5186
f 5186 4791 5149
f 5179 5182 4865
f 4865 5182 4853
f 5189 4862 5190
f 5190 4862 4861
f 5156 5075 5191
f 5191 5075 5192
f 5036 5035 5193
f 5193 5035 5194
f 5115 5118 5153
f 5153 5118 5195
f 5022 5025 5196
f 5196 5025 5197
f 5155 5158 5069
f 5069 5158 5062
f 5063 5066 5198
f 5198 5066 5199
f 5073 5076 5200
f 5200 5076 5072
f 5202 5131 5201
f 5201 5131 5203
f 5143 5106 5204
f 5204 5106 5205
f 5114 5113 5206
f 5206 5113 5127
f 5098 5132 5193
f 5193 5132 5195
f 5204 5207 5143
f 5143 5207 4870
f 5088 5136 5208
f 5208 5136 5092
f 5209 5210 5089
f 5089 5210 5183
f 5211 5018 5060
f 5060 5018 5061
f 5017 5040 5070
f 5070 5040 5071
f 5191 5160 5156
f 5156 5160 5157
f 5048 5028 5049
f 5049 5028 5058
f 5207 5204 4858
f 4858 5204 5142
f 4859 5141 4715
f 4715 5141 5140
f 5212 5162 5042
f 5042 5162 5051
f 5182 5152 4853
f 4853 5152 4850
f 5214 5134 5213
f 5213 5134 5133
f 5164 5165 5133
f 5133 5165 5213
f 5215 5216 5201
f 5201 5216 5217
f 5147 5218 5148
f 5148 5218 5219
f 5147 5177 5218
f 5218 5177 5178
f 5141 5101 5140
f 5140 5101 5137
f 5201 5217 5202
f 5202 5217 5104
f 5146 5186 5147
f 5147 5186 5177
f 4277 5186 4115
f 4115 5186 5146
f 5191 5192 5031
f 5031 5192 5032
f 5052 5055 5220
f 5220 5055 5197
f 4116 5145 4869
f 4869 5145 5144
f 5034 5037 5214
f 5214 5037 5134
f 5097 5100 5114
f 5114 5100 5094
f 5108 5107 5219
f 5219 5107 5148
f 5221 5135 5116
f 5116 5135 5117
f 5124 5111 5209
f 5209 5111 5210
f 5107 5144 5148
f 5148 5144 5145
f 5152 5182 5151
f 5151 5182 5181
f 5208 5222 5088
f 5088 5222 5087
f 5222 5208 5171
f 5171 5208 5172
f 5223 1756 4698
f 4698 1756 1755
f 4427 5224 4107
f 4107 5224 4135
f 4178 4679 5225
f 5225 4679 5226
f 5227 5228 4892
f 4892 5228 4893
f 5229 5230 4171
f 4171 5230 4172
f 4855 4268 4884
f 4884 4268 4885
f 4884 4871 4855
f 4855 4871 4856
f 4684 5231 4896
f 4896 5231 4897
f 4768 4767 5009
f 5009 4767 5008
f 5205 5154 5102
f 5102 5154 5103
f 5099 5098 5194
f 5194 5098 5193
f 5198 5199 5079
f 5079 5199 5033
f 5102 5142 5205
f 5205 5142 5204
f 5224 4427 4681
f 4681 4427 4678
f 3712 3711 5232
f 5232 3711 5233
f 3968 3988 3963
f 3963 3988 3964
f 3976 4044 3972
f 3972 4044 3985
f 4038 4037 4036
f 4036 4037 4033
f 4794 4762 3731
f 3731 4762 3944
f 3731 3944 3722
f 3722 3944 3810
f 3874 5234 5232
f 5232 5234 3712
f 3906 3905 3867
f 3867 3905 4011
f 3904 4023 3905
f 3905 4023 4011
f 3719 3722 3811
f 3811 3722 3810
f 3812 3719 3687
f 3687 3719 3811
f 3716 3812 3686
f 3686 3812 3687
f 3713 3716 3685
f 3685 3716 3686
f 4810 4403 5235
f 5235 4403 4813
f 4345 1770 4814
f 4814 1770 1769
f 4067 4066 4058
f 4058 4066 5236
f 4043 4068 4049
f 4049 4068 4050
f 4034 5237 3989
f 3989 5237 3990
f 4031 4030 4072
f 4072 4030 4005
f 4003 4004 4002
f 4002 4004 4032
f 4004 4005 4032
f 4032 4005 4030
f 4067 4064 4068
f 4068 4064 4050
f 4058 4057 4067
f 4067 4057 4064
f 4035 4034 5238
f 5238 4034 3989
f 5236 5239 4058
f 4058 5239 5240
f 5234 3874 5241
f 5241 3874 3873
f 5241 3873 3881
f 3881 3873 3878
f 4800 4763 4788
f 4788 4763 4310
f 4763 4762 4310
f 4310 4762 4309
f 4762 4794 4309
f 4309 4794 4306
f 4794 4793 4306
f 4306 4793 4292
f 4293 4313 4302
f 4302 4313 4314
f 4302 4314 4303
f 4303 4314 4315
f 4303 4315 4703
f 4703 4315 4316
f 4035 4069 4043
f 4043 4069 4068
f 4324 1540 4357
f 4357 1540 1477
f 5232 3987 3874
f 3874 3987 3871
f 3987 5232 4013
f 4013 5232 5233
f 4013 5233 4014
f 4014 5233 5242
f 3888 4015 3865
f 3865 4015 4007
f 3866 4008 5243
f 5243 4008 4016
f 3873 5244 3878
f 3878 5244 3875
f 3965 5244 3872
f 3872 5244 3873
f 3876 3875 3965
f 3965 3875 5244
f 5243 4016 5242
f 5242 4016 4014
f 5246 5247 5245
f 5245 5247 5248
f 3576 3950 3577
f 3577 3950 3926
f 3584 3842 3585
f 3585 3842 3580
f 5249 5247 1784
f 1784 5247 1785
f 5250 5251 5253
f 5253 5251 5252
f 5255 5252 5254
f 5254 5252 5256
f 5254 5256 5258
f 5258 5256 5257
f 5258 5257 5260
f 5260 5257 5259
f 4356 5261 4424
f 4424 5261 5259
f 4355 5262 4356
f 4356 5262 5261
f 4924 5264 5263
f 5263 5264 5265
f 4693 5266 4691
f 4691 5266 5267
f 4351 5268 4352
f 4352 5268 5269
f 1808 1807 4351
f 4351 1807 5268
f 3580 3842 3581
f 3799 3802 3838
f 4800 4788 4801
f 4801 4788 4789
f 3729 3935 4801
f 4801 3935 4800
f 3728 3666 3729
f 3729 3666 3935
f 3728 3798 3666
f 3666 3798 3663
f 3798 3818 3663
f 3663 3818 3809
f 3818 3817 3809
f 3809 3817 3808
f 3796 3655 3817
f 3817 3655 3808
f 3615 3568 3796
f 3796 3568 3655
f 3573 3569 3615
f 3615 3569 3568
f 3572 3613 3573
f 3573 3613 3569
f 3792 3606 3572
f 3572 3606 3613
f 3607 3791 3949
f 3949 3791 3591
f 3590 3950 3591
f 3591 3950 3949
f 3805 3926 3590
f 3590 3926 3950
f 3804 3559 3805
f 3805 3559 3926
f 3804 3914 3559
f 3559 3914 3560
f 3924 3789 3913
f 3913 3789 3788
f 3924 3928 3789
f 3789 3928 3826
f 3928 3927 3826
f 3826 3927 3827
f 3927 3834 3827
f 3827 3834 3835
f 4079 4078 5270
f 5270 4078 5007
f 5271 5272 4233
f 4233 5272 5273
f 5275 5276 5274
f 5274 5276 5277
f 5278 5279 4236
f 4236 5279 4237
f 5278 5280 5271
f 5271 5280 5272
f 4235 5281 4236
f 4236 5281 5282
f 5284 5285 5283
f 5283 5285 5286
f 5288 5289 5287
f 5287 5289 5290
f 5292 5293 5291
f 5291 5293 5294
f 5287 5290 4726
f 4726 5290 5295
f 4293 4292 4313
f 4313 4292 4793
f 4720 4736 4719
f 4719 4736 5296
f 5297 4909 5298
f 5298 4909 4908
f 5299 5300 4976
f 4976 5300 5301
f 5302 4202 5303
f 5303 4202 4201
f 5304 5305 4983
f 4983 5305 5306
f 5308 5309 5307
f 5307 5309 5310
f 4722 4725 5283
f 5283 4725 5311
f 5291 5294 4125
f 4125 5294 4126
f 5313 5314 5312
f 5312 5314 5315
f 5316 5317 5319
f 5319 5317 5318
f 5321 5308 5320
f 5320 5308 5307
f 4819 4981 4873
f 4873 4981 5322
f 4981 4123 5322
f 5322 4123 4126
f 5324 5325 5323
f 5323 5325 5326
f 4764 5327 4975
f 4975 5327 5328
f 4172 5327 4169
f 4169 5327 5329
f 4768 4171 4769
f 4769 4171 4170
f 4243 4755 4244
f 4244 4755 5330
f 4755 4205 5330
f 5330 4205 4208
f 4206 4906 4207
f 4207 4906 4905
f 4686 5014 5009
f 5009 5014 5229
f 4756 4770 4170
f 4170 4770 4769
f 4170 4169 4756
f 4756 4169 4757
f 4273 5329 4764
f 4764 5329 5327
f 4276 5331 4273
f 4273 5331 5329
f 4770 4756 4243
f 4243 4756 4755
f 5333 4889 5332
f 5332 4889 5010
f 4877 5332 4878
f 4878 5332 4259
f 4875 4164 4876
f 4876 4164 4163
f 5334 5335 5324
f 5324 5335 5325
f 4983 5306 4123
f 4123 5306 4124
f 4818 4982 4819
f 4819 4982 4981
f 5332 5010 4259
f 4259 5010 4260
f 5014 4686 4875
f 4875 4686 4164
f 4171 4768 5229
f 5229 4768 5009
f 5337 4916 5336
f 5336 4916 4919
f 5293 5337 5294
f 5294 5337 5336
f 4982 4818 5333
f 5333 4818 4889
f 5338 5339 4262
f 4262 5339 5340
f 5307 5310 5338
f 5338 5310 5339
f 5341 5342 4204
f 4204 5342 5309
f 5336 4919 5322
f 5322 4919 4873
f 5294 5336 4126
f 4126 5336 5322
f 5323 5326 5343
f 5343 5326 5286
f 4914 5344 4915
f 4915 5344 5345
f 5312 5315 5344
f 5344 5315 5345
f 5347 5348 5346
f 5346 5348 5349
f 5350 5351 4832
f 4832 5351 4833
f 5352 5353 5349
f 5349 5353 5346
f 5354 5338 4265
f 4265 5338 4262
f 5320 5307 5354
f 5354 5307 5338
f 4201 5308 5303
f 5303 5308 5321
f 5356 5357 5355
f 5355 5357 4799
f 5358 5359 5334
f 5334 5359 5335
f 5358 5360 4093
f 4093 5360 4163
f 5360 5305 4163
f 4163 5305 4876
f 5305 5304 4876
f 4876 5304 4877
f 5270 4778 4079
f 4079 4778 4081
f 4779 5361 4774
f 4774 5361 5357
f 5356 5359 4775
f 4775 5359 4092
f 5333 5304 4982
f 4982 5304 4983
f 5332 4877 5333
f 5333 4877 5304
f 5015 4258 5230
f 5230 4258 5328
f 5327 4172 5328
f 5328 4172 5230
f 4169 5329 4757
f 4757 5329 5331
f 4757 5331 4205
f 4205 5331 4206
f 5331 4276 4206
f 4206 4276 4906
f 4276 4275 4906
f 4906 4275 4907
f 4275 4888 4907
f 4907 4888 4744
f 4887 4717 4745
f 4745 4717 4864
f 4716 5139 4861
f 4861 5139 5190
f 5139 5138 5190
f 5190 5138 5187
f 5138 5216 5187
f 5187 5216 5176
f 5215 5362 5173
f 5173 5362 5130
f 5364 5365 5363
f 5363 5365 5340
f 4742 4863 5366
f 5366 4863 4867
f 4862 5189 4868
f 4868 5189 5184
f 5189 5188 5184
f 5184 5188 5185
f 5188 5175 5185
f 5185 5175 5168
f 3560 3788 3561
f 3561 3788 3790
f 3596 3595 3608
f 3608 3595 3594
f 3598 3582 3595
f 3595 3582 3592
f 3600 3609 3601
f 3601 3609 3611
f 3602 3601 3612
f 3612 3601 3611
f 3606 3605 3613
f 3613 3605 3614
f 3793 5367 3794
f 3794 5367 5368
f 3598 3597 3600
f 3600 3597 3609
f 3793 3792 3575
f 3575 3792 3572
f 3561 3594 3558
f 3558 3594 3593
f 3807 3915 3804
f 3804 3915 3914
f 3916 3915 5370
f 5370 3915 5369
f 3602 3605 3603
f 3603 3605 3604
f 3606 3792 3607
f 3607 3792 3791
f 3914 3913 3560
f 3560 3913 3788
f 5174 5129 5166
f 5166 5129 5371
f 5170 5169 5093
f 5093 5169 5113
f 5166 5371 5090
f 5090 5371 5091
f 5128 5169 5372
f 5372 5169 5172
f 5127 5113 5128
f 5128 5113 5169
f 5114 5206 5203
f 5203 5206 5362
f 5200 5373 5073
f 5073 5373 5096
f 5374 5375 5200
f 5200 5375 5373
f 5039 5047 5374
f 5374 5047 5375
f 5087 5046 5085
f 5085 5046 5376
f 5212 5377 5067
f 5067 5377 5376
f 5042 5045 5212
f 5212 5045 5377
f 5064 5378 5043
f 5043 5378 5044
f 5063 5077 5064
f 5064 5077 5378
f 5079 5082 5198
f 5198 5082 5078
f 5099 5081 5100
f 5100 5081 5379
f 5100 5379 5094
f 5094 5379 5095
f 5381 5382 5380
f 5380 5382 5383
f 5385 5386 5384
f 5384 5386 5383
f 5385 5387 5386
f 5386 5387 5388
f 5390 5391 5389
f 5389 5391 5392
f 5393 5394 5396
f 5396 5394 5395
f 5398 5399 5397
f 5397 5399 5400
f 5402 5403 5401
f 5401 5403 5404
f 5406 5407 5405
f 5405 5407 5404
f 5408 5409 5163
f 5163 5409 5410
f 5411 5412 5414
f 5414 5412 5413
f 5057 5416 5415
f 5415 5416 5417
f 5393 5416 5418
f 5418 5416 5419
f 5396 5395 5420
f 5420 5395 5421
f 5423 5424 5422
f 5422 5424 5425
f 5415 5417 5220
f 5220 5417 5426
f 5418 5391 5393
f 5393 5391 5394
f 5414 5388 5411
f 5411 5388 5392
f 5059 5427 5060
f 5060 5427 5428
f 5423 5427 5429
f 5429 5427 5430
f 5432 5382 5431
f 5431 5382 5425
f 5429 5407 5423
f 5423 5407 5424
f 5380 5409 5381
f 5381 5409 5433
f 5381 5433 5422
f 5422 5433 5428
f 5027 5412 5056
f 5056 5412 5419
f 5435 5436 5434
f 5434 5436 5437
f 5159 5439 5438
f 5438 5439 5440
f 5053 5436 5159
f 5159 5436 5439
f 5441 5403 5398
f 5398 5403 5399
f 5163 5410 5026
f 5026 5410 5413
f 5438 5440 5442
f 5442 5440 5430
f 5444 5445 5443
f 5443 5445 5446
f 5447 5448 5450
f 5450 5448 5449
f 5451 5446 5452
f 5452 5446 5445
f 5454 5455 5453
f 5453 5455 5451
f 5456 5454 5458
f 5458 5454 5457
f 5460 5461 5459
f 5459 5461 5462
f 5464 5465 5463
f 5463 5465 5466
f 5468 5469 5467
f 5467 5469 5470
f 5472 5473 5471
f 5471 5473 5474
f 5475 5476 5478
f 5478 5476 5477
f 5479 5480 5482
f 5482 5480 5481
f 5483 5484 5448
f 5448 5484 5485
f 5448 5485 5449
f 5449 5485 5486
f 5487 5476 5488
f 5488 5476 5475
f 5490 5491 5489
f 5489 5491 5492
f 5494 5495 5493
f 5493 5495 5496
f 5498 5494 5497
f 5497 5494 5493
f 5500 5501 5499
f 5499 5501 5502
f 5503 5504 5446
f 5446 5504 5443
f 5506 5507 5505
f 5505 5507 5508
f 5510 5511 5509
f 5509 5511 5512
f 5514 5515 5513
f 5513 5515 5516
f 5518 5519 5517
f 5517 5519 5520
f 5495 5521 5496
f 5496 5521 5522
f 5524 5525 5523
f 5523 5525 5526
f 5527 5528 5494
f 5494 5528 5495
f 5499 5502 5529
f 5529 5502 5530
f 5531 5532 5485
f 5485 5532 5486
f 5485 5484 5531
f 5531 5484 5533
f 5482 5481 5534
f 5534 5481 5535
f 5536 5512 5506
f 5506 5512 5511
f 5455 5503 5451
f 5451 5503 5446
f 5467 5470 5511
f 5511 5470 5537
f 5538 5467 5510
f 5510 5467 5511
f 5540 5541 5539
f 5539 5541 5542
f 5543 5544 5546
f 5546 5544 5545
f 5548 5472 5547
f 5547 5472 5471
f 5493 5496 5549
f 5549 5496 5550
f 5496 5522 5550
f 5550 5522 5551
f 5553 5554 5552
f 5552 5554 5555
f 5557 5447 5556
f 5556 5447 5558
f 5557 5483 5447
f 5447 5483 5448
f 5478 5477 5553
f 5553 5477 5559
f 5477 5560 5559
f 5559 5560 5561
f 5476 5562 5477
f 5477 5562 5560
f 5476 5487 5562
f 5562 5487 5563
f 5560 5564 5561
f 5561 5564 5565
f 5564 5560 5566
f 5566 5560 5562
f 5563 5567 5562
f 5562 5567 5566
f 5569 5521 5568
f 5568 5521 5570
f 5481 5572 5571
f 5571 5572 5573
f 5574 5535 5571
f 5571 5535 5481
f 5576 5577 5575
f 5575 5577 5578
f 5579 5580 5456
f 5456 5580 5581
f 5475 5582 5488
f 5488 5582 5583
f 5584 5536 5505
f 5505 5536 5506
f 5585 5586 5588
f 5588 5586 5587
f 5590 5591 5589
f 5589 5591 5592
f 5519 5593 5520
f 5520 5593 5594
f 5595 5596 5462
f 5462 5596 5597
f 5599 5600 5598
f 5598 5600 5514
f 5602 5603 5601
f 5601 5603 5604
f 5524 5543 5525
f 5525 5543 5546
f 5543 5524 5606
f 5606 5524 5605
f 5607 5608 5500
f 5500 5608 5501
f 5610 5551 5609
f 5609 5551 5522
f 5611 5510 5598
f 5598 5510 5509
f 5612 5597 5457
f 5457 5597 5458
f 5510 5611 5538
f 5538 5611 5613
f 5580 5508 5581
f 5581 5508 5507
f 5615 5616 5614
f 5614 5616 5617
f 5619 5620 5618
f 5618 5620 5621
f 5623 5624 5622
f 5622 5624 5625
f 5627 5624 5626
f 5626 5624 5623
f 5629 5630 5628
f 5628 5630 5631
f 5633 5634 5632
f 5632 5634 5466
f 5635 5636 5463
f 5463 5636 5637
f 5523 5638 5524
f 5524 5638 5605
f 5639 5640 5641
f 5641 5640 5595
f 5611 5513 5613
f 5613 5513 5642
f 5643 5586 5608
f 5608 5586 5501
f 5622 5625 5590
f 5590 5625 5591
f 5598 5514 5611
f 5611 5514 5513
f 5645 5646 5644
f 5644 5646 5647
f 5620 5619 5491
f 5491 5619 5648
f 5649 5643 5492
f 5492 5643 5608
f 5650 5651 5653
f 5653 5651 5652
f 5463 5466 5635
f 5635 5466 5634
f 5597 5612 5462
f 5462 5612 5459
f 5635 5634 5523
f 5523 5634 5638
f 5654 5638 5633
f 5633 5638 5634
f 5655 5656 5525
f 5525 5656 5526
f 5658 5659 5657
f 5657 5659 5527
f 5660 5464 5637
f 5637 5464 5463
f 5632 5466 5661
f 5661 5466 5465
f 5661 5662 5632
f 5632 5662 5658
f 5662 5663 5658
f 5658 5663 5659
f 5665 5659 5664
f 5664 5659 5663
f 5632 5658 5633
f 5633 5658 5657
f 5666 5629 5530
f 5530 5629 5667
f 5528 5527 5665
f 5665 5527 5659
f 5668 5669 5570
f 5570 5669 5568
f 5669 5668 5670
f 5670 5668 5671
f 5646 5672 5673
f 5672 5674 5673
f 5673 5674 5675
f 5674 5460 5675
f 5675 5460 5459
f 5461 5676 5462
f 5462 5676 5595
f 5677 5678 5680
f 5680 5678 5679
f 5628 5681 5629
f 5629 5681 5667
f 5682 5529 5667
f 5667 5529 5530
f 5675 5459 5683
f 5683 5459 5612
f 5585 5666 5502
f 5502 5666 5530
f 5589 5684 5602
f 5602 5684 5603
f 5646 5645 5663
f 5663 5645 5664
f 5685 5647 5673
f 5673 5647 5646
f 5686 5687 5683
f 5683 5687 5685
f 5688 5689 5533
f 5533 5689 5531
f 5690 5691 5535
f 5535 5691 5534
f 5692 5690 5574
f 5574 5690 5535
f 5685 5687 5689
f 5689 5687 5693
f 5489 5694 5490
f 5490 5694 5695
f 5690 5692 5696
f 5696 5692 5697
f 5696 5644 5690
f 5690 5644 5691
f 5447 5450 5558
f 5558 5450 5698
f 5699 5700 5642
f 5642 5700 5613
f 5701 5702 5540
f 5540 5702 5541
f 5431 5703 5432
f 5432 5703 5697
f 5385 5384 5574
f 5574 5384 5692
f 5389 5387 5573
f 5573 5387 5571
f 5565 5390 5573
f 5573 5390 5389
f 5390 5565 5704
f 5704 5565 5564
f 5566 5705 5564
f 5564 5705 5704
f 5569 5441 5609
f 5609 5441 5398
f 5568 5405 5569
f 5569 5405 5441
f 5670 5706 5669
f 5669 5706 5406
f 5703 5431 5670
f 5670 5431 5706
f 5432 5697 5384
f 5384 5697 5692
f 5574 5571 5385
f 5385 5571 5387
f 5607 5707 5489
f 5489 5707 5694
f 5518 5708 5519
f 5519 5708 5709
f 5711 5576 5710
f 5710 5576 5575
f 5713 5714 5712
f 5712 5714 5715
f 5553 5552 5478
f 5478 5552 5716
f 5717 5475 5716
f 5716 5475 5478
f 5718 5719 5605
f 5605 5719 5606
f 5505 5622 5584
f 5584 5622 5590
f 5508 5623 5505
f 5505 5623 5622
f 5626 5623 5580
f 5580 5623 5508
f 5580 5579 5626
f 5626 5579 5720
f 5579 5721 5720
f 5720 5721 5722
f 5666 5585 5723
f 5723 5585 5588
f 5724 5725 5639
f 5639 5725 5640
f 5554 5726 5555
f 5555 5726 5727
f 5453 5728 5729
f 5689 5688 5685
f 5685 5688 5647
f 5604 5730 5512
f 5512 5730 5509
f 5628 5631 5618
f 5618 5631 5592
f 5601 5604 5536
f 5536 5604 5512
f 5732 5676 5731
f 5731 5676 5660
f 5730 5604 5733
f 5733 5604 5603
f 5563 5487 5551
f 5551 5487 5550
f 5489 5492 5607
f 5607 5492 5608
f 5573 5572 5565
f 5565 5572 5561
f 5609 5522 5569
f 5569 5522 5521
f 5499 5734 5500
f 5500 5734 5735
f 5596 5736 5721
f 5721 5736 5722
f 5737 5600 5594
f 5594 5600 5520
f 5599 5730 5517
f 5517 5730 5733
f 5660 5738 5731
f 5731 5738 5739
f 5648 5649 5491
f 5491 5649 5492
f 5501 5586 5502
f 5502 5586 5585
f 5525 5546 5655
f 5655 5546 5740
f 5600 5599 5520
f 5520 5599 5517
f 5708 5739 5709
f 5709 5739 5738
f 5636 5635 5526
f 5526 5635 5523
f 5670 5671 5703
f 5703 5671 5741
f 5490 5695 5742
f 5742 5695 5743
f 5682 5678 5744
f 5744 5678 5677
f 5678 5681 5679
f 5679 5681 5621
f 5742 5743 5679
f 5679 5743 5680
f 5618 5621 5628
f 5628 5621 5681
f 5725 5724 5589
f 5589 5724 5684
f 5456 5458 5579
f 5579 5458 5721
f 5675 5683 5673
f 5673 5683 5685
f 5529 5682 5745
f 5745 5682 5744
f 5721 5458 5596
f 5596 5458 5597
f 5701 5540 5719
f 5719 5540 5606
f 5703 5741 5697
f 5697 5741 5696
f 5500 5735 5607
f 5607 5735 5707
f 5549 5746 5493
f 5493 5746 5497
f 5700 5747 5613
f 5613 5747 5538
f 5420 5421 5434
f 5434 5421 5400
f 5689 5693 5531
f 5531 5693 5532
f 5705 5566 5748
f 5748 5566 5567
f 5609 5398 5610
f 5610 5398 5397
f 5669 5406 5568
f 5568 5406 5405
f 5488 5583 5549
f 5549 5583 5746
f 5714 5713 5710
f 5710 5713 5711
f 5747 5468 5538
f 5538 5468 5467
f 5548 5547 5749
f 5749 5547 5750
f 5733 5603 5751
f 5751 5603 5684
f 5589 5602 5590
f 5590 5602 5584
f 5636 5752 5614
f 5614 5752 5615
f 5753 5754 5738
f 5738 5754 5755
f 5602 5601 5584
f 5584 5601 5536
f 5723 5736 5630
f 5630 5736 5640
f 5595 5640 5596
f 5596 5640 5736
f 5734 5499 5745
f 5745 5499 5529
f 5627 5587 5643
f 5643 5587 5586
f 5553 5559 5554
f 5554 5559 5480
f 5559 5561 5480
f 5480 5561 5572
f 5554 5480 5726
f 5726 5480 5479
f 5749 5750 5715
f 5715 5750 5712
f 5683 5612 5686
f 5686 5612 5457
f 5678 5682 5681
f 5681 5682 5667
f 5598 5509 5599
f 5599 5509 5730
f 5679 5621 5742
f 5742 5621 5620
f 5652 5616 5653
f 5653 5616 5615
f 5220 5426 5052
f 5052 5426 5437
f 5487 5488 5550
f 5550 5488 5549
f 5742 5620 5490
f 5490 5620 5491
f 5551 5610 5563
f 5563 5610 5567
f 5610 5397 5567
f 5567 5397 5748
f 5614 5617 5753
f 5753 5617 5754
f 5480 5572 5481
f 5755 5756 5738
f 5738 5756 5709
f 5745 5744 5758
f 5758 5744 5757
f 5745 5758 5734
f 5734 5758 5759
f 5735 5734 5760
f 5760 5734 5759
f 5707 5735 5761
f 5761 5735 5760
f 5744 5677 5757
f 5757 5677 5762
f 5677 5680 5762
f 5762 5680 5763
f 5763 5680 5764
f 5764 5680 5743
f 5765 5766 5762
f 5762 5766 5757
f 5768 5769 5767
f 5767 5769 5770
f 5771 5772 5770
f 5770 5772 5767
f 5770 5769 5774
f 5774 5769 5773
f 5775 5776 5774
f 5774 5776 5777
f 5773 5778 5774
f 5774 5778 5775
f 5779 5766 5773
f 5773 5766 5778
f 5777 5771 5774
f 5774 5771 5770
f 5780 5781 5783
f 5783 5781 5782
f 5781 5780 5771
f 5771 5780 5772
f 5773 5769 5779
f 5779 5769 5768
f 5768 5759 5779
f 5779 5759 5758
f 5768 5784 5759
f 5759 5784 5760
f 5767 5785 5768
f 5768 5785 5784
f 5785 5767 5786
f 5786 5767 5772
f 5766 5779 5757
f 5757 5779 5758
f 5780 5787 5772
f 5772 5787 5786
f 5785 5786 5788
f 5788 5786 5789
f 5786 5787 5789
f 5789 5787 5790
f 5788 5789 5791
f 5791 5789 5792
f 5791 5793 5788
f 5788 5793 5794
f 5795 5792 5790
f 5790 5792 5789
f 5785 5788 5784
f 5784 5788 5794
f 5784 5794 5760
f 5760 5794 5761
f 5787 5780 5796
f 5796 5780 5783
f 5775 5778 5797
f 5797 5778 5766
f 5797 5798 5775
f 5775 5798 5776
f 5766 5765 5797
f 5797 5765 5799
f 5798 5797 5800
f 5800 5797 5799
f 5798 5801 5776
f 5776 5801 5802
f 5707 5761 5694
f 5694 5761 5803
f 5695 5804 5743
f 5743 5804 5764
f 5804 5695 5803
f 5803 5695 5694
f 5803 5793 5804
f 5804 5793 5805
f 5793 5791 5805
f 5805 5791 5806
f 5804 5805 5764
f 5764 5805 5807
f 5803 5761 5793
f 5793 5761 5794
f 5808 5763 5807
f 5807 5763 5764
f 5808 5765 5763
f 5763 5765 5762
f 5809 5799 5808
f 5808 5799 5765
f 5809 5808 5810
f 5810 5808 5807
f 5811 5809 5812
f 5812 5809 5810
f 5805 5806 5807
f 5807 5806 5810
f 5806 5813 5810
f 5810 5813 5812
f 5799 5809 5800
f 5800 5809 5811
f 5815 5800 5814
f 5814 5800 5811
f 5814 5817 5816
f 5816 5817 5818
f 5814 5811 5817
f 5817 5811 5812
f 5814 5816 5815
f 5815 5816 5796
f 5815 5796 5801
f 5801 5796 5783
f 5801 5798 5815
f 5815 5798 5800
f 5791 5792 5806
f 5806 5792 5813
f 5818 5813 5795
f 5795 5813 5792
f 5818 5817 5813
f 5813 5817 5812
f 5816 5818 5790
f 5790 5818 5795
f 5790 5787 5816
f 5816 5787 5796
f 5771 5777 5781
f 5781 5777 5782
f 5782 5802 5783
f 5783 5802 5801
f 5782 5777 5802
f 5802 5777 5776
f 5588 5587 5722
f 5722 5587 5720
f 5591 5619 5592
f 5592 5619 5618
f 5625 5624 5648
f 5648 5624 5649
f 5624 5627 5649
f 5649 5627 5643
f 5631 5630 5725
f 5725 5630 5640
f 5625 5648 5591
f 5591 5648 5619
f 5588 5722 5723
f 5723 5722 5736
f 5631 5725 5592
f 5592 5725 5589
f 5723 5630 5666
f 5666 5630 5629
f 5587 5627 5720
f 5720 5627 5626
f 5820 5821 5819
f 5819 5821 5822
f 5824 5825 5823
f 5823 5825 5826
f 5823 5826 5827
f 5827 5826 5828
f 5829 5830 5832
f 5832 5830 5831
f 5518 5833 5708
f 5708 5833 5834
f 5835 5836 5824
f 5824 5836 5825
f 5838 5839 5837
f 5837 5839 5840
f 5751 5684 5842
f 5842 5684 5841
f 5843 5841 5724
f 5724 5841 5684
f 5845 5846 5844
f 5844 5846 5847
f 5848 5830 5836
f 5836 5830 5825
f 5518 5751 5833
f 5833 5751 5842
f 5839 5838 5821
f 5821 5838 5849
f 5850 5848 5822
f 5822 5848 5836
f 5851 5845 5828
f 5828 5845 5852
f 5854 5855 5853
f 5853 5855 5856
f 5845 5844 5852
f 5852 5844 5857
f 5858 5827 5852
f 5852 5827 5828
f 5851 5828 5829
f 5829 5828 5826
f 5819 5859 5820
f 5820 5859 5860
f 5835 5861 5819
f 5819 5861 5859
f 5851 5829 5862
f 5862 5829 5832
f 5844 5847 5837
f 5837 5847 5834
f 5819 5822 5835
f 5835 5822 5836
f 5823 5863 5824
f 5824 5863 5864
f 5849 5850 5821
f 5821 5850 5822
f 5825 5830 5826
f 5826 5830 5829
f 5820 5860 5865
f 5865 5860 5866
f 5858 5854 5867
f 5867 5854 5853
f 5854 5857 5855
f 5855 5857 5840
f 5855 5865 5856
f 5856 5865 5866
f 5837 5840 5844
f 5844 5840 5857
f 5827 5858 5868
f 5868 5858 5867
f 5824 5864 5835
f 5835 5864 5861
f 5732 5731 5862
f 5862 5731 5846
f 5863 5823 5868
f 5868 5823 5827
f 5843 5831 5848
f 5848 5831 5830
f 5854 5858 5857
f 5857 5858 5852
f 5855 5840 5865
f 5865 5840 5839
f 5865 5839 5820
f 5820 5839 5821
f 5868 5867 5870
f 5870 5867 5869
f 5868 5870 5863
f 5863 5870 5871
f 5863 5871 5864
f 5864 5871 5872
f 5864 5872 5861
f 5861 5872 5873
f 5867 5853 5869
f 5869 5853 5874
f 5853 5856 5874
f 5874 5856 5875
f 5856 5866 5875
f 5875 5866 5876
f 5877 5878 5874
f 5874 5878 5869
f 5880 5881 5879
f 5879 5881 5882
f 5883 5884 5880
f 5880 5884 5881
f 5881 5884 5886
f 5886 5884 5885
f 5887 5888 5886
f 5886 5888 5889
f 5885 5890 5886
f 5886 5890 5887
f 5889 5882 5886
f 5886 5882 5881
f 5882 5891 5879
f 5879 5891 5892
f 5885 5884 5893
f 5893 5884 5883
f 5883 5871 5893
f 5893 5871 5870
f 5883 5894 5871
f 5871 5894 5872
f 5880 5895 5883
f 5883 5895 5894
f 5896 5895 5879
f 5879 5895 5880
f 5893 5878 5885
f 5885 5878 5890
f 5878 5893 5869
f 5869 5893 5870
f 5897 5896 5892
f 5892 5896 5879
f 5895 5896 5898
f 5898 5896 5899
f 5896 5897 5899
f 5899 5897 5900
f 5898 5899 5901
f 5901 5899 5902
f 5901 5903 5898
f 5898 5903 5904
f 5900 5905 5899
f 5899 5905 5902
f 5898 5904 5895
f 5895 5904 5894
f 5894 5904 5872
f 5872 5904 5873
f 5897 5892 5907
f 5907 5892 5906
f 5892 5891 5906
f 5906 5891 5908
f 5887 5890 5909
f 5909 5890 5878
f 5888 5887 5910
f 5910 5887 5909
f 5878 5877 5909
f 5909 5877 5911
f 5909 5911 5910
f 5910 5911 5912
f 5913 5914 5910
f 5910 5914 5888
f 5908 5914 5906
f 5906 5914 5913
f 5861 5873 5859
f 5859 5873 5915
f 5860 5916 5866
f 5866 5916 5876
f 5916 5860 5915
f 5915 5860 5859
f 5915 5903 5916
f 5916 5903 5917
f 5903 5901 5917
f 5917 5901 5918
f 5916 5917 5876
f 5876 5917 5919
f 5903 5915 5904
f 5904 5915 5873
f 5920 5875 5919
f 5919 5875 5876
f 5920 5877 5875
f 5875 5877 5874
f 5920 5921 5877
f 5877 5921 5911
f 5921 5920 5922
f 5922 5920 5919
f 5923 5921 5924
f 5924 5921 5922
f 5917 5918 5919
f 5919 5918 5922
f 5918 5925 5922
f 5922 5925 5924
f 5921 5923 5911
f 5911 5923 5912
f 5927 5912 5926
f 5926 5912 5923
f 5926 5929 5928
f 5928 5929 5930
f 5926 5923 5929
f 5929 5923 5924
f 5926 5928 5927
f 5927 5928 5907
f 5927 5907 5913
f 5913 5907 5906
f 5913 5910 5927
f 5927 5910 5912
f 5901 5902 5918
f 5918 5902 5925
f 5930 5925 5905
f 5905 5925 5902
f 5930 5929 5925
f 5925 5929 5924
f 5928 5930 5900
f 5900 5930 5905
f 5900 5897 5928
f 5928 5897 5907
f 5882 5889 5891
f 5891 5889 5908
f 5908 5889 5914
f 5914 5889 5888
f 5832 5831 5641
f 5641 5831 5639
f 5833 5838 5834
f 5834 5838 5837
f 5842 5841 5849
f 5849 5841 5850
f 5841 5843 5850
f 5850 5843 5848
f 5847 5846 5739
f 5739 5846 5731
f 5842 5849 5833
f 5833 5849 5838
f 5862 5832 5732
f 5732 5832 5641
f 5847 5739 5834
f 5834 5739 5708
f 5862 5846 5851
f 5851 5846 5845
f 5831 5843 5639
f 5639 5843 5724
f 5676 5732 5595
f 5595 5732 5641
f 5676 5461 5660
f 5660 5461 5464
f 5461 5460 5464
f 5464 5460 5465
f 5460 5674 5465
f 5465 5674 5661
f 5931 5932 5934
f 5934 5932 5933
f 5936 5937 5935
f 5935 5937 5938
f 5935 5938 5939
f 5939 5938 5940
f 5942 5943 5941
f 5941 5943 5944
f 5945 5946 5936
f 5936 5946 5937
f 5948 5949 5947
f 5947 5949 5950
f 5951 5952 5519
f 5519 5952 5593
f 5953 5951 5709
f 5709 5951 5519
f 5955 5956 5954
f 5954 5956 5957
f 5958 5942 5946
f 5946 5942 5937
f 5948 5959 5949
f 5949 5959 5933
f 5960 5958 5934
f 5934 5958 5946
f 5961 5955 5940
f 5940 5955 5962
f 5963 5964 5966
f 5966 5964 5965
f 5955 5954 5962
f 5962 5954 5967
f 5968 5939 5962
f 5962 5939 5940
f 5961 5940 5941
f 5941 5940 5938
f 5931 5969 5932
f 5932 5969 5970
f 5945 5971 5931
f 5931 5971 5969
f 5941 5944 5961
f 5961 5944 5972
f 5954 5957 5947
f 5947 5957 5973
f 5945 5931 5946
f 5946 5931 5934
f 5935 5974 5936
f 5936 5974 5975
f 5959 5960 5933
f 5933 5960 5934
f 5937 5942 5938
f 5938 5942 5941
f 5932 5970 5976
f 5976 5970 5977
f 5968 5964 5978
f 5978 5964 5963
f 5965 5964 5950
f 5950 5964 5967
f 5976 5977 5965
f 5965 5977 5966
f 5947 5950 5954
f 5954 5950 5967
f 5939 5968 5979
f 5979 5968 5978
f 5936 5975 5945
f 5945 5975 5971
f 5972 5754 5956
f 5956 5754 5617
f 5974 5935 5979
f 5979 5935 5939
f 5953 5943 5958
f 5958 5943 5942
f 5964 5968 5967
f 5967 5968 5962
f 5965 5950 5976
f 5976 5950 5949
f 5976 5949 5932
f 5932 5949 5933
f 5979 5978 5981
f 5981 5978 5980
f 5979 5981 5974
f 5974 5981 5982
f 5974 5982 5975
f 5975 5982 5983
f 5975 5983 5971
f 5971 5983 5984
f 5978 5963 5980
f 5980 5963 5985
f 5963 5966 5985
f 5985 5966 5986
f 5986 5966 5987
f 5987 5966 5977
f 5988 5989 5985
f 5985 5989 5980
f 5991 5992 5990
f 5990 5992 5993
f 5994 5995 5991
f 5991 5995 5992
f 5992 5995 5997
f 5997 5995 5996
f 5998 5999 5997
f 5997 5999 6000
f 5996 6001 5997
f 5997 6001 5998
f 6000 5993 5997
f 5997 5993 5992
f 6002 6003 5993
f 5993 6003 5990
f 5995 5994 5996
f 5996 5994 6004
f 5994 5982 6004
f 6004 5982 5981
f 5994 6005 5982
f 5982 6005 5983
f 5991 6006 5994
f 5994 6006 6005
f 6006 5991 6007
f 6007 5991 5990
f 5996 6004 6001
f 6001 6004 5989
f 5989 6004 5980
f 5980 6004 5981
f 6003 6008 5990
f 5990 6008 6007
f 6009 6006 6010
f 6010 6006 6007
f 6008 6011 6007
f 6007 6011 6010
f 6012 6009 6013
f 6013 6009 6010
f 6009 6012 6015
f 6015 6012 6014
f 6011 6016 6010
f 6010 6016 6013
f 6006 6009 6005
f 6005 6009 6015
f 6005 6015 5983
f 5983 6015 5984
f 6008 6003 6018
f 6018 6003 6017
f 6003 6002 6017
f 6017 6002 6019
f 5998 6001 6020
f 6020 6001 5989
f 5999 5998 6021
f 6021 5998 6020
f 5989 5988 6020
f 6020 5988 6022
f 6021 6020 6023
f 6023 6020 6022
f 6021 6024 5999
f 5999 6024 6025
f 6019 6025 6017
f 6017 6025 6024
f 5971 5984 5969
f 5969 5984 6026
f 5970 6027 5977
f 5977 6027 5987
f 6027 5970 6026
f 6026 5970 5969
f 6026 6014 6027
f 6027 6014 6028
f 6014 6012 6028
f 6028 6012 6029
f 6027 6028 5987
f 5987 6028 6030
f 6026 5984 6014
f 6014 5984 6015
f 6031 5986 6030
f 6030 5986 5987
f 6031 5988 5986
f 5986 5988 5985
f 6032 6022 6031
f 6031 6022 5988
f 6032 6031 6033
f 6033 6031 6030
f 6034 6032 6035
f 6035 6032 6033
f 6028 6029 6030
f 6030 6029 6033
f 6029 6036 6033
f 6033 6036 6035
f 6032 6034 6022
f 6022 6034 6023
f 6038 6023 6037
f 6037 6023 6034
f 6037 6040 6039
f 6039 6040 6041
f 6037 6034 6040
f 6040 6034 6035
f 6037 6039 6038
f 6038 6039 6018
f 6038 6018 6024
f 6024 6018 6017
f 6024 6021 6038
f 6038 6021 6023
f 6012 6013 6029
f 6029 6013 6036
f 6041 6036 6016
f 6016 6036 6013
f 6041 6040 6036
f 6036 6040 6035
f 6041 6016 6039
f 6039 6016 6011
f 6011 6008 6039
f 6039 6008 6018
f 5993 6000 6002
f 6002 6000 6019
f 6019 6000 6025
f 6025 6000 5999
f 5943 5756 5944
f 5944 5756 5755
f 6042 5948 5973
f 5973 5948 5947
f 5952 5951 5959
f 5959 5951 5960
f 5951 5953 5960
f 5960 5953 5958
f 5616 5957 5617
f 5617 5957 5956
f 6042 5952 5948
f 5948 5952 5959
f 5944 5755 5972
f 5972 5755 5754
f 5957 5616 5973
f 5973 5616 5652
f 5956 5955 5972
f 5972 5955 5961
f 5943 5953 5756
f 5756 5953 5709
f 6044 6045 6043
f 6043 6045 6046
f 6048 6049 6047
f 6047 6049 6050
f 6047 6050 6051
f 6051 6050 6052
f 6054 6055 6053
f 6053 6055 6056
f 6057 6058 6060
f 6060 6058 6059
f 6061 6062 6048
f 6048 6062 6049
f 6063 6064 6066
f 6066 6064 6065
f 6067 6068 6070
f 6070 6068 6069
f 6071 6069 5653
f 5653 6069 6068
f 6072 6073 6075
f 6075 6073 6074
f 6062 6076 6049
f 6049 6076 6054
f 6058 6067 6059
f 6059 6067 6070
f 6064 6077 6065
f 6065 6077 6045
f 6078 6076 6046
f 6046 6076 6062
f 6073 6080 6079
f 6079 6080 6052
f 6082 6083 6081
f 6081 6083 6084
f 6072 6085 6073
f 6073 6085 6080
f 6086 6051 6080
f 6080 6051 6052
f 6079 6052 6053
f 6053 6052 6050
f 6043 6087 6044
f 6044 6087 6088
f 6061 6089 6043
f 6043 6089 6087
f 6053 6056 6079
f 6079 6056 6090
f 6063 6072 6060
f 6060 6072 6075
f 6043 6046 6061
f 6061 6046 6062
f 6047 6091 6048
f 6048 6091 6092
f 6077 6078 6045
f 6045 6078 6046
f 6049 6054 6050
f 6050 6054 6053
f 6044 6088 6093
f 6093 6088 6094
f 6086 6082 6095
f 6095 6082 6081
f 6083 6082 6066
f 6066 6082 6085
f 6093 6094 6083
f 6083 6094 6084
f 6072 6063 6085
f 6085 6063 6066
f 6051 6086 6096
f 6096 6086 6095
f 6048 6092 6061
f 6061 6092 6089
f 5656 5655 6090
f 6090 5655 6074
f 6091 6047 6096
f 6096 6047 6051
f 6071 6055 6076
f 6076 6055 6054
f 6082 6086 6085
f 6085 6086 6080
f 6093 6083 6065
f 6065 6083 6066
f 6044 6093 6045
f 6045 6093 6065
f 6096 6095 6098
f 6098 6095 6097
f 6096 6098 6091
f 6091 6098 6099
f 6091 6099 6092
f 6092 6099 6100
f 6092 6100 6089
f 6089 6100 6101
f 6095 6081 6097
f 6097 6081 6102
f 6081 6084 6102
f 6102 6084 6103
f 6103 6084 6104
f 6104 6084 6094
f 6106 6097 6105
f 6105 6097 6102
f 6107 6108 6110
f 6110 6108 6109
f 6111 6112 6108
f 6108 6112 6109
f 6109 6112 6114
f 6114 6112 6113
f 6114 6115 6117
f 6117 6115 6116
f 6113 6118 6114
f 6114 6118 6115
f 6117 6110 6114
f 6114 6110 6109
f 6110 6119 6107
f 6107 6119 6120
f 6112 6111 6113
f 6113 6111 6121
f 6111 6099 6121
f 6121 6099 6098
f 6111 6122 6099
f 6099 6122 6100
f 6123 6122 6108
f 6108 6122 6111
f 6124 6123 6107
f 6107 6123 6108
f 6113 6121 6118
f 6118 6121 6106
f 6106 6121 6097
f 6097 6121 6098
f 6125 6124 6120
f 6120 6124 6107
f 6126 6123 6127
f 6127 6123 6124
f 6125 6128 6124
f 6124 6128 6127
f 6129 6126 6130
f 6130 6126 6127
f 6126 6129 6132
f 6132 6129 6131
f 6128 6133 6127
f 6127 6133 6130
f 6123 6126 6122
f 6122 6126 6132
f 6122 6132 6100
f 6100 6132 6101
f 6120 6134 6125
f 6125 6134 6135
f 6120 6119 6134
f 6134 6119 6136
f 6115 6118 6137
f 6137 6118 6106
f 6115 6137 6116
f 6116 6137 6138
f 6137 6106 6139
f 6139 6106 6105
f 6138 6137 6140
f 6140 6137 6139
f 6141 6142 6138
f 6138 6142 6116
f 6136 6142 6134
f 6134 6142 6141
f 6089 6101 6087
f 6087 6101 6143
f 6088 6144 6094
f 6094 6144 6104
f 6143 6144 6087
f 6087 6144 6088
f 6131 6145 6143
f 6143 6145 6144
f 6129 6146 6131
f 6131 6146 6145
f 6144 6145 6104
f 6104 6145 6147
f 6143 6101 6131
f 6131 6101 6132
f 6148 6103 6147
f 6147 6103 6104
f 6103 6148 6102
f 6102 6148 6105
f 6148 6149 6105
f 6105 6149 6139
f 6149 6148 6150
f 6150 6148 6147
f 6151 6149 6152
f 6152 6149 6150
f 6145 6146 6147
f 6147 6146 6150
f 6146 6153 6150
f 6150 6153 6152
f 6149 6151 6139
f 6139 6151 6140
f 6155 6140 6154
f 6154 6140 6151
f 6154 6157 6156
f 6156 6157 6158
f 6154 6151 6157
f 6157 6151 6152
f 6154 6156 6155
f 6155 6156 6135
f 6155 6135 6141
f 6141 6135 6134
f 6141 6138 6155
f 6155 6138 6140
f 6146 6129 6153
f 6153 6129 6130
f 6158 6153 6133
f 6133 6153 6130
f 6158 6157 6153
f 6153 6157 6152
f 6156 6158 6128
f 6128 6158 6133
f 6128 6125 6156
f 6156 6125 6135
f 6110 6117 6119
f 6119 6117 6136
f 6136 6117 6142
f 6142 6117 6116
f 6055 5615 6056
f 6056 5615 5752
f 6060 6059 6063
f 6063 6059 6064
f 6077 6070 6078
f 6078 6070 6069
f 6069 6071 6078
f 6078 6071 6076
f 6159 6057 6075
f 6075 6057 6060
f 6059 6070 6064
f 6064 6070 6077
f 6056 5752 6090
f 6090 5752 5656
f 6090 6074 6079
f 6079 6074 6073
f 6055 6071 5615
f 5615 6071 5653
f 5547 5471 6160
f 6160 5471 6161
f 5729 5577 6163
f 6163 5577 6162
f 5577 5576 6162
f 6162 5576 6164
f 5713 6165 5711
f 5711 6165 6166
f 5474 5729 6167
f 6167 5729 6163
f 5750 5547 6168
f 6168 5547 6160
f 5471 5474 6161
f 6161 5474 6167
f 6169 5712 6168
f 6168 5712 5750
f 5711 6166 5576
f 5576 6166 6164
f 6165 5713 6169
f 6169 5713 5712
f 6168 6170 6169
f 6169 6170 6171
f 6169 6171 6165
f 6165 6171 6172
f 6165 6172 6166
f 6166 6172 6173
f 6166 6173 6164
f 6164 6173 6174
f 6168 6160 6170
f 6170 6160 6175
f 6160 6161 6175
f 6175 6161 6176
f 6161 6167 6176
f 6176 6167 6177
f 6179 6170 6178
f 6178 6170 6175
f 6181 6182 6180
f 6180 6182 6183
f 6184 6185 6181
f 6181 6185 6182
f 6186 6187 6185
f 6185 6187 6182
f 6186 6188 6187
f 6187 6188 6189
f 6190 6183 6187
f 6187 6183 6182
f 6183 6190 6191
f 6191 6190 6192
f 6191 6193 6183
f 6183 6193 6180
f 6186 6185 6194
f 6194 6185 6184
f 6184 6172 6194
f 6194 6172 6171
f 6184 6195 6172
f 6172 6195 6173
f 6181 6196 6184
f 6184 6196 6195
f 6196 6181 6197
f 6197 6181 6180
f 6186 6194 6188
f 6188 6194 6179
f 6179 6194 6170
f 6170 6194 6171
f 6193 6198 6180
f 6180 6198 6197
f 6199 6196 6200
f 6200 6196 6197
f 6198 6201 6197
f 6197 6201 6200
f 6202 6199 6203
f 6203 6199 6200
f 6199 6202 6205
f 6205 6202 6204
f 6201 6206 6200
f 6200 6206 6203
f 6196 6199 6195
f 6195 6199 6205
f 6195 6205 6173
f 6173 6205 6174
f 6198 6193 6208
f 6208 6193 6207
f 6193 6191 6207
f 6207 6191 6192
f 6189 6188 6209
f 6209 6188 6179
f 6210 6189 6211
f 6211 6189 6209
f 6209 6179 6212
f 6212 6179 6178
f 6211 6209 6213
f 6213 6209 6212
f 6211 6214 6210
f 6210 6214 6215
f 6192 6215 6207
f 6207 6215 6214
f 6190 6187 6210
f 6210 6187 6189
f 6192 6190 6215
f 6215 6190 6210
f 6162 6164 6216
f 6216 6164 6174
f 6167 6163 6177
f 6177 6163 6217
f 6216 6217 6162
f 6162 6217 6163
f 6204 6218 6216
f 6216 6218 6217
f 6202 6219 6204
f 6204 6219 6218
f 6217 6218 6177
f 6177 6218 6220
f 6216 6174 6204
f 6204 6174 6205
f 6221 6176 6220
f 6220 6176 6177
f 6176 6221 6175
f 6175 6221 6178
f 6221 6222 6178
f 6178 6222 6212
f 6222 6221 6223
f 6223 6221 6220
f 6224 6222 6225
f 6225 6222 6223
f 6218 6219 6220
f 6220 6219 6223
f 6219 6226 6223
f 6223 6226 6225
f 6222 6224 6212
f 6212 6224 6213
f 6228 6213 6227
f 6227 6213 6224
f 6229 6227 6231
f 6231 6227 6230
f 6227 6224 6230
f 6230 6224 6225
f 6227 6229 6228
f 6228 6229 6208
f 6228 6208 6214
f 6214 6208 6207
f 6214 6211 6228
f 6228 6211 6213
f 6219 6202 6226
f 6226 6202 6203
f 6231 6226 6206
f 6206 6226 6203
f 6231 6230 6226
f 6226 6230 6225
f 6229 6231 6201
f 6201 6231 6206
f 6201 6198 6229
f 6229 6198 6208
f 5674 5672 5661
f 5661 5672 5662
f 5662 5672 5663
f 5663 5672 5646
f 5651 6042 5652
f 5652 6042 5973
f 5518 5517 5751
f 5751 5517 5733
f 5738 5660 5753
f 5753 5660 5637
f 5752 5636 5656
f 5656 5636 5526
f 5952 6042 5593
f 5593 6042 5651
f 5593 5651 5594
f 5594 5651 5650
f 5600 5737 5514
f 5514 5737 5515
f 5546 5545 5740
f 5740 5545 6232
f 6232 6058 5740
f 5740 6058 6057
f 6067 6058 6233
f 6233 6058 6232
f 6233 6232 6234
f 6234 6232 5545
f 6234 5545 6235
f 6235 5545 5544
f 5606 6236 5543
f 5543 6236 5544
f 6235 5544 5539
f 5539 5544 6236
f 6237 6235 5542
f 5542 6235 5539
f 6235 6237 6234
f 6234 6237 6238
f 6234 6238 6233
f 6233 6238 6239
f 5653 6068 5650
f 5650 6068 6239
f 5642 5513 6240
f 6240 5513 5516
f 5539 6236 5540
f 5540 6236 5606
f 5636 5614 5637
f 5637 5614 5753
f 6239 5737 5650
f 5650 5737 5594
f 6239 6068 6233
f 6233 6068 6067
f 6075 6074 6159
f 6159 6074 5655
f 6057 6159 5740
f 5740 6159 5655
f 5515 5737 6238
f 6238 5737 6239
f 6238 6237 5515
f 5515 6237 5516
f 5542 6240 6237
f 6237 6240 5516
f 6240 5542 5642
f 5642 5542 5541
f 5702 5699 5541
f 5541 5699 5642
f 5582 5475 5717
f 5470 5443 5537
f 5537 5443 5504
f 5469 5444 5470
f 5470 5444 5443
f 5726 5557 5727
f 5727 5557 5556
f 5537 5504 5511
f 5511 5504 5506
f 5504 5503 5506
f 5506 5503 5507
f 5503 5455 5507
f 5507 5455 5581
f 5455 5454 5581
f 5581 5454 5456
f 5473 5453 5474
f 5474 5453 5729
f 5457 5454 5473
f 5473 5454 5453
f 5473 5472 5457
f 5457 5472 5686
f 5472 5548 5686
f 5686 5548 5687
f 5749 5693 5548
f 5548 5693 5687
f 5715 5532 5749
f 5749 5532 5693
f 5714 5486 5715
f 5715 5486 5532
f 5714 5710 5486
f 5486 5710 5449
f 5728 5578 5729
f 5729 5578 5577
f 5452 5445 5698
f 5698 5445 5558
f 5445 5444 5558
f 5558 5444 5556
f 5444 5469 5556
f 5556 5469 5727
f 5469 5468 5727
f 5727 5468 5555
f 5468 5747 5555
f 5555 5747 5552
f 5747 5700 5552
f 5552 5700 5716
f 5700 5699 5716
f 5716 5699 5717
f 5699 5702 5717
f 5717 5702 5582
f 5702 5701 5582
f 5582 5701 5583
f 5726 5479 5557
f 5557 5479 5483
f 5483 5479 5484
f 5484 5479 5482
f 5534 5533 5482
f 5482 5533 5484
f 5691 5688 5534
f 5534 5688 5533
f 5644 5647 5691
f 5691 5647 5688
f 5719 5746 5701
f 5701 5746 5583
f 5718 5497 5719
f 5719 5497 5746
f 5718 5605 5654
f 5654 5605 5638
f 5498 5654 5657
f 5657 5654 5633
f 5497 5718 5498
f 5498 5718 5654
f 5657 5527 5498
f 5498 5527 5494
f 5528 5570 5495
f 5495 5570 5521
f 5665 5668 5528
f 5528 5668 5570
f 5664 5671 5665
f 5665 5671 5668
f 5645 5741 5664
f 5664 5741 5671
f 5644 5696 5645
f 5645 5696 5741
f 5710 5575 5449
f 5449 5575 5450
f 5575 5578 5450
f 5450 5578 5698
f 5578 5728 5698
f 5698 5728 5452
f 5452 5728 5451
f 5451 5728 5453
f 3619 6241 3620
f 3620 6241 6242
f 6243 6244 3628
f 3628 6244 3629
f 6245 6246 3634
f 3634 6246 3631
f 6247 6248 3636
f 3636 6248 3637
f 6249 6250 3642
f 3642 6250 3639
f 3639 6250 3643
f 3643 6250 6251
f 3743 6252 3744
f 3744 6252 6253
f 6246 6243 3631
f 3631 6243 3628
f 3753 6254 3754
f 3754 6254 6255
f 3857 6256 3619
f 3619 6256 6241
f 6257 6245 3932
f 3932 6245 3634
f 6242 6247 3620
f 3620 6247 3636
f 6258 6259 3946
f 3946 6259 3947
f 6260 6249 3948
f 3948 6249 3642
f 6244 6258 3629
f 3629 6258 3946
f 3947 6259 3753
f 3753 6259 6254
f 6248 6260 3637
f 3637 6260 3948
f 3643 6251 3743
f 3743 6251 6252
f 3744 6253 3932
f 3932 6253 6257
f 6250 6249 6251
f 6251 6249 6252
f 6245 6261 6246
f 6246 6261 6262
f 6263 6264 6247
f 6247 6264 6248
f 6252 6265 6253
f 6253 6265 6266
f 6246 6262 6243
f 6243 6262 6267
f 6268 6261 6257
f 6257 6261 6245
f 6269 6263 6242
f 6242 6263 6247
f 6270 6271 6260
f 6260 6271 6249
f 6264 6270 6248
f 6248 6270 6260
f 6253 6266 6257
f 6257 6266 6268
f 6249 6271 6252
f 6252 6271 6265
f 6254 6259 6272
f 6272 6259 6273
f 6266 6265 6270
f 6270 6265 6271
f 6268 6266 6264
f 6264 6266 6270
f 6261 6268 6263
f 6263 6268 6264
f 6269 6262 6263
f 6263 6262 6261
f 4186 4185 6274
f 6274 4185 6275
f 6241 6276 6242
f 6242 6276 6269
f 6258 6244 6277
f 6277 6244 6278
f 6256 6279 6241
f 6241 6279 6276
f 6259 6258 6273
f 6273 6258 6277
f 6243 6267 6244
f 6244 6267 6278
f 6276 6267 6269
f 6269 6267 6262
f 6254 6272 6255
f 6255 6272 6280
f 3865 3713 3888
f 3888 3713 3685
f 5242 5233 3892
f 3892 5233 3711
f 3900 5243 3892
f 3892 5243 5242
f 3734 3866 3900
f 3900 3866 5243
f 4117 6281 4118
f 4118 6281 6282
f 4118 6282 4278
f 4278 6282 4879
f 4717 4887 4718
f 4718 4887 4280
f 4792 4278 4882
f 4882 4278 4879
f 4795 4792 6283
f 6283 4792 4882
f 4852 4851 5012
f 5012 4851 6284
f 4856 5207 4857
f 4857 5207 4858
f 4860 4279 4857
f 4857 4279 4854
f 4718 4280 4860
f 4860 4280 4279
f 4864 4863 4745
f 4745 4863 4742
f 5366 4867 5011
f 5011 4867 4866
f 4871 4884 4872
f 4872 4884 4883
f 4872 4883 4117
f 4117 4883 6281
f 6284 4851 6283
f 6283 4851 4795
f 4852 4866 4853
f 4853 4866 4865
f 4871 4870 4856
f 4856 4870 5207
f 4717 4716 4864
f 4864 4716 4861
f 4868 4867 4862
f 4862 4867 4863
f 4268 4855 4269
f 4269 4855 4854
f 4281 4274 4282
f 4282 4274 4765
f 4744 4743 4907
f 4907 4743 4904
f 4874 4881 4820
f 4820 4881 4880
f 4885 5013 4886
f 4886 5013 4980
f 4888 4275 4281
f 4281 4275 4274
f 4902 6282 4903
f 4903 6282 6281
f 6283 4979 6284
f 6284 4979 4978
f 4282 4765 4269
f 4269 4765 4266
f 4880 4879 4902
f 4902 4879 6282
f 4903 6281 4886
f 4886 6281 4883
f 4882 4881 6283
f 6283 4881 4979
f 5013 4885 4267
f 4267 4885 4268
f 4888 4887 4744
f 4744 4887 4745
f 4410 6285 4411
f 4411 6285 4812
f 4750 4749 6286
f 6286 4749 6287
f 6289 4695 6288
f 6288 4695 4255
f 4750 4675 4751
f 4751 4675 4965
f 6290 6291 4963
f 4963 6291 4960
f 4807 4806 4411
f 4411 4806 4408
f 6292 6293 4959
f 4959 6293 4956
f 4958 6294 4959
f 4959 6294 4955
f 4962 4964 4963
f 4963 4964 4805
f 4962 4961 4751
f 4751 4961 4748
f 6296 6297 6295
f 6295 6297 6298
f 6299 6300 6288
f 6288 6300 4735
f 6302 4961 6301
f 6301 4961 4960
f 6304 6287 6303
f 6303 6287 4749
f 4968 6305 4969
f 4969 6305 6306
f 4413 6308 6307
f 6307 6308 4900
f 6301 4960 6309
f 6309 4960 6291
f 4412 4408 6310
f 6310 4408 4806
f 4696 6311 4256
f 4256 6311 6312
f 6303 4749 6313
f 6313 4749 4748
f 6313 4748 6302
f 6302 4748 4961
f 6315 6316 6314
f 6314 6316 6317
f 4084 6318 6315
f 6315 6318 6316
f 4083 6319 4084
f 4084 6319 6318
f 4112 6320 4083
f 4083 6320 6319
f 6322 4138 6321
f 6321 4138 4137
f 6324 4128 6323
f 6323 4128 4127
f 4127 4193 6323
f 6323 4193 6325
f 4193 4891 6325
f 6325 4891 6326
f 4891 6327 6326
f 6326 6327 6328
f 6327 4824 5227
f 5227 4824 5228
f 5231 4684 6329
f 6329 4684 4683
f 4683 4099 6329
f 6329 4099 6330
f 4099 4102 6330
f 6330 4102 6331
f 4174 4826 4429
f 4429 4826 4829
f 4173 4741 4174
f 4174 4741 4826
f 4180 4738 4173
f 4173 4738 4741
f 6332 6333 4180
f 4180 6333 4738
f 6274 6334 4186
f 4186 6334 4188
f 4181 4825 4180
f 4180 4825 6332
f 5044 5213 5045
f 5045 5213 5165
f 5046 5087 5047
f 5047 5087 5222
f 5077 5063 5078
f 5078 5063 5198
f 5081 5099 5082
f 5082 5099 5194
f 5095 5074 5096
f 5096 5074 5073
f 5373 5170 5096
f 5096 5170 5093
f 5375 5171 5373
f 5373 5171 5170
f 5047 5222 5375
f 5375 5222 5171
f 5046 5038 5376
f 5376 5038 5067
f 5377 5086 5376
f 5376 5086 5085
f 5045 5165 5377
f 5377 5165 5086
f 5378 5214 5044
f 5044 5214 5213
f 5077 5034 5378
f 5378 5034 5214
f 5082 5194 5078
f 5078 5194 5035
f 5081 5080 5379
f 5379 5080 6335
f 5379 6335 5095
f 5095 6335 5074
f 5032 5080 5033
f 5033 5080 5079
f 5040 5017 5041
f 5041 5017 5016
f 5050 5043 5051
f 5051 5043 5042
f 5065 5023 5066
f 5066 5023 5022
f 5050 5049 5065
f 5065 5049 5023
f 5041 5016 5068
f 5068 5016 5020
f 5071 5374 5072
f 5072 5374 5200
f 5075 5156 5076
f 5076 5156 5155
f 5162 5212 5068
f 5068 5212 5067
f 5075 5074 5192
f 5192 5074 6335
f 5066 5022 5199
f 5199 5022 5196
f 5076 5155 5072
f 5072 5155 5069
f 5040 5039 5071
f 5071 5039 5374
f 5162 5161 5051
f 5051 5161 5048
f 5192 6335 5032
f 5032 6335 5080
f 5199 5196 5033
f 5033 5196 5030
f 5018 5211 5019
f 5019 5211 5408
f 5019 5408 5021
f 5021 5408 5163
f 5024 5057 5025
f 5025 5057 5415
f 5028 5048 5029
f 5029 5048 5161
f 5054 5031 5055
f 5055 5031 5030
f 5024 5023 5058
f 5058 5023 5049
f 5061 5070 5062
f 5062 5070 5069
f 5157 5438 5158
f 5158 5438 5442
f 5160 5191 5054
f 5054 5191 5031
f 5029 5161 5021
f 5021 5161 5020
f 5025 5415 5197
f 5197 5415 5220
f 5158 5442 5062
f 5062 5442 5059
f 5018 5017 5061
f 5061 5017 5070
f 5160 5159 5157
f 5157 5159 5438
f 5028 5027 5058
f 5058 5027 5056
f 5055 5030 5197
f 5197 5030 5196
f 5409 5380 5410
f 5410 5380 6336
f 5026 5413 5027
f 5027 5413 5412
f 5396 5417 5393
f 5393 5417 5416
f 5416 5057 5419
f 5419 5057 5056
f 5417 5396 5426
f 5426 5396 5420
f 5427 5423 5428
f 5428 5423 5422
f 5427 5059 5430
f 5430 5059 5442
f 5409 5408 5433
f 5433 5408 5211
f 5433 5211 5428
f 5428 5211 5060
f 5412 5411 5419
f 5419 5411 5418
f 5436 5053 5437
f 5437 5053 5052
f 5439 5402 5440
f 5440 5402 5401
f 5436 5435 5439
f 5439 5435 5402
f 5410 6336 5413
f 5413 6336 5414
f 5440 5401 5430
f 5430 5401 5429
f 5426 5420 5437
f 5437 5420 5434
f 5382 5432 5383
f 5383 5432 5384
f 5386 6336 5383
f 5383 6336 5380
f 6336 5386 5414
f 5414 5386 5388
f 5391 5418 5392
f 5392 5418 5411
f 5705 5395 5704
f 5704 5395 5394
f 5399 5435 5400
f 5400 5435 5434
f 5403 5441 5404
f 5404 5441 5405
f 5407 5429 5404
f 5404 5429 5401
f 5395 5705 5421
f 5421 5705 5748
f 5424 5706 5425
f 5425 5706 5431
f 5391 5390 5394
f 5394 5390 5704
f 5392 5388 5389
f 5389 5388 5387
f 5382 5381 5425
f 5425 5381 5422
f 5407 5406 5424
f 5424 5406 5706
f 5403 5402 5399
f 5399 5402 5435
f 5421 5748 5400
f 5400 5748 5397
f 4097 4721 4098
f 4098 4721 4231
f 4233 5273 4098
f 4098 5273 4095
f 6337 6338 4785
f 4785 6338 4786
f 4076 4780 4073
f 4073 4780 4781
f 4782 4190 4781
f 4781 4190 4073
f 4783 4901 4782
f 4782 4901 4190
f 4780 4076 4097
f 4097 4076 4721
f 6337 2879 4701
f 4701 2879 2878
f 5280 6339 5272
f 5272 6339 6340
f 5282 5281 6341
f 6341 5281 6342
f 4109 6302 4110
f 4110 6302 6301
f 4283 6304 4284
f 4284 6304 6303
f 6305 4379 6306
f 6306 4379 4378
f 4110 6301 4428
f 4428 6301 6309
f 6310 4688 4412
f 4412 4688 4687
f 4284 6303 4753
f 4753 6303 6313
f 4753 6313 4109
f 4109 6313 6302
f 6343 5226 4428
f 4428 5226 4427
f 4147 4900 4416
f 4416 4900 6308
f 6312 6311 4241
f 4241 6311 4720
f 5223 6344 4702
f 4702 6344 4699
f 4221 4220 6345
f 6345 4220 6346
f 5276 5275 6347
f 6347 5275 6348
f 5275 4728 6348
f 6348 4728 6349
f 4727 6350 5284
f 5284 6350 5285
f 6351 6352 6354
f 6354 6352 6353
f 5313 5312 5292
f 5292 5312 5293
f 5312 5344 5293
f 5293 5344 5337
f 5344 4914 5337
f 5337 4914 4916
f 4914 4913 4916
f 4916 4913 4917
f 4913 6355 4917
f 4917 6355 4978
f 6356 6357 6284
f 6284 6357 5012
f 6357 6358 5012
f 5012 6358 5011
f 5011 6358 5366
f 5366 6358 6359
f 6360 4742 6359
f 6359 4742 5366
f 4743 6361 4904
f 4904 6361 5364
f 5363 4905 5364
f 5364 4905 4904
f 5363 6362 4905
f 4905 6362 4207
f 6362 6363 4207
f 4207 6363 4208
f 6363 5342 4208
f 4208 5342 5330
f 5342 5341 5330
f 5330 5341 4244
f 5341 6364 4244
f 4244 6364 4245
f 6364 6365 4245
f 4245 6365 4246
f 6366 6367 4253
f 4253 6367 4250
f 4214 6368 4211
f 4211 6368 4380
f 4380 4379 4211
f 4211 4379 4283
f 4379 6305 4283
f 4283 6305 6304
f 6305 4968 6304
f 6304 4968 6287
f 4968 4967 6287
f 6287 4967 6286
f 4967 6297 6286
f 6286 6297 4676
f 6296 4376 4288
f 4288 4376 4285
f 4376 4373 4285
f 4285 4373 4290
f 6369 6370 6372
f 6372 6370 6371
f 5245 6373 5246
f 5246 6373 6374
f 4317 6375 4318
f 4318 6375 6376
f 4331 6377 4332
f 4332 6377 6378
f 6379 4333 6376
f 6376 4333 4318
f 4343 6380 4344
f 4344 6380 6381
f 4347 6382 4348
f 4348 6382 6383
f 4374 6371 4331
f 4331 6371 6377
f 4333 6379 4426
f 4426 6379 6384
f 4690 6385 4347
f 4347 6385 6382
f 4332 6378 4317
f 4317 6378 6375
f 4922 6386 4923
f 4923 6386 6387
f 6388 6389 4375
f 4375 6389 6390
f 6355 6356 4978
f 4978 6356 6284
f 4742 6360 4743
f 4743 6360 6361
f 6391 4238 6392
f 6392 4238 4719
f 6392 4719 6393
f 6393 4719 5296
f 6395 6396 6394
f 6394 6396 6397
f 6399 6400 6398
f 6398 6400 6401
f 6402 5302 6403
f 6403 5302 5303
f 5303 5321 6403
f 6403 5321 6404
f 5320 6405 5321
f 5321 6405 6404
f 5319 6406 5350
f 5350 6406 5351
f 5319 5318 6406
f 6406 5318 6407
f 5288 4197 6408
f 6408 4197 6409
f 4217 4216 6410
f 6410 4216 6411
f 5227 6412 6327
f 6327 6412 6328
f 4892 6413 5227
f 5227 6413 6412
f 4228 6414 4892
f 4892 6414 6413
f 4227 6415 4228
f 4228 6415 6414
f 4248 6416 4227
f 4227 6416 6415
f 4247 6417 4248
f 4248 6417 6416
f 6417 4247 6419
f 6419 4247 6418
f 6419 6418 6421
f 6421 6418 6420
f 6422 5301 6423
f 6423 5301 5300
f 6423 5300 6424
f 6424 5300 6399
f 6408 6409 6398
f 6398 6409 6425
f 6426 6427 6397
f 6397 6427 6394
f 6428 4224 6429
f 6429 4224 4223
f 6347 6346 5276
f 5276 6346 4220
f 6346 6347 6341
f 6341 6347 6339
f 5280 5278 5282
f 5282 5278 4236
f 4896 5224 4684
f 4684 5224 4681
f 4132 4135 4896
f 4896 4135 5224
f 4131 4136 4132
f 4132 4136 4135
f 4226 4754 4131
f 4131 4754 4136
f 4251 4213 4226
f 4226 4213 4754
f 4250 4214 4251
f 4251 4214 4213
f 4250 6367 4214
f 4214 6367 6368
f 6367 4910 6368
f 6368 4910 4737
f 4909 5297 4736
f 4736 5297 5296
f 5297 6395 5296
f 5296 6395 6393
f 6427 6430 6394
f 6394 6430 6431
f 6429 4383 6428
f 6428 4383 4382
f 4219 5277 4220
f 4220 5277 5276
f 4222 4697 4383
f 4383 4697 4218
f 6345 4699 4221
f 4221 4699 6344
f 6342 4700 6345
f 6345 4700 4699
f 4235 4786 5281
f 5281 4786 6338
f 4234 4787 4235
f 4235 4787 4786
f 5279 5278 6432
f 6432 5278 5271
f 4237 5279 6433
f 6433 5279 6432
f 4787 4234 6433
f 6433 4234 4237
f 6435 6436 6434
f 6434 6436 6437
f 6359 6438 6360
f 6360 6438 6437
f 6439 6440 6441
f 6441 6440 6438
f 6443 6439 6442
f 6442 6439 6441
f 6357 6356 6442
f 6442 6356 6444
f 6444 6446 6445
f 6445 6446 6447
f 4912 6446 4913
f 4913 6446 6355
f 6361 6436 5364
f 5364 6436 5365
f 5319 5350 5316
f 5316 5350 6448
f 4832 6449 5350
f 5350 6449 6448
f 4831 6450 4832
f 4832 6450 6449
f 5354 6451 5320
f 5320 6451 6405
f 4265 6452 5354
f 5354 6452 6451
f 4264 6453 4265
f 4265 6453 6452
f 6450 4831 6447
f 6447 4831 6445
f 4263 6435 4264
f 4264 6435 6434
f 6454 6453 6439
f 6439 6453 6440
f 6439 6443 6454
f 6454 6443 4834
f 4833 6455 4834
f 4834 6455 6454
f 5351 6456 4833
f 4833 6456 6455
f 6457 6391 6458
f 6458 6391 6392
f 6458 6392 6431
f 6431 6392 6393
f 5298 6396 5297
f 5297 6396 6395
f 6402 6400 5302
f 5302 6400 5299
f 6402 6403 6459
f 6459 6403 6460
f 6460 6403 6461
f 6461 6403 6404
f 6405 6462 6404
f 6404 6462 6461
f 6406 6462 5351
f 5351 6462 6456
f 6406 6407 6462
f 6462 6407 6461
f 6407 6463 6461
f 6461 6463 6460
f 6463 6464 6460
f 6460 6464 6459
f 6464 6465 6459
f 6459 6465 6401
f 6430 6466 6431
f 6431 6466 6458
f 6466 6410 6458
f 6458 6410 6457
f 6410 6411 6457
f 6457 6411 6467
f 6396 6424 6397
f 6397 6424 6425
f 6393 6395 6431
f 6431 6395 6394
f 6451 6456 6405
f 6405 6456 6462
f 6452 6455 6451
f 6451 6455 6456
f 6453 6454 6452
f 6452 6454 6455
f 6443 6445 4834
f 4834 6445 4831
f 6440 6453 6434
f 6434 6453 4264
f 6468 5306 5360
f 5360 5306 5305
f 6469 4124 6468
f 6468 4124 5306
f 6470 4125 6469
f 6469 4125 4124
f 6471 5291 6470
f 6470 5291 4125
f 6353 5292 6471
f 6471 5292 5291
f 5292 6353 5313
f 5313 6353 6352
f 5347 5314 6352
f 6352 5314 5313
f 5353 5318 5346
f 5346 5318 5317
f 5334 6468 5358
f 5358 6468 5360
f 5324 6469 5334
f 5334 6469 6468
f 5323 6470 5324
f 5324 6470 6469
f 5343 6471 5323
f 5323 6471 6470
f 6354 6353 5343
f 5343 6353 6471
f 6348 6349 4270
f 4270 6349 5311
f 5272 6340 5273
f 5273 6340 4272
f 6432 5271 4232
f 4232 5271 4233
f 4294 6432 4295
f 4295 6432 4232
f 6432 4294 6433
f 6433 4294 4301
f 4301 4300 6433
f 6433 4300 4787
f 4704 4784 4300
f 4300 4784 4787
f 4704 3013 4784
f 4784 3013 1307
f 5103 6472 5104
f 5104 6472 5202
f 5108 5116 5105
f 5105 5116 5115
f 5111 5124 5112
f 5112 5124 5123
f 5154 5205 5105
f 5105 5205 5106
f 5167 5180 5168
f 5168 5180 5185
f 5175 5188 5176
f 5176 5188 5187
f 5112 5123 5178
f 5178 5123 5120
f 5167 5090 5183
f 5183 5090 5089
f 5210 5151 5183
f 5183 5151 5181
f 5216 5138 5217
f 5217 5138 5137
f 5218 5119 5219
f 5219 5119 5221
f 5218 5178 5119
f 5119 5178 5120
f 5217 5137 5104
f 5104 5137 5101
f 5116 5108 5221
f 5221 5108 5219
f 5111 5110 5210
f 5210 5110 5151
f 5154 5153 5103
f 5103 5153 6472
f 5216 5215 5176
f 5176 5215 5173
f 5175 5174 5168
f 5168 5174 5166
f 5091 5172 5092
f 5092 5172 5208
f 5117 5037 5118
f 5118 5037 5036
f 5121 5164 5122
f 5122 5164 5133
f 5125 5084 5126
f 5126 5084 5083
f 5129 5174 5130
f 5130 5174 5173
f 5131 5202 5132
f 5132 5202 6472
f 5135 5221 5122
f 5122 5221 5119
f 5125 5124 5136
f 5136 5124 5209
f 5126 5083 5121
f 5121 5083 5164
f 5118 5036 5195
f 5195 5036 5193
f 5131 5097 5203
f 5203 5097 5114
f 5132 6472 5195
f 5195 6472 5153
f 5136 5209 5092
f 5092 5209 5089
f 5135 5134 5117
f 5117 5134 5037
f 5362 5206 5130
f 5130 5206 5127
f 5372 5371 5128
f 5128 5371 5129
f 5371 5372 5091
f 5091 5372 5172
f 5362 5215 5203
f 5203 5215 5201
f 6463 6407 5353
f 5353 6407 5318
f 6464 6463 5352
f 5352 6463 5353
f 6408 6465 5288
f 5288 6465 5289
f 4196 4224 6426
f 6426 4224 6427
f 6430 6427 6428
f 6428 6427 4224
f 6466 6430 4382
f 4382 6430 6428
f 6410 6466 4217
f 4217 6466 4382
f 4240 4239 3015
f 3015 4239 3016
f 4254 4257 3017
f 3017 4257 3018
f 6473 6474 4732
f 4732 6474 6475
f 6474 6374 6475
f 6475 6374 6373
f 5246 6374 3022
f 3022 6374 3023
f 4254 6299 4255
f 4255 6299 6288
f 6473 6300 3024
f 3024 6300 3025
f 6476 4257 6312
f 6312 4257 4256
f 4240 6476 4241
f 4241 6476 6312
f 6477 4239 6391
f 6391 4239 4238
f 6467 6477 6457
f 6457 6477 6391
f 6411 3029 6467
f 6467 3029 3028
f 4216 3030 6411
f 6411 3030 3029
f 6479 6480 6478
f 6478 6480 6481
f 6483 6484 6482
f 6482 6484 6485
f 6486 6487 4102
f 4102 6487 6331
f 6483 6488 6478
f 6478 6488 6489
f 4429 4829 6490
f 6490 4829 6479
f 6491 6486 4101
f 4101 6486 4102
f 4895 6491 4899
f 4899 6491 4101
f 4160 6488 4157
f 4157 6488 6492
f 6489 4087 6490
f 6490 4087 4090
f 4267 4261 5013
f 5013 4261 4260
f 4258 4261 5328
f 5328 4261 4975
f 4261 4267 4975
f 4975 4267 4266
f 5367 3793 3912
f 3912 3793 3575
f 6494 3616 6493
f 6493 3616 3795
f 6496 3589 6495
f 6495 3589 3588
f 6495 3588 5368
f 5368 3588 3794
f 3841 3840 3050
f 3050 3840 3051
f 3912 3911 3052
f 3052 3911 3053
f 3929 3930 3054
f 3054 3930 3055
f 5370 3930 3916
f 3916 3930 3923
f 3938 5369 3807
f 3807 5369 3915
f 3589 6496 3806
f 3806 6496 3937
f 3938 3937 3056
f 3056 3937 3057
f 3051 3840 3058
f 3058 3840 3943
f 3730 4808 3727
f 3727 4808 3943
f 3820 3951 3795
f 3795 3951 6493
f 3951 3841 3059
f 3059 3841 3050
f 3911 3574 6494
f 6494 3574 3616
f 3823 3929 3824
f 3824 3929 3952
f 4061 4060 3060
f 3060 4060 3061
f 6497 6498 4901
f 4901 6498 4790
f 6333 6499 4738
f 4738 6499 4739
f 6500 6501 6314
f 6314 6501 4418
f 6502 6275 4417
f 4417 6275 4185
f 6503 6497 4783
f 4783 6497 4901
f 6498 4060 4790
f 4790 4060 4059
f 4808 4061 3069
f 3069 4061 3060
f 5367 3071 5368
f 5368 3071 3070
f 5369 3073 5370
f 5370 3073 3072
f 6274 6275 3074
f 3074 6275 3075
f 6499 6504 4739
f 4739 6504 6317
f 6333 6332 3077
f 3077 6332 3078
f 6334 6274 3079
f 3079 6274 3074
f 6332 4825 3078
f 3078 4825 3080
f 6334 6503 4188
f 4188 6503 4783
f 4825 4689 3080
f 3080 4689 1330
f 6506 4747 6505
f 6505 4747 4746
f 6505 6507 6506
f 6506 6507 6508
f 4297 6509 4920
f 4920 6509 6510
f 4296 6511 4297
f 4297 6511 6509
f 6506 6508 4319
f 4319 6508 6512
f 4372 4371 6514
f 6514 4371 6513
f 6511 4296 5251
f 5251 4296 4305
f 5251 5250 6511
f 6511 5250 6515
f 6516 6509 6515
f 6515 6509 6511
f 6517 6507 6519
f 6519 6507 6518
f 6512 6520 6513
f 6513 6520 6514
f 6507 6517 6508
f 6508 6517 6521
f 5249 6523 6522
f 6522 6523 6524
f 6525 6370 5253
f 5253 6370 6526
f 4370 4323 4371
f 4371 4323 4326
f 4370 3103 4323
f 4323 3103 1541
f 6521 6517 6527
f 6527 6517 6519
f 6520 6528 6514
f 6514 6528 6529
f 6531 6532 6530
f 6530 6532 6533
f 5250 6534 6515
f 6515 6534 6535
f 6530 6533 6536
f 6536 6533 6537
f 6526 6538 6534
f 6534 6538 6537
f 6515 6535 6516
f 6516 6535 6539
f 4325 4321 4326
f 4326 4321 4320
f 4371 4326 6513
f 6513 4326 4320
f 6531 4731 6541
f 6541 4731 6540
f 4731 4730 6540
f 6540 4730 6542
f 4730 3121 6542
f 6542 3121 3120
f 6530 4328 6531
f 6531 4328 4731
f 4328 6530 4329
f 4329 6530 6536
f 4329 6536 6524
f 6524 6536 6543
f 6544 6545 6522
f 6522 6545 5248
f 6389 6388 5245
f 5245 6388 6373
f 6388 6546 6373
f 6373 6546 6475
f 4733 6546 6295
f 6295 6546 4377
f 4732 6475 4733
f 4733 6475 6546
f 4393 4432 4394
f 4394 4432 4435
f 4434 4672 4842
f 4842 4672 4671
f 4440 4439 4441
f 4441 4439 4438
f 4436 4450 4437
f 4437 4450 4398
f 4447 4444 4448
f 4448 4444 4392
f 4446 4464 4433
f 4433 4464 6547
f 4454 4423 4455
f 4455 4423 4422
f 4452 4481 4453
f 4453 4481 4480
f 4458 4389 4459
f 4459 4389 4388
f 4456 4471 4457
f 4457 4471 4468
f 4391 4460 4392
f 4392 4460 4448
f 4461 4467 4445
f 4445 4467 4465
f 4437 4398 4629
f 4629 4398 4397
f 4438 4628 4441
f 4441 4628 4631
f 4841 4629 4839
f 4839 4629 4397
f 4628 4842 4631
f 4631 4842 4671
f 4930 4989 4452
f 4452 4989 4481
f 4929 4927 4436
f 4436 4927 4450
f 4933 4387 4934
f 4934 4387 4386
f 4931 4475 4932
f 4932 4475 4474
f 4936 4449 4933
f 4933 4449 4387
f 4935 4472 4456
f 4456 4472 4471
f 4389 4458 4391
f 4391 4458 4460
f 4457 4468 4461
f 4461 4468 4467
f 4934 4386 4454
f 4454 4386 4423
f 4453 4480 4931
f 4931 4480 4475
f 4575 4997 4576
f 4576 4997 4639
f 4579 4596 4580
f 4580 4596 4595
f 4583 4582 4572
f 4572 4582 4569
f 4587 4944 4588
f 4588 4944 4562
f 4588 4562 4590
f 4590 4562 4561
f 4576 4639 4642
f 4642 4639 4638
f 4642 4845 4641
f 4641 4845 4846
f 4845 4590 4846
f 4846 4590 4561
f 4941 4938 4595
f 4595 4938 4580
f 4938 4940 4668
f 4668 4940 4669
f 4583 4942 4584
f 4584 4942 4947
f 4582 4587 4569
f 4569 4587 4586
f 5000 5001 4579
f 4579 5001 4596
f 4558 4560 4585
f 4585 4560 4586
f 4565 4639 4566
f 4566 4639 4997
f 4568 4567 4577
f 4577 4567 4578
f 4570 4554 4571
f 4571 4554 4556
f 4640 4565 4637
f 4637 4565 4546
f 4662 4664 4665
f 4665 4664 4844
f 4662 4558 4589
f 4589 4558 4585
f 4554 4570 4557
f 4557 4570 4560
f 4571 4667 4572
f 4572 4667 4943
f 4551 4670 4552
f 4552 4670 4666
f 4640 4664 4638
f 4638 4664 4663
f 4670 4568 4668
f 4668 4568 4577
f 4999 4996 4566
f 4566 4996 4543
f 4608 4564 4603
f 4603 4564 4563
f 4573 4593 4574
f 4574 4593 4592
f 4597 4614 4598
f 4598 4614 4613
f 4601 4600 4584
f 4584 4600 4581
f 4563 4562 4604
f 4604 4562 4944
f 4643 4593 4641
f 4641 4593 4573
f 4643 4847 4644
f 4644 4847 4848
f 4564 4847 4561
f 4561 4847 4846
f 4945 4941 4598
f 4598 4941 4595
f 4941 4945 4939
f 4939 4945 4946
f 4601 4948 4602
f 4602 4948 4620
f 4600 4604 4581
f 4581 4604 4944
f 5002 5003 4597
f 4597 5003 4614
f 4988 4759 4953
f 4953 4759 4402
f 4706 6548 4707
f 4707 6548 6549
f 4311 4928 4419
f 4419 4928 6550
f 4921 4920 6551
f 6551 4920 6552
f 4925 6553 4926
f 4926 6553 6554
f 4928 4921 4802
f 4802 4921 6551
f 6555 4985 6550
f 6550 4985 4419
f 4952 6556 4953
f 4953 6556 4649
f 4971 6557 4706
f 4706 6557 6548
f 4988 4648 4925
f 4925 4648 6553
f 4707 6549 5006
f 5006 6549 4987
f 4920 6510 6552
f 6552 6510 6518
f 6558 6510 6516
f 6516 6510 6509
f 6559 6558 6539
f 6539 6558 6516
f 6531 6541 6532
f 6532 6541 6560
f 6540 6561 6541
f 6541 6561 6529
f 6542 6562 6540
f 6540 6562 6561
f 6542 3120 6562
f 6562 3120 3142
f 4366 6563 4760
f 4760 6563 4970
f 4815 6564 4816
f 4816 6564 6565
f 3147 3146 6565
f 6565 3146 4816
f 6564 6563 6565
f 6565 6563 6566
f 4837 4385 4357
f 4357 4385 4358
f 6565 6566 3147
f 3147 6566 3149
f 4694 1209 3150
f 5247 5249 5248
f 5248 5249 6522
f 6372 6390 6545
f 6545 6390 6389
f 6375 5254 6376
f 6376 5254 5258
f 6377 6525 6378
f 6378 6525 5255
f 5260 6379 5258
f 5258 6379 6376
f 6380 6567 6381
f 6381 6567 6568
f 6382 6569 6383
f 6383 6569 6570
f 6377 6371 6525
f 6525 6371 6370
f 6379 5260 6384
f 6384 5260 6571
f 6385 6572 6382
f 6382 6572 6569
f 6378 5255 6375
f 6375 5255 5254
f 6386 6573 6387
f 6387 6573 6574
f 6545 6389 5248
f 5248 6389 5245
f 4675 4750 4676
f 4676 4750 6286
f 4734 6289 4735
f 4735 6289 6288
f 4804 6290 4805
f 4805 6290 4963
f 4811 4807 4812
f 4812 4807 4411
f 4954 6292 4955
f 4955 6292 4959
f 4964 4962 4965
f 4965 4962 4751
f 6285 4821 4812
f 4812 4821 4809
f 4675 4287 4965
f 4965 4287 4210
f 6294 4145 4955
f 4955 4145 4154
f 4964 4120 4805
f 4805 4120 4119
f 6298 4966 4734
f 4734 4966 6289
f 6300 6473 4735
f 4735 6473 4732
f 6297 6296 4676
f 4676 6296 4288
f 6523 3160 4330
f 4330 3160 3159
f 5253 5252 6525
f 6525 5252 5255
f 5256 5252 4305
f 4305 5252 5251
f 4304 5257 4305
f 4305 5257 5256
f 4424 5259 4304
f 4304 5259 5257
f 5261 6571 5259
f 5259 6571 5260
f 5262 6573 5261
f 5261 6573 6571
f 5264 6567 5265
f 5265 6567 6574
f 5266 6572 5267
f 5267 6572 6568
f 5268 6570 5269
f 5269 6570 6569
f 1807 3161 5268
f 5268 3161 6570
f 6524 6523 4329
f 4329 6523 4330
f 5253 6526 5250
f 5250 6526 6534
f 6543 6538 6544
f 6544 6538 6369
f 6524 6543 6522
f 6522 6543 6544
f 3071 5367 3052
f 3052 5367 3912
f 6493 3163 6494
f 6494 3163 3162
f 3164 445 3771
f 3771 445 3761
f 461 3165 3919
f 3919 3165 3920
f 330 410 3839
f 3839 410 3910
f 332 331 3552
f 3552 331 3551
f 464 304 3918
f 3918 304 3816
f 385 458 3766
f 3766 458 3894
f 412 415 3762
f 3762 415 3763
f 3166 337 3748
f 3748 337 3745
f 3072 3055 5370
f 5370 3055 3930
f 3073 5369 3056
f 3056 5369 3938
f 3167 3057 6496
f 6496 3057 3937
f 3069 3058 4808
f 4808 3058 3943
f 411 3166 3851
f 3851 3166 3748
f 3059 3163 3951
f 3951 3163 6493
f 336 3164 3772
f 3772 3164 3771
f 3053 3911 3162
f 3162 3911 6494
f 3054 3168 3929
f 3929 3168 3952
f 3165 830 3920
f 3920 830 3945
f 3170 3169 6497
f 6497 3169 6498
f 3171 1354 5005
f 5005 1354 4830
f 3172 3170 6503
f 6503 3170 6497
f 3169 3061 6498
f 6498 3061 4060
f 3173 3171 5006
f 5006 3171 5005
f 3079 3172 6334
f 6334 3172 6503
f 3174 3025 6299
f 6299 3025 6300
f 6576 6577 6575
f 6575 6577 6578
f 4612 4611 6579
f 6579 4611 6580
f 6582 6583 6581
f 6581 6583 6584
f 6584 6585 4618
f 4618 6585 4621
f 6586 6587 6589
f 6589 6587 6588
f 6588 6587 6590
f 6590 6587 6591
f 6592 4606 6590
f 6590 4606 4623
f 6594 6576 6593
f 6593 6576 6575
f 6595 6582 6579
f 6579 6582 6581
f 6580 6597 6596
f 6596 6597 6598
f 6577 6576 6599
f 6599 6576 6600
f 6595 6596 6601
f 6601 6596 6602
f 6583 6582 6603
f 6603 6582 6604
f 6586 6606 6605
f 6605 6606 6607
f 6587 6586 6608
f 6608 6586 6605
f 6587 6608 6591
f 6591 6608 6609
f 6576 6594 6600
f 6600 6594 6610
f 6582 6595 6604
f 6604 6595 6601
f 6599 6611 6577
f 6577 6611 6598
f 6613 6614 6612
f 6612 6614 6615
f 6617 6618 6616
f 6616 6618 6619
f 6621 6622 6620
f 6620 6622 6623
f 6625 6626 6624
f 6624 6626 6627
f 6629 6630 6628
f 6628 6630 6631
f 6633 6634 6632
f 6632 6634 6635
f 6637 6638 6636
f 6636 6638 6639
f 6640 6641 6637
f 6637 6641 6638
f 6643 6633 6642
f 6642 6633 6632
f 6645 6646 6644
f 6644 6646 6647
f 6646 6648 6647
f 6647 6648 6649
f 6651 6652 6650
f 6650 6652 6653
f 6653 6652 6654
f 6654 6652 6655
f 6656 6657 6659
f 6659 6657 6658
f 6661 6662 6660
f 6660 6662 6663
f 6662 6661 6664
f 6664 6661 6665
f 6667 6657 6666
f 6666 6657 6656
f 6669 6670 6668
f 6668 6670 6671
f 6672 6673 6670
f 6670 6673 6671
f 6674 6675 6677
f 6677 6675 6676
f 6675 6678 6676
f 6676 6678 6679
f 6681 6682 6680
f 6680 6682 6683
f 6684 6685 6683
f 6683 6685 6680
f 6687 6688 6686
f 6686 6688 6689
f 6687 6690 6688
f 6688 6690 6691
f 6619 6618 6633
f 6633 6618 6634
f 6632 6635 6693
f 6693 6635 6692
f 6617 6694 6636
f 6636 6694 6637
f 6695 6692 6639
f 6639 6692 6635
f 6637 6694 6640
f 6640 6694 6696
f 6698 6638 6697
f 6697 6638 6641
f 6643 6616 6633
f 6633 6616 6619
f 6642 6699 6641
f 6641 6699 6697
f 6646 6645 6700
f 6700 6645 6621
f 6644 6701 6654
f 6654 6701 6702
f 6700 6703 6646
f 6646 6703 6648
f 6693 6704 6649
f 6649 6704 6647
f 6620 6623 6651
f 6651 6623 6652
f 6693 6649 6699
f 6699 6649 6650
f 6652 6623 6655
f 6655 6623 6622
f 6654 6702 6653
f 6653 6702 6697
f 6615 6614 6657
f 6657 6614 6658
f 6705 6656 6704
f 6704 6656 6659
f 6613 6706 6660
f 6660 6706 6661
f 6704 6659 6701
f 6701 6659 6663
f 6661 6706 6665
f 6665 6706 6707
f 6708 6702 6664
f 6664 6702 6662
f 6612 6615 6667
f 6667 6615 6657
f 6666 6709 6664
f 6664 6709 6708
f 6629 6710 6669
f 6669 6710 6670
f 6668 6711 6679
f 6679 6711 6712
f 6713 6672 6710
f 6710 6672 6670
f 6714 6671 6705
f 6705 6671 6673
f 6628 6631 6674
f 6674 6631 6675
f 6705 6673 6709
f 6709 6673 6677
f 6631 6630 6675
f 6675 6630 6678
f 6712 6708 6679
f 6679 6708 6676
f 6625 6715 6682
f 6682 6715 6683
f 6716 6717 6681
f 6681 6717 6691
f 6718 6684 6715
f 6715 6684 6683
f 6719 6680 6714
f 6714 6680 6685
f 6624 6627 6686
f 6686 6627 6687
f 6689 6711 6685
f 6685 6711 6714
f 6627 6626 6687
f 6687 6626 6690
f 6717 6712 6691
f 6691 6712 6688
f 6612 6707 6613
f 6613 6707 6706
f 6616 6696 6617
f 6617 6696 6694
f 6703 6700 6620
f 6620 6700 6621
f 6715 6625 6718
f 6718 6625 6624
f 6710 6629 6713
f 6713 6629 6628
f 6639 6635 6636
f 6636 6635 6634
f 6641 6640 6642
f 6642 6640 6643
f 6654 6655 6644
f 6644 6655 6645
f 6651 6650 6648
f 6648 6650 6649
f 6659 6658 6663
f 6663 6658 6660
f 6665 6667 6664
f 6664 6667 6666
f 6678 6669 6679
f 6679 6669 6668
f 6673 6672 6677
f 6677 6672 6674
f 6690 6682 6691
f 6691 6682 6681
f 6685 6684 6689
f 6689 6684 6686
f 6636 6634 6617
f 6617 6634 6618
f 6638 6698 6639
f 6639 6698 6695
f 6640 6696 6643
f 6643 6696 6616
f 6693 6699 6632
f 6632 6699 6642
f 6655 6622 6645
f 6645 6622 6621
f 6704 6701 6647
f 6647 6701 6644
f 6651 6648 6620
f 6620 6648 6703
f 6650 6653 6699
f 6699 6653 6697
f 6613 6660 6614
f 6614 6660 6658
f 6663 6662 6701
f 6701 6662 6702
f 6665 6707 6667
f 6667 6707 6612
f 6705 6709 6656
f 6656 6709 6666
f 6630 6629 6678
f 6678 6629 6669
f 6714 6711 6671
f 6671 6711 6668
f 6672 6713 6674
f 6674 6713 6628
f 6677 6676 6709
f 6709 6676 6708
f 6626 6625 6690
f 6690 6625 6682
f 6680 6719 6681
f 6681 6719 6716
f 6684 6718 6686
f 6686 6718 6624
f 6711 6689 6712
f 6689 6688 6712
f 6593 6720 6594
f 6594 6720 6721
f 6722 6720 4607
f 4607 6720 4849
f 6592 6723 6722
f 6722 6723 6724
f 4610 4609 6578
f 6578 4609 6575
f 6596 6595 6580
f 6580 6595 6579
f 4618 4617 6584
f 6584 4617 6581
f 6589 6585 6586
f 6586 6585 6606
f 4622 4619 6588
f 6588 4619 6589
f 4622 6588 4623
f 4623 6588 6590
f 4609 4645 6575
f 6575 4645 6593
f 4617 4612 6581
f 6581 4612 6579
f 5004 4610 6597
f 6597 4610 6578
f 4645 4849 6593
f 6593 4849 6720
f 6724 6721 6722
f 6722 6721 6720
f 6722 4607 6592
f 6592 4607 4606
f 6725 6610 6721
f 6721 6610 6594
f 6723 6726 6724
f 6724 6726 6727
f 6727 6725 6724
f 6724 6725 6721
f 6728 6729 6605
f 6605 6729 6608
f 6605 6607 6728
f 6728 6607 6730
f 6731 6732 6604
f 6604 6732 6603
f 6733 6734 6725
f 6725 6734 6610
f 6735 6733 6727
f 6727 6733 6725
f 6735 6727 6736
f 6736 6727 6726
f 6591 6609 6723
f 6723 6609 6726
f 6723 6592 6591
f 6591 6592 6590
f 6738 6739 6737
f 6737 6739 6740
f 6740 6739 6742
f 6742 6739 6741
f 6743 6744 6741
f 6741 6744 6742
f 6745 6746 6743
f 6743 6746 6744
f 6747 6748 6745
f 6745 6748 6746
f 6749 6750 6747
f 6747 6750 6748
f 6752 6738 6751
f 6751 6738 6737
f 6754 6752 6753
f 6753 6752 6751
f 6756 6754 6755
f 6755 6754 6753
f 6758 6750 6757
f 6757 6750 6749
f 6760 6756 6759
f 6759 6756 6755
f 6762 6760 6761
f 6761 6760 6759
f 6764 6762 6763
f 6763 6762 6761
f 6757 6764 6758
f 6758 6764 6763
f 6766 6741 6765
f 6765 6741 6739
f 6767 6743 6766
f 6766 6743 6741
f 6768 6745 6767
f 6767 6745 6743
f 6769 6747 6768
f 6768 6747 6745
f 6770 6749 6769
f 6769 6749 6747
f 6772 6769 6771
f 6771 6769 6768
f 6773 6770 6772
f 6772 6770 6769
f 6774 6775 6772
f 6772 6775 6773
f 6777 6778 6776
f 6776 6778 6779
f 6775 6774 6778
f 6778 6774 6779
f 6771 6780 6772
f 6772 6780 6774
f 6780 6781 6774
f 6774 6781 6779
f 6781 6782 6779
f 6779 6782 6776
f 6784 6785 6783
f 6783 6785 6786
f 6786 6787 6783
f 6783 6787 6788
f 6790 6788 6789
f 6789 6788 6787
f 6786 6785 6791
f 6791 6785 6792
f 6791 6793 6786
f 6786 6793 6787
f 6793 6794 6787
f 6787 6794 6789
f 6795 6796 6794
f 6794 6796 6789
f 6790 6789 6797
f 6797 6789 6796
f 6798 6765 6738
f 6738 6765 6739
f 6799 6798 6752
f 6752 6798 6738
f 6767 6800 6768
f 6768 6800 6771
f 6766 6801 6767
f 6767 6801 6800
f 6802 6801 6765
f 6765 6801 6766
f 6798 6803 6765
f 6765 6803 6802
f 6804 6803 6799
f 6799 6803 6798
f 6805 6806 6804
f 6804 6806 6803
f 6807 6799 6754
f 6754 6799 6752
f 6808 6804 6807
f 6807 6804 6799
f 6809 6805 6808
f 6808 6805 6804
f 6810 6811 6805
f 6805 6811 6806
f 6812 6813 6810
f 6810 6813 6811
f 6814 6815 6796
f 6796 6815 6797
f 6813 6814 6816
f 6816 6814 6817
f 6816 6818 6813
f 6813 6818 6811
f 6819 6806 6818
f 6818 6806 6811
f 6802 6803 6819
f 6819 6803 6806
f 6757 6749 6820
f 6820 6749 6770
f 6820 6770 6821
f 6821 6770 6773
f 6821 6773 6822
f 6822 6773 6775
f 6822 6775 6823
f 6823 6775 6778
f 6824 6823 6777
f 6777 6823 6778
f 6784 6825 6777
f 6777 6825 6824
f 6826 6827 6788
f 6788 6827 6783
f 6828 6826 6790
f 6790 6826 6788
f 6829 6828 6797
f 6797 6828 6790
f 6815 6830 6797
f 6797 6830 6829
f 6832 6812 6831
f 6831 6812 6810
f 6831 6810 6809
f 6809 6810 6805
f 6736 6800 6735
f 6735 6800 6801
f 6733 6735 6802
f 6802 6735 6801
f 6734 6733 6819
f 6819 6733 6802
f 6833 6734 6818
f 6818 6734 6819
f 6834 6833 6816
f 6816 6833 6818
f 6816 6817 6834
f 6834 6817 6835
f 6837 6795 6836
f 6836 6795 6794
f 6836 6794 6731
f 6731 6794 6793
f 6732 6731 6791
f 6791 6731 6793
f 6791 6792 6732
f 6732 6792 6730
f 6729 6728 6781
f 6781 6728 6782
f 6838 6807 6756
f 6756 6807 6754
f 6839 6838 6760
f 6760 6838 6756
f 6840 6839 6762
f 6762 6839 6760
f 6841 6840 6764
f 6764 6840 6762
f 6820 6841 6757
f 6757 6841 6764
f 6841 6820 6842
f 6842 6820 6821
f 6840 6841 6843
f 6843 6841 6842
f 6839 6840 6844
f 6844 6840 6843
f 6838 6839 6845
f 6845 6839 6844
f 6807 6838 6808
f 6808 6838 6845
f 6842 6821 6846
f 6846 6821 6822
f 6843 6842 6847
f 6847 6842 6846
f 6844 6843 6848
f 6848 6843 6847
f 6845 6844 6849
f 6849 6844 6848
f 6808 6845 6809
f 6809 6845 6849
f 6850 6831 6849
f 6849 6831 6809
f 6851 6850 6848
f 6848 6850 6849
f 6847 6852 6848
f 6848 6852 6851
f 6853 6852 6846
f 6846 6852 6847
f 6846 6822 6853
f 6853 6822 6823
f 6853 6823 6854
f 6854 6823 6824
f 6854 6855 6853
f 6853 6855 6852
f 6856 6851 6855
f 6855 6851 6852
f 6856 6857 6851
f 6851 6857 6850
f 6857 6832 6850
f 6850 6832 6831
f 6825 6858 6824
f 6824 6858 6854
f 6860 6827 6859
f 6859 6827 6826
f 6859 6826 6861
f 6861 6826 6828
f 6862 6861 6829
f 6829 6861 6828
f 6830 6863 6829
f 6829 6863 6862
f 6863 6864 6862
f 6862 6864 6865
f 6858 6866 6854
f 6854 6866 6855
f 6867 6865 6866
f 6866 6865 6864
f 6869 6859 6868
f 6868 6859 6861
f 6867 6869 6865
f 6865 6869 6868
f 6861 6862 6868
f 6868 6862 6865
f 6867 6860 6869
f 6869 6860 6859
f 6753 6751 6698
f 6698 6751 6695
f 6697 6755 6698
f 6698 6755 6753
f 6759 6755 6702
f 6702 6755 6697
f 6761 6759 6708
f 6708 6759 6702
f 6763 6761 6712
f 6712 6761 6708
f 6758 6763 6717
f 6717 6763 6712
f 6750 6758 6716
f 6716 6758 6717
f 6719 6748 6716
f 6716 6748 6750
f 6714 6746 6719
f 6719 6746 6748
f 6705 6744 6714
f 6714 6744 6746
f 6704 6742 6705
f 6705 6742 6744
f 6740 6742 6693
f 6693 6742 6704
f 6737 6740 6692
f 6692 6740 6693
f 6751 6737 6695
f 6695 6737 6692
f 6601 6602 6836
f 6836 6602 6837
f 6604 6601 6731
f 6731 6601 6836
f 6599 6600 6834
f 6834 6600 6833
f 6834 6835 6599
f 6599 6835 6611
f 6600 6610 6833
f 6833 6610 6734
f 6780 6771 6870
f 6870 6771 6736
f 6736 6771 6800
f 6870 6729 6780
f 6780 6729 6781
f 6608 6729 6609
f 6609 6729 6870
f 6609 6870 6726
f 6726 6870 6736
f 5014 5015 5229
f 5229 5015 5230
f 4258 5015 4259
f 4259 5015 4878
f 3471 3013 4703
f 4703 3013 4704
f 2879 6337 1306
f 1306 6337 4785
f 829 3471 4316
f 4316 3471 4703
f 4702 3472 5223
f 5223 3472 1756
f 6871 6872 4534
f 4534 6872 4535
f 6871 4665 6872
f 6872 4665 4844
f 6871 6873 4665
f 4665 6873 4559
f 6871 4534 6873
f 6873 4534 4542
f 4153 4152 4822
f 4822 4152 4407
f 4152 4168 4407
f 4407 4168 4342
f 4343 4168 4923
f 4923 4168 4167
f 4363 4362 4972
f 4972 4362 4840
f 4362 4394 4840
f 4840 4394 4839
f 4401 4400 4986
f 4986 4400 4984
f 4435 4434 4841
f 4841 4434 4842
f 4506 4505 4530
f 4530 4505 4531
f 4506 4535 4507
f 4507 4535 4843
f 4661 4660 4516
f 4516 4660 4517
f 4673 4672 4937
f 4937 4672 6547
f 4400 4924 4984
f 4984 4924 5263
f 4673 4660 4674
f 4674 4660 4659
f 4505 4661 4531
f 4531 4661 4516
f 4952 4401 6874
f 6874 4401 4986
f 4954 4153 6875
f 6875 4153 4822
f 4363 4973 4364
f 4364 4973 4974
f 5264 4924 5267
f 5267 4924 4691
f 6293 6292 6876
f 6876 6292 6877
f 6380 4343 6387
f 6387 4343 4923
f 4394 4435 4839
f 4839 4435 4841
f 4672 4434 6547
f 6547 4434 4433
f 4973 6556 4974
f 4974 6556 6878
f 6567 6380 6574
f 6574 6380 6387
f 6292 4954 6877
f 6877 4954 6875
f 6567 5264 6568
f 6568 5264 5267
f 4145 4144 4154
f 4154 4144 4151
f 4194 4144 4425
f 4425 4144 4143
f 4355 4354 5263
f 5263 4354 4984
f 4360 4359 4364
f 4364 4359 4361
f 4444 4359 4392
f 4392 4359 4337
f 4447 4446 4432
f 4432 4446 4433
f 4464 4463 6547
f 6547 4463 4937
f 4519 4518 4654
f 4654 4518 4509
f 4533 4532 4499
f 4499 4532 4498
f 4533 4542 4530
f 4530 4542 4534
f 4519 4532 4516
f 4516 4532 4531
f 4922 4194 4426
f 4426 4194 4425
f 4463 4518 4937
f 4937 4518 4517
f 6555 4951 6874
f 6874 4951 6878
f 4958 4957 6290
f 6290 4957 6291
f 4334 4360 4712
f 4712 4360 4950
f 4985 4354 4419
f 4419 4354 4353
f 5262 4355 5265
f 5265 4355 5263
f 6294 4958 4804
f 4804 4958 6290
f 6386 4922 6384
f 6384 4922 4426
f 4444 4447 4393
f 4393 4447 4432
f 4464 4446 4465
f 4465 4446 4445
f 4985 6555 4986
f 4986 6555 6874
f 6573 6386 6571
f 6571 6386 6384
f 4145 6294 4146
f 4146 6294 4804
f 6573 5262 6574
f 6574 5262 5265
f 4542 4541 6873
f 6873 4541 4559
f 4535 6872 4843
f 4843 6872 4844
f 4104 4103 6879
f 6879 4103 6343
f 4105 6293 6307
f 6307 6293 6876
f 4104 4956 4105
f 4105 4956 6293
f 4956 4104 4957
f 4957 4104 6879
f 4957 6879 6291
f 6291 6879 6309
f 4648 4988 4649
f 4649 4988 4953
f 4802 4803 4928
f 4928 4803 6550
f 6550 4803 6555
f 6555 4803 4951
f 1516 3173 4987
f 4987 3173 5006
f 6519 6518 6558
f 6558 6518 6510
f 6527 6519 6559
f 6559 6519 6558
f 6528 6560 6529
f 6529 6560 6541
f 6548 4625 6549
f 6549 4625 4624
f 6551 6552 4746
f 4746 6552 6505
f 6553 4711 6554
f 6554 4711 4710
f 4802 6551 4713
f 4713 6551 4746
f 6556 4973 4649
f 4649 4973 4646
f 6557 4949 6548
f 6548 4949 4625
f 4648 4647 6553
f 6553 4647 4711
f 6549 4624 4987
f 4987 4624 4838
f 6552 6518 6505
f 6505 6518 6507
f 6561 4372 6529
f 6529 4372 6514
f 6562 4369 6561
f 6561 4369 4372
f 3142 3482 6562
f 6562 3482 4369
f 6556 4952 6878
f 6878 4952 6874
f 4951 4950 6878
f 6878 4950 4974
f 3168 440 3952
f 4204 4203 5341
f 5341 4203 6364
f 4219 4222 6429
f 6429 4222 4383
f 4319 4322 6506
f 6506 4322 4747
f 4340 4714 4341
f 4341 4714 4384
f 4375 4377 6388
f 6388 4377 6546
f 4378 4381 6311
f 6311 4381 4720
f 4449 4341 4387
f 4387 4341 4384
f 4473 4472 4477
f 4477 4472 4474
f 4492 4491 4487
f 4487 4491 4488
f 4523 4491 4522
f 4522 4491 4490
f 4492 4538 4493
f 4493 4538 4555
f 4538 4553 4555
f 4555 4553 4556
f 4620 4615 4621
f 4621 4615 4618
f 4652 4651 4368
f 4368 4651 4365
f 4523 4655 4524
f 4524 4655 4656
f 4553 4667 4556
f 4556 4667 4571
f 4651 1210 4365
f 4365 1210 1209
f 4698 4697 5223
f 5223 4697 6344
f 4340 4339 4322
f 4322 4339 4747
f 4726 4729 5287
f 5287 4729 4198
f 4381 4380 4737
f 4737 4380 6368
f 4836 4835 4451
f 4451 4835 4709
f 4910 6367 4911
f 4911 6367 6366
f 4912 4915 6450
f 6450 4915 6449
f 4927 4836 4450
f 4450 4836 4451
f 4930 4929 4439
f 4439 4929 4436
f 4936 4935 4459
f 4459 4935 4456
f 4473 4655 4470
f 4470 4655 4510
f 4942 4583 4943
f 4943 4583 4572
f 4948 4601 4947
f 4947 4601 4584
f 4949 4835 4625
f 4625 4835 4626
f 4966 4969 6289
f 6289 4969 4695
f 4971 4652 4926
f 4926 4652 4368
f 4203 4977 6364
f 6364 4977 6365
f 4990 4989 4443
f 4443 4989 4440
f 4990 4991 4478
f 4478 4991 4512
f 4992 4991 4528
f 4528 4991 4515
f 4992 4993 4527
f 4527 4993 4485
f 4994 4993 4502
f 4502 4993 4503
f 4994 4995 4482
f 4482 4995 4550
f 4543 4996 4544
f 4544 4996 4995
f 4999 4998 4567
f 4567 4998 4578
f 5000 4998 4575
f 4575 4998 4997
f 5002 5001 4592
f 4592 5001 4574
f 5003 5004 4614
f 4614 5004 4611
f 3483 4215 1755
f 1755 4215 4698
f 5274 5277 4195
f 4195 5277 4223
f 4726 5295 4727
f 4727 5295 6350
f 5309 5342 5310
f 5310 5342 6363
f 5315 5314 5316
f 5316 5314 5317
f 5339 6362 5340
f 5340 6362 5363
f 5310 6363 5339
f 5339 6363 6362
f 4204 5309 4201
f 4201 5309 5308
f 4915 5345 6449
f 6449 5345 6448
f 5345 5315 6448
f 6448 5315 5316
f 5348 5347 6351
f 6351 5347 6352
f 5365 4263 5340
f 5340 4263 4262
f 6295 6298 4733
f 4733 6298 4734
f 4969 6306 4695
f 4695 6306 4696
f 6306 4378 4696
f 4696 4378 6311
f 6369 6372 6544
f 6544 6372 6545
f 4375 6390 4373
f 4373 6390 4374
f 6421 6422 4911
f 4911 6422 4908
f 4910 4909 4737
f 4737 4909 4736
f 5277 4219 4223
f 4223 4219 6429
f 4697 4222 6344
f 6344 4222 4221
f 6436 6361 6437
f 6437 6361 6360
f 6438 6440 6437
f 6437 6440 6434
f 6438 6359 6441
f 6441 6359 6358
f 6442 6441 6357
f 6357 6441 6358
f 6442 6444 6443
f 6443 6444 6445
f 6446 6444 6355
f 6355 6444 6356
f 6446 4912 6447
f 6447 4912 6450
f 6436 6435 5365
f 5365 6435 4263
f 5314 5347 5317
f 5317 5347 5346
f 4319 6512 4320
f 4320 6512 6513
f 6520 6512 6521
f 6521 6512 6508
f 6528 6520 6527
f 6527 6520 6521
f 6532 6539 6533
f 6533 6539 6535
f 6533 6535 6537
f 6537 6535 6534
f 6538 6543 6537
f 6537 6543 6536
f 6295 4377 6296
f 6296 4377 4376
f 4989 4930 4440
f 4440 4930 4439
f 4927 4929 4422
f 4422 4929 4455
f 4449 4936 4388
f 4388 4936 4459
f 4472 4935 4474
f 4474 4935 4932
f 4942 4940 4947
f 4947 4940 4939
f 5001 5000 4574
f 4574 5000 4575
f 4669 4943 4666
f 4666 4943 4667
f 4996 4999 4547
f 4547 4999 4567
f 4948 4946 4620
f 4620 4946 4615
f 5003 5002 4591
f 4591 5002 4592
f 6557 4971 6554
f 6554 4971 4926
f 6532 6560 6539
f 6539 6560 6559
f 6390 6372 4374
f 4374 6372 6371
f 4966 6298 4967
f 4967 6298 6297
f 6538 6526 6369
f 6369 6526 6370
f 6585 6589 4621
f 4621 6589 4619
f 6597 6578 6598
f 6598 6578 6577
f 6606 6583 6607
f 6607 6583 6603
f 6611 6602 6598
f 6598 6602 6596
f 6585 6584 6606
f 6606 6584 6583
f 6597 6580 5004
f 5004 6580 4611
f 6607 6603 6730
f 6730 6603 6732
f 6776 6785 6777
f 6777 6785 6784
f 6785 6776 6792
f 6792 6776 6782
f 6815 6814 6812
f 6812 6814 6813
f 6817 6814 6795
f 6795 6814 6796
f 6825 6784 6827
f 6827 6784 6783
f 6830 6815 6832
f 6832 6815 6812
f 6817 6795 6835
f 6835 6795 6837
f 6792 6782 6730
f 6730 6782 6728
f 6858 6825 6860
f 6860 6825 6827
f 6863 6830 6857
f 6857 6830 6832
f 6864 6863 6856
f 6856 6863 6857
f 6866 6858 6867
f 6867 6858 6860
f 6866 6864 6855
f 6855 6864 6856
f 6835 6837 6611
f 6611 6837 6602
f 6560 6528 6559
f 6559 6528 6527
f 4949 6557 4710
f 4710 6557 6554
f 4430 4090 4175
f 4175 4090 4089
f 4777 4113 4155
f 4155 4113 4086
f 4175 4089 4176
f 4176 4089 4142
f 4199 4271 4200
f 4200 4271 4798
f 4199 4095 4272
f 4272 4095 5273
f 4406 4405 4404
f 4404 4405 4346
f 4410 4409 6877
f 6877 4409 6876
f 4409 4413 6876
f 6876 4413 6307
f 4415 4148 4416
f 4416 4148 4147
f 4690 4405 4344
f 4344 4405 4342
f 4693 4692 4352
f 4352 4692 4349
f 4701 4700 6337
f 6337 4700 6338
f 4778 4777 4081
f 4081 4777 4155
f 4821 4406 4809
f 4809 4406 4404
f 4176 4142 4181
f 4181 4142 4415
f 4760 4970 4399
f 4399 4970 4692
f 4200 5007 4096
f 4096 5007 4078
f 5266 4693 5269
f 5269 4693 4352
f 5270 5007 5361
f 5361 5007 4797
f 4778 5270 4779
f 4779 5270 5361
f 6285 4410 6875
f 6875 4410 6877
f 6308 4413 4687
f 4687 4413 4412
f 6480 6320 6481
f 6481 6320 6880
f 4701 2878 4702
f 4702 2878 3472
f 6339 6347 6340
f 6340 6347 6348
f 6341 6342 6346
f 6346 6342 6345
f 4416 6308 4414
f 4414 6308 4687
f 6385 4690 6381
f 6381 4690 4344
f 5282 6341 5280
f 5280 6341 6339
f 4700 6342 6338
f 6338 6342 5281
f 6340 6348 4272
f 4272 6348 4270
f 6480 6479 4828
f 4828 6479 4829
f 6490 6479 6489
f 6489 6479 6478
f 4090 4430 6490
f 6490 4430 4429
f 6563 6564 4970
f 4970 6564 4815
f 4694 6566 4366
f 4366 6566 6563
f 6572 6385 6568
f 6568 6385 6381
f 4821 6285 4822
f 4822 6285 6875
f 6572 5266 6569
f 6569 5266 5269
f 3482 3103 4369
f 4369 3103 4370
f 3121 4730 3485
f 3485 4730 4327
f 6277 6280 6273
f 6273 6280 6272
f 6267 6276 6278
f 6278 6276 6279
f 6278 6279 6277
f 6277 6279 6280
f 6279 6256 6280
f 6280 6256 6255
f 6256 3857 6255
f 6255 3857 3754
f 3857 3856 3754
f 3754 3856 3755
f 3856 3703 3755
f 3755 3703 3863
f 3703 3702 3863
f 3863 3702 3759
f 3702 3706 3759
f 3759 3706 3670
f 3706 3705 3670
f 3670 3705 3668
f 3705 3773 3668
f 3668 3773 3882
f 3882 3773 3883
f 3883 3773 3707
f 3707 3708 3883
f 3883 3708 3880
f 3708 3710 3880
f 3880 3710 3881
f 3709 5241 3710
f 3710 5241 3881
f 5241 3709 5234
f 5234 3709 3786
f 3693 3712 3786
f 3786 3712 5234
f 4051 4055 4052
f 4052 4055 4056
f 4056 4055 4057
f 4057 4055 4054
f 4066 5238 5236
f 5236 5238 3989
f 4066 4069 5238
f 5238 4069 4035
f 6881 3962 3960
f 3960 3962 3957
f 6883 4070 6882
f 6882 4070 3941
f 4070 6883 4071
f 4071 6883 6884
f 4071 6884 4072
f 4072 6884 6885
f 6885 6886 4072
f 4072 6886 4031
f 3955 6881 3956
f 3956 6881 3960
f 6884 3991 6885
f 6885 3991 3990
f 6883 6887 6884
f 6884 6887 3991
f 6887 6888 3991
f 3991 6888 3992
f 6888 6887 6889
f 6889 6887 6890
f 6887 6883 6890
f 6890 6883 6882
f 4058 5240 3953
f 3953 5240 3954
f 5236 6888 5239
f 5239 6888 6889
f 5237 6886 3990
f 3990 6886 6885
f 4034 4031 5237
f 5237 4031 6886
f 6881 6882 3962
f 3962 6882 3941
f 6881 3955 6882
f 6882 3955 6890
f 3955 3954 6890
f 6890 3954 6889
f 5239 6889 5240
f 5240 6889 3954
f 6888 5236 3992
f 3992 5236 3989
f 3869 3868 3888
f 3888 3868 4015
f 3868 4012 4015
f 4015 4012 4010
f 4012 4022 4010
f 4010 4022 4009
f 4022 4021 4009
f 4009 4021 4018
f 4020 3974 4001
f 4001 3974 3996
f 4021 4020 4029
f 4029 4020 4001
f 4085 4156 4086
f 4086 4156 4155
f 4113 4777 4114
f 4114 4777 4776
f 4130 4129 4094
f 4094 4129 4091
f 4139 4773 4140
f 4140 4773 4772
f 4149 4178 4150
f 4150 4178 5225
f 4160 4159 4087
f 4087 4159 4088
f 4149 4148 4179
f 4179 4148 4141
f 4085 4084 4183
f 4183 4084 6315
f 4179 4141 4159
f 4159 4141 4088
f 4192 4130 4162
f 4162 4130 4094
f 4197 5288 4198
f 4198 5288 5287
f 4229 4766 4230
f 4230 4766 4771
f 4245 4246 4242
f 4242 4246 4249
f 4183 6315 4418
f 4418 6315 6314
f 4679 4178 4680
f 4680 4178 4177
f 4724 4798 4725
f 4725 4798 4271
f 4728 5275 4729
f 4729 5275 5274
f 4230 4771 4249
f 4249 4771 4242
f 4724 4723 4799
f 4799 4723 5355
f 4823 4824 4891
f 4891 4824 6327
f 4823 4192 4161
f 4161 4192 4162
f 4893 4767 4229
f 4229 4767 4766
f 4894 4895 4898
f 4898 4895 4899
f 4106 4150 4103
f 4103 4150 5225
f 4680 4894 4677
f 4677 4894 4898
f 6420 4977 5301
f 5301 4977 4976
f 4679 4678 5226
f 5226 4678 4427
f 5228 5008 4893
f 4893 5008 4767
f 5285 6354 5286
f 5286 6354 5343
f 5289 5352 5290
f 5290 5352 5349
f 5290 5349 5295
f 5295 5349 5348
f 5302 5299 4202
f 4202 5299 4976
f 4725 4271 5311
f 5311 4271 4270
f 5325 4723 5326
f 5326 4723 4722
f 5335 5355 5325
f 5325 5355 4723
f 5326 4722 5286
f 5286 4722 5283
f 4799 5357 4797
f 4797 5357 5361
f 5359 5356 5335
f 5335 5356 5355
f 4775 4774 5356
f 5356 4774 5357
f 5359 5358 4092
f 4092 5358 4093
f 6316 4740 6317
f 6317 4740 4739
f 6318 4827 6316
f 6316 4827 4740
f 6319 4828 6318
f 6318 4828 4827
f 6320 6480 6319
f 6319 6480 4828
f 6484 6322 6485
f 6485 6322 6321
f 6487 6324 6331
f 6331 6324 6323
f 6331 6323 6330
f 6330 6323 6325
f 6325 6326 6330
f 6330 6326 6329
f 6326 6328 6329
f 6329 6328 5231
f 4824 4685 5228
f 5228 4685 5008
f 5226 6343 5225
f 5225 6343 4103
f 4728 4727 6349
f 6349 4727 5284
f 6350 6351 5285
f 5285 6351 6354
f 4247 4246 6418
f 6418 4246 6365
f 6400 6402 6401
f 6401 6402 6459
f 4197 4196 6409
f 6409 4196 6426
f 6412 4897 6328
f 6328 4897 5231
f 6413 4133 6412
f 6412 4133 4897
f 6414 4134 6413
f 6413 4134 4133
f 6415 4225 6414
f 6414 4225 4134
f 6416 4252 6415
f 6415 4252 4225
f 6417 4253 6416
f 6416 4253 4252
f 4253 6417 6366
f 6366 6417 6419
f 6366 6419 4911
f 4911 6419 6421
f 6422 6423 4908
f 4908 6423 5298
f 5298 6423 6396
f 6396 6423 6424
f 6409 6426 6425
f 6425 6426 6397
f 5300 5299 6399
f 6399 5299 6400
f 6465 6408 6401
f 6401 6408 6398
f 6424 6399 6425
f 6425 6399 6398
f 6349 5284 5311
f 5311 5284 5283
f 6465 6464 5289
f 5289 6464 5352
f 6488 6483 6492
f 6492 6483 6482
f 6486 6491 6482
f 6482 6491 6492
f 6491 4895 6492
f 6492 4895 4157
f 6488 4160 6489
f 6489 4160 4087
f 6501 6502 4418
f 4418 6502 4417
f 6504 6500 6317
f 6317 6500 6314
f 3497 3496 6501
f 6501 3496 6502
f 3499 3498 6504
f 6504 3498 6500
f 4729 5274 4198
f 4198 5274 4195
f 6418 6365 6420
f 6420 6365 4977
f 5295 5348 6350
f 6350 5348 6351
f 5301 6422 6420
f 6420 6422 6421
f 4113 4112 4086
f 4086 4112 4083
f 6320 4112 6880
f 6880 4112 4111
f 4091 4772 4092
f 4092 4772 4775
f 4129 4140 4091
f 4091 4140 4772
f 4137 4140 4128
f 4128 4140 4129
f 4128 6324 4137
f 4137 6324 6321
f 6324 6487 6321
f 6321 6487 6485
f 6487 6486 6485
f 6485 6486 6482
f 4774 4773 4779
f 4779 4773 4776
f 4773 4139 4776
f 4776 4139 4114
f 4139 4138 4114
f 4114 4138 4111
f 4138 6322 4111
f 4111 6322 6880
f 6322 6484 6880
f 6880 6484 6481
f 6484 6483 6481
f 6481 6483 6478
f 6879 6343 6309
f 6309 6343 4428
f 4106 4105 4900
f 4900 4105 6307
f 3500 3167 6495
f 6495 3167 6496
f 3500 6495 3070
f 3070 6495 5368
f 3502 5235 3501
f 3501 5235 4813
f 3024 3503 6473
f 6473 3503 6474
f 3503 3023 6474
f 6474 3023 6374
f 3504 1770 4348
f 4348 1770 4345
f 3502 3505 5235
f 5235 3505 4810
f 3498 3497 6500
f 6500 3497 6501
f 3496 3075 6502
f 6502 3075 6275
f 6299 4254 3174
f 3174 4254 3017
f 1769 3501 4814
f 4814 3501 4813
f 3506 3018 6476
f 6476 3018 4257
f 3507 3499 6499
f 6499 3499 6504
f 3030 4216 3483
f 3483 4216 4215
f 3077 3507 6333
f 6333 3507 6499
f 1784 3160 5249
f 5249 3160 6523
f 3015 3506 4240
f 4240 3506 6476
f 3508 3504 6383
f 6383 3504 4348
f 3509 3016 6477
f 6477 3016 4239
f 3028 3509 6467
f 6467 3509 6477
f 3022 1785 5246
f 5246 1785 5247
f 3161 3508 6570
f 6570 3508 6383
f 3150 3149 4694
f 4694 3149 6566
f 1327 4807 3510
f 3510 4807 4811
f 3510 4811 3505
f 3505 4811 4810
f 3146 3511 4816
f 4816 3511 4350
f 3511 1808 4350
f 4350 1808 4351
f 3485 4327 3159
f 3159 4327 4330
f 1326 3512 4806
f 4806 3512 6310
f 3512 1331 6310
f 6310 1331 4688

